group,sensitivity,group_type,boot_id
Mexican American,0.445,race,2001
Non-Hispanic Asian,0.30864197530864196,race,2001
Non-Hispanic Black,0.5697674418604651,race,2001
Non-Hispanic White,0.5510204081632653,race,2001
Other Hispanic,0.5985915492957746,race,2001
Other Race - Including Multi-Racial,0.5873015873015873,race,2001
Above 4x poverty line,0.27044025157232704,income,2001
Below poverty line,0.6108108108108108,income,2001
Middle (2-4x),0.5054054054054054,income,2001
Near poverty (1-2x),0.5833333333333334,income,2001
Mexican American,0.455,race,2002
Non-Hispanic Asian,0.38271604938271603,race,2002
Non-Hispanic Black,0.5542635658914729,race,2002
Non-Hispanic White,0.5602968460111317,race,2002
Other Hispanic,0.5352112676056338,race,2002
Other Race - Including Multi-Racial,0.5873015873015873,race,2002
Above 4x poverty line,0.34545454545454546,income,2002
Below poverty line,0.6017699115044248,income,2002
Middle (2-4x),0.49748743718592964,income,2002
Near poverty (1-2x),0.5800524934383202,income,2002
Mexican American,0.53,race,2003
Non-Hispanic Asian,0.24691358024691357,race,2003
Non-Hispanic Black,0.5736434108527132,race,2003
Non-Hispanic White,0.5380333951762524,race,2003
Other Hispanic,0.5070422535211268,race,2003
Other Race - Including Multi-Racial,0.5555555555555556,race,2003
Above 4x poverty line,0.36,income,2003
Below poverty line,0.6177285318559557,income,2003
Middle (2-4x),0.48739495798319327,income,2003
Near poverty (1-2x),0.541025641025641,income,2003
Mexican American,0.435,race,2004
Non-Hispanic Asian,0.38271604938271603,race,2004
Non-Hispanic Black,0.5736434108527132,race,2004
Non-Hispanic White,0.5473098330241187,race,2004
Other Hispanic,0.5985915492957746,race,2004
Other Race - Including Multi-Racial,0.47619047619047616,race,2004
Above 4x poverty line,0.33548387096774196,income,2004
Below poverty line,0.6068376068376068,income,2004
Middle (2-4x),0.47029702970297027,income,2004
Near poverty (1-2x),0.5924932975871313,income,2004
Mexican American,0.445,race,2005
Non-Hispanic Asian,0.35802469135802467,race,2005
Non-Hispanic Black,0.5736434108527132,race,2005
Non-Hispanic White,0.5547309833024119,race,2005
Other Hispanic,0.4647887323943662,race,2005
Other Race - Including Multi-Racial,0.5396825396825397,race,2005
Above 4x poverty line,0.3333333333333333,income,2005
Below poverty line,0.6174698795180723,income,2005
Middle (2-4x),0.49271844660194175,income,2005
Near poverty (1-2x),0.5352480417754569,income,2005
Mexican American,0.4,race,2006
Non-Hispanic Asian,0.2962962962962963,race,2006
Non-Hispanic Black,0.5077519379844961,race,2006
Non-Hispanic White,0.5473098330241187,race,2006
Other Hispanic,0.5633802816901409,race,2006
Other Race - Including Multi-Racial,0.6349206349206349,race,2006
Above 4x poverty line,0.2967032967032967,income,2006
Below poverty line,0.5782122905027933,income,2006
Middle (2-4x),0.46685082872928174,income,2006
Near poverty (1-2x),0.5774278215223098,income,2006
Mexican American,0.46,race,2007
Non-Hispanic Asian,0.3950617283950617,race,2007
Non-Hispanic Black,0.5581395348837209,race,2007
Non-Hispanic White,0.5380333951762524,race,2007
Other Hispanic,0.5140845070422535,race,2007
Other Race - Including Multi-Racial,0.5238095238095238,race,2007
Above 4x poverty line,0.3386243386243386,income,2007
Below poverty line,0.6167146974063401,income,2007
Middle (2-4x),0.4450402144772118,income,2007
Near poverty (1-2x),0.5882352941176471,income,2007
Mexican American,0.465,race,2008
Non-Hispanic Asian,0.30864197530864196,race,2008
Non-Hispanic Black,0.5852713178294574,race,2008
Non-Hispanic White,0.5825602968460112,race,2008
Other Hispanic,0.5915492957746479,race,2008
Other Race - Including Multi-Racial,0.5873015873015873,race,2008
Above 4x poverty line,0.3657142857142857,income,2008
Below poverty line,0.6246498599439776,income,2008
Middle (2-4x),0.5167958656330749,income,2008
Near poverty (1-2x),0.5961538461538461,income,2008
Mexican American,0.45,race,2009
Non-Hispanic Asian,0.32098765432098764,race,2009
Non-Hispanic Black,0.5465116279069767,race,2009
Non-Hispanic White,0.5306122448979592,race,2009
Other Hispanic,0.5563380281690141,race,2009
Other Race - Including Multi-Racial,0.5396825396825397,race,2009
Above 4x poverty line,0.3192771084337349,income,2009
Below poverty line,0.5580736543909348,income,2009
Middle (2-4x),0.47848101265822784,income,2009
Near poverty (1-2x),0.5880758807588076,income,2009
Mexican American,0.43,race,2010
Non-Hispanic Asian,0.4567901234567901,race,2010
Non-Hispanic Black,0.5503875968992248,race,2010
Non-Hispanic White,0.5306122448979592,race,2010
Other Hispanic,0.5140845070422535,race,2010
Other Race - Including Multi-Racial,0.5555555555555556,race,2010
Above 4x poverty line,0.3248407643312102,income,2010
Below poverty line,0.5932203389830508,income,2010
Middle (2-4x),0.4918918918918919,income,2010
Near poverty (1-2x),0.5373134328358209,income,2010
Mexican American,0.48,race,2011
Non-Hispanic Asian,0.345679012345679,race,2011
Non-Hispanic Black,0.5,race,2011
Non-Hispanic White,0.5287569573283859,race,2011
Other Hispanic,0.5211267605633803,race,2011
Other Race - Including Multi-Racial,0.5238095238095238,race,2011
Above 4x poverty line,0.3225806451612903,income,2011
Below poverty line,0.5823863636363636,income,2011
Middle (2-4x),0.4409448818897638,income,2011
Near poverty (1-2x),0.5620253164556962,income,2011
Mexican American,0.455,race,2012
Non-Hispanic Asian,0.4074074074074074,race,2012
Non-Hispanic Black,0.5387596899224806,race,2012
Non-Hispanic White,0.5658627087198516,race,2012
Other Hispanic,0.4647887323943662,race,2012
Other Race - Including Multi-Racial,0.5555555555555556,race,2012
Above 4x poverty line,0.3116883116883117,income,2012
Below poverty line,0.5758513931888545,income,2012
Middle (2-4x),0.524390243902439,income,2012
Near poverty (1-2x),0.5555555555555556,income,2012
Mexican American,0.44,race,2013
Non-Hispanic Asian,0.3333333333333333,race,2013
Non-Hispanic Black,0.5465116279069767,race,2013
Non-Hispanic White,0.536178107606679,race,2013
Other Hispanic,0.5563380281690141,race,2013
Other Race - Including Multi-Racial,0.5079365079365079,race,2013
Above 4x poverty line,0.3790849673202614,income,2013
Below poverty line,0.5789473684210527,income,2013
Middle (2-4x),0.4473007712082262,income,2013
Near poverty (1-2x),0.5657894736842105,income,2013
Mexican American,0.435,race,2014
Non-Hispanic Asian,0.2839506172839506,race,2014
Non-Hispanic Black,0.5542635658914729,race,2014
Non-Hispanic White,0.536178107606679,race,2014
Other Hispanic,0.528169014084507,race,2014
Other Race - Including Multi-Racial,0.5238095238095238,race,2014
Above 4x poverty line,0.2792207792207792,income,2014
Below poverty line,0.5902964959568733,income,2014
Middle (2-4x),0.46153846153846156,income,2014
Near poverty (1-2x),0.5616797900262467,income,2014
Mexican American,0.435,race,2015
Non-Hispanic Asian,0.32098765432098764,race,2015
Non-Hispanic Black,0.5348837209302325,race,2015
Non-Hispanic White,0.5194805194805194,race,2015
Other Hispanic,0.5704225352112676,race,2015
Other Race - Including Multi-Racial,0.7142857142857143,race,2015
Above 4x poverty line,0.3389830508474576,income,2015
Below poverty line,0.5811209439528023,income,2015
Middle (2-4x),0.48293963254593175,income,2015
Near poverty (1-2x),0.5595854922279793,income,2015
Mexican American,0.46,race,2016
Non-Hispanic Asian,0.3333333333333333,race,2016
Non-Hispanic Black,0.5697674418604651,race,2016
Non-Hispanic White,0.5398886827458256,race,2016
Other Hispanic,0.5492957746478874,race,2016
Other Race - Including Multi-Racial,0.5396825396825397,race,2016
Above 4x poverty line,0.3772455089820359,income,2016
Below poverty line,0.5575221238938053,income,2016
Middle (2-4x),0.48346055979643765,income,2016
Near poverty (1-2x),0.5911458333333334,income,2016
Mexican American,0.425,race,2017
Non-Hispanic Asian,0.43209876543209874,race,2017
Non-Hispanic Black,0.5271317829457365,race,2017
Non-Hispanic White,0.5398886827458256,race,2017
Other Hispanic,0.5563380281690141,race,2017
Other Race - Including Multi-Racial,0.5555555555555556,race,2017
Above 4x poverty line,0.32450331125827814,income,2017
Below poverty line,0.6016483516483516,income,2017
Middle (2-4x),0.45663265306122447,income,2017
Near poverty (1-2x),0.5691489361702128,income,2017
Mexican American,0.475,race,2018
Non-Hispanic Asian,0.345679012345679,race,2018
Non-Hispanic Black,0.5697674418604651,race,2018
Non-Hispanic White,0.5510204081632653,race,2018
Other Hispanic,0.49295774647887325,race,2018
Other Race - Including Multi-Racial,0.42857142857142855,race,2018
Above 4x poverty line,0.3765432098765432,income,2018
Below poverty line,0.6035502958579881,income,2018
Middle (2-4x),0.49406175771971494,income,2018
Near poverty (1-2x),0.5276243093922652,income,2018
Mexican American,0.445,race,2019
Non-Hispanic Asian,0.25925925925925924,race,2019
Non-Hispanic Black,0.5465116279069767,race,2019
Non-Hispanic White,0.5454545454545454,race,2019
Other Hispanic,0.45774647887323944,race,2019
Other Race - Including Multi-Racial,0.5714285714285714,race,2019
Above 4x poverty line,0.3128834355828221,income,2019
Below poverty line,0.5777126099706745,income,2019
Middle (2-4x),0.4427083333333333,income,2019
Near poverty (1-2x),0.5772151898734177,income,2019
Mexican American,0.465,race,2020
Non-Hispanic Asian,0.37037037037037035,race,2020
Non-Hispanic Black,0.4806201550387597,race,2020
Non-Hispanic White,0.5306122448979592,race,2020
Other Hispanic,0.5774647887323944,race,2020
Other Race - Including Multi-Racial,0.5555555555555556,race,2020
Above 4x poverty line,0.3741935483870968,income,2020
Below poverty line,0.565597667638484,income,2020
Middle (2-4x),0.4786096256684492,income,2020
Near poverty (1-2x),0.5328467153284672,income,2020
Mexican American,0.48,race,2021
Non-Hispanic Asian,0.32098765432098764,race,2021
Non-Hispanic Black,0.5116279069767442,race,2021
Non-Hispanic White,0.5398886827458256,race,2021
Other Hispanic,0.5422535211267606,race,2021
Other Race - Including Multi-Racial,0.49206349206349204,race,2021
Above 4x poverty line,0.3277777777777778,income,2021
Below poverty line,0.5514285714285714,income,2021
Middle (2-4x),0.49303621169916434,income,2021
Near poverty (1-2x),0.5685279187817259,income,2021
Mexican American,0.49,race,2022
Non-Hispanic Asian,0.345679012345679,race,2022
Non-Hispanic Black,0.5852713178294574,race,2022
Non-Hispanic White,0.549165120593692,race,2022
Other Hispanic,0.5774647887323944,race,2022
Other Race - Including Multi-Racial,0.5555555555555556,race,2022
Above 4x poverty line,0.38926174496644295,income,2022
Below poverty line,0.6213872832369942,income,2022
Middle (2-4x),0.498812351543943,income,2022
Near poverty (1-2x),0.5640326975476839,income,2022
Mexican American,0.495,race,2023
Non-Hispanic Asian,0.38271604938271603,race,2023
Non-Hispanic Black,0.562015503875969,race,2023
Non-Hispanic White,0.549165120593692,race,2023
Other Hispanic,0.5633802816901409,race,2023
Other Race - Including Multi-Racial,0.5555555555555556,race,2023
Above 4x poverty line,0.32075471698113206,income,2023
Below poverty line,0.6109589041095891,income,2023
Middle (2-4x),0.5028248587570622,income,2023
Near poverty (1-2x),0.5777777777777777,income,2023
Mexican American,0.445,race,2024
Non-Hispanic Asian,0.2962962962962963,race,2024
Non-Hispanic Black,0.5116279069767442,race,2024
Non-Hispanic White,0.5287569573283859,race,2024
Other Hispanic,0.6126760563380281,race,2024
Other Race - Including Multi-Racial,0.5079365079365079,race,2024
Above 4x poverty line,0.3,income,2024
Below poverty line,0.6044568245125348,income,2024
Middle (2-4x),0.45691906005221933,income,2024
Near poverty (1-2x),0.5485564304461942,income,2024
Mexican American,0.375,race,2025
Non-Hispanic Asian,0.4444444444444444,race,2025
Non-Hispanic Black,0.5193798449612403,race,2025
Non-Hispanic White,0.5417439703153989,race,2025
Other Hispanic,0.5352112676056338,race,2025
Other Race - Including Multi-Racial,0.49206349206349204,race,2025
Above 4x poverty line,0.3625,income,2025
Below poverty line,0.5548961424332344,income,2025
Middle (2-4x),0.4795180722891566,income,2025
Near poverty (1-2x),0.5390835579514824,income,2025
Mexican American,0.435,race,2026
Non-Hispanic Asian,0.4074074074074074,race,2026
Non-Hispanic Black,0.5775193798449613,race,2026
Non-Hispanic White,0.5287569573283859,race,2026
Other Hispanic,0.5704225352112676,race,2026
Other Race - Including Multi-Racial,0.6031746031746031,race,2026
Above 4x poverty line,0.3588235294117647,income,2026
Below poverty line,0.5821325648414986,income,2026
Middle (2-4x),0.48484848484848486,income,2026
Near poverty (1-2x),0.5806451612903226,income,2026
Mexican American,0.435,race,2027
Non-Hispanic Asian,0.38271604938271603,race,2027
Non-Hispanic Black,0.5852713178294574,race,2027
Non-Hispanic White,0.5473098330241187,race,2027
Other Hispanic,0.5352112676056338,race,2027
Other Race - Including Multi-Racial,0.49206349206349204,race,2027
Above 4x poverty line,0.33136094674556216,income,2027
Below poverty line,0.5942028985507246,income,2027
Middle (2-4x),0.4725848563968668,income,2027
Near poverty (1-2x),0.5932642487046632,income,2027
Mexican American,0.385,race,2028
Non-Hispanic Asian,0.345679012345679,race,2028
Non-Hispanic Black,0.5116279069767442,race,2028
Non-Hispanic White,0.5324675324675324,race,2028
Other Hispanic,0.5140845070422535,race,2028
Other Race - Including Multi-Racial,0.5555555555555556,race,2028
Above 4x poverty line,0.3375796178343949,income,2028
Below poverty line,0.5481049562682215,income,2028
Middle (2-4x),0.4835443037974684,income,2028
Near poverty (1-2x),0.5154639175257731,income,2028
Mexican American,0.47,race,2029
Non-Hispanic Asian,0.41975308641975306,race,2029
Non-Hispanic Black,0.562015503875969,race,2029
Non-Hispanic White,0.5250463821892394,race,2029
Other Hispanic,0.49295774647887325,race,2029
Other Race - Including Multi-Racial,0.6031746031746031,race,2029
Above 4x poverty line,0.3790849673202614,income,2029
Below poverty line,0.5722713864306784,income,2029
Middle (2-4x),0.46534653465346537,income,2029
Near poverty (1-2x),0.5788113695090439,income,2029
Mexican American,0.43,race,2030
Non-Hispanic Asian,0.25925925925925924,race,2030
Non-Hispanic Black,0.5155038759689923,race,2030
Non-Hispanic White,0.5083487940630798,race,2030
Other Hispanic,0.5704225352112676,race,2030
Other Race - Including Multi-Racial,0.5873015873015873,race,2030
Above 4x poverty line,0.3391812865497076,income,2030
Below poverty line,0.5632911392405063,income,2030
Middle (2-4x),0.4730392156862745,income,2030
Near poverty (1-2x),0.5231958762886598,income,2030
Mexican American,0.375,race,2031
Non-Hispanic Asian,0.345679012345679,race,2031
Non-Hispanic Black,0.5503875968992248,race,2031
Non-Hispanic White,0.5584415584415584,race,2031
Other Hispanic,0.5211267605633803,race,2031
Other Race - Including Multi-Racial,0.5079365079365079,race,2031
Above 4x poverty line,0.31137724550898205,income,2031
Below poverty line,0.5789473684210527,income,2031
Middle (2-4x),0.48894348894348894,income,2031
Near poverty (1-2x),0.5544041450777202,income,2031
Mexican American,0.445,race,2032
Non-Hispanic Asian,0.3333333333333333,race,2032
Non-Hispanic Black,0.5193798449612403,race,2032
Non-Hispanic White,0.5157699443413729,race,2032
Other Hispanic,0.5704225352112676,race,2032
Other Race - Including Multi-Racial,0.5873015873015873,race,2032
Above 4x poverty line,0.27607361963190186,income,2032
Below poverty line,0.5859154929577465,income,2032
Middle (2-4x),0.4758269720101781,income,2032
Near poverty (1-2x),0.553763440860215,income,2032
Mexican American,0.42,race,2033
Non-Hispanic Asian,0.37037037037037035,race,2033
Non-Hispanic Black,0.5697674418604651,race,2033
Non-Hispanic White,0.5547309833024119,race,2033
Other Hispanic,0.5633802816901409,race,2033
Other Race - Including Multi-Racial,0.5396825396825397,race,2033
Above 4x poverty line,0.28859060402684567,income,2033
Below poverty line,0.6358695652173914,income,2033
Middle (2-4x),0.4899497487437186,income,2033
Near poverty (1-2x),0.5489130434782609,income,2033
Mexican American,0.47,race,2034
Non-Hispanic Asian,0.3333333333333333,race,2034
Non-Hispanic Black,0.6007751937984496,race,2034
Non-Hispanic White,0.5398886827458256,race,2034
Other Hispanic,0.5492957746478874,race,2034
Other Race - Including Multi-Racial,0.5238095238095238,race,2034
Above 4x poverty line,0.3764705882352941,income,2034
Below poverty line,0.6280487804878049,income,2034
Middle (2-4x),0.47368421052631576,income,2034
Near poverty (1-2x),0.5673575129533679,income,2034
Mexican American,0.535,race,2035
Non-Hispanic Asian,0.41975308641975306,race,2035
Non-Hispanic Black,0.5426356589147286,race,2035
Non-Hispanic White,0.5602968460111317,race,2035
Other Hispanic,0.5422535211267606,race,2035
Other Race - Including Multi-Racial,0.5555555555555556,race,2035
Above 4x poverty line,0.30666666666666664,income,2035
Below poverty line,0.6260869565217392,income,2035
Middle (2-4x),0.5051282051282051,income,2035
Near poverty (1-2x),0.592964824120603,income,2035
Mexican American,0.44,race,2036
Non-Hispanic Asian,0.2716049382716049,race,2036
Non-Hispanic Black,0.5581395348837209,race,2036
Non-Hispanic White,0.5547309833024119,race,2036
Other Hispanic,0.5633802816901409,race,2036
Other Race - Including Multi-Racial,0.5396825396825397,race,2036
Above 4x poverty line,0.2919254658385093,income,2036
Below poverty line,0.5975,income,2036
Middle (2-4x),0.4745762711864407,income,2036
Near poverty (1-2x),0.5788043478260869,income,2036
Mexican American,0.47,race,2037
Non-Hispanic Asian,0.3333333333333333,race,2037
Non-Hispanic Black,0.5348837209302325,race,2037
Non-Hispanic White,0.5306122448979592,race,2037
Other Hispanic,0.5633802816901409,race,2037
Other Race - Including Multi-Racial,0.6190476190476191,race,2037
Above 4x poverty line,0.32903225806451614,income,2037
Below poverty line,0.60932944606414,income,2037
Middle (2-4x),0.4585365853658537,income,2037
Near poverty (1-2x),0.576,income,2037
Mexican American,0.44,race,2038
Non-Hispanic Asian,0.2839506172839506,race,2038
Non-Hispanic Black,0.5542635658914729,race,2038
Non-Hispanic White,0.5640074211502782,race,2038
Other Hispanic,0.47183098591549294,race,2038
Other Race - Including Multi-Racial,0.5238095238095238,race,2038
Above 4x poverty line,0.375,income,2038
Below poverty line,0.603399433427762,income,2038
Middle (2-4x),0.4322916666666667,income,2038
Near poverty (1-2x),0.5634517766497462,income,2038
Mexican American,0.43,race,2039
Non-Hispanic Asian,0.345679012345679,race,2039
Non-Hispanic Black,0.5503875968992248,race,2039
Non-Hispanic White,0.5324675324675324,race,2039
Other Hispanic,0.528169014084507,race,2039
Other Race - Including Multi-Racial,0.42857142857142855,race,2039
Above 4x poverty line,0.36627906976744184,income,2039
Below poverty line,0.5748502994011976,income,2039
Middle (2-4x),0.4552238805970149,income,2039
Near poverty (1-2x),0.552,income,2039
Mexican American,0.435,race,2040
Non-Hispanic Asian,0.3333333333333333,race,2040
Non-Hispanic Black,0.5542635658914729,race,2040
Non-Hispanic White,0.5454545454545454,race,2040
Other Hispanic,0.4788732394366197,race,2040
Other Race - Including Multi-Racial,0.5079365079365079,race,2040
Above 4x poverty line,0.3248407643312102,income,2040
Below poverty line,0.5314285714285715,income,2040
Middle (2-4x),0.506426735218509,income,2040
Near poverty (1-2x),0.5607235142118863,income,2040
Mexican American,0.48,race,2041
Non-Hispanic Asian,0.30864197530864196,race,2041
Non-Hispanic Black,0.5310077519379846,race,2041
Non-Hispanic White,0.5269016697588126,race,2041
Other Hispanic,0.4788732394366197,race,2041
Other Race - Including Multi-Racial,0.6349206349206349,race,2041
Above 4x poverty line,0.30625,income,2041
Below poverty line,0.5807365439093485,income,2041
Middle (2-4x),0.47804878048780486,income,2041
Near poverty (1-2x),0.5555555555555556,income,2041
Mexican American,0.44,race,2042
Non-Hispanic Asian,0.3333333333333333,race,2042
Non-Hispanic Black,0.47674418604651164,race,2042
Non-Hispanic White,0.5306122448979592,race,2042
Other Hispanic,0.4788732394366197,race,2042
Other Race - Including Multi-Racial,0.6031746031746031,race,2042
Above 4x poverty line,0.3,income,2042
Below poverty line,0.5426136363636364,income,2042
Middle (2-4x),0.5061728395061729,income,2042
Near poverty (1-2x),0.49740932642487046,income,2042
Mexican American,0.42,race,2043
Non-Hispanic Asian,0.37037037037037035,race,2043
Non-Hispanic Black,0.6007751937984496,race,2043
Non-Hispanic White,0.5139146567717996,race,2043
Other Hispanic,0.49295774647887325,race,2043
Other Race - Including Multi-Racial,0.5238095238095238,race,2043
Above 4x poverty line,0.3333333333333333,income,2043
Below poverty line,0.5632183908045977,income,2043
Middle (2-4x),0.4701298701298701,income,2043
Near poverty (1-2x),0.5601023017902813,income,2043
Mexican American,0.485,race,2044
Non-Hispanic Asian,0.2222222222222222,race,2044
Non-Hispanic Black,0.5658914728682171,race,2044
Non-Hispanic White,0.5565862708719852,race,2044
Other Hispanic,0.49295774647887325,race,2044
Other Race - Including Multi-Racial,0.6190476190476191,race,2044
Above 4x poverty line,0.313953488372093,income,2044
Below poverty line,0.5969696969696969,income,2044
Middle (2-4x),0.5050761421319797,income,2044
Near poverty (1-2x),0.5684754521963824,income,2044
Mexican American,0.505,race,2045
Non-Hispanic Asian,0.38271604938271603,race,2045
Non-Hispanic Black,0.5503875968992248,race,2045
Non-Hispanic White,0.5157699443413729,race,2045
Other Hispanic,0.5211267605633803,race,2045
Other Race - Including Multi-Racial,0.49206349206349204,race,2045
Above 4x poverty line,0.36645962732919257,income,2045
Below poverty line,0.56657223796034,income,2045
Middle (2-4x),0.46564885496183206,income,2045
Near poverty (1-2x),0.5718085106382979,income,2045
Mexican American,0.535,race,2046
Non-Hispanic Asian,0.30864197530864196,race,2046
Non-Hispanic Black,0.5503875968992248,race,2046
Non-Hispanic White,0.49907235621521334,race,2046
Other Hispanic,0.528169014084507,race,2046
Other Race - Including Multi-Racial,0.5555555555555556,race,2046
Above 4x poverty line,0.3592814371257485,income,2046
Below poverty line,0.5898203592814372,income,2046
Middle (2-4x),0.48175182481751827,income,2046
Near poverty (1-2x),0.5336927223719676,income,2046
Mexican American,0.4,race,2047
Non-Hispanic Asian,0.2345679012345679,race,2047
Non-Hispanic Black,0.5155038759689923,race,2047
Non-Hispanic White,0.5306122448979592,race,2047
Other Hispanic,0.5704225352112676,race,2047
Other Race - Including Multi-Racial,0.6507936507936508,race,2047
Above 4x poverty line,0.3231707317073171,income,2047
Below poverty line,0.5702005730659025,income,2047
Middle (2-4x),0.45792079207920794,income,2047
Near poverty (1-2x),0.5546448087431693,income,2047
Mexican American,0.475,race,2048
Non-Hispanic Asian,0.3950617283950617,race,2048
Non-Hispanic Black,0.5930232558139535,race,2048
Non-Hispanic White,0.5324675324675324,race,2048
Other Hispanic,0.5211267605633803,race,2048
Other Race - Including Multi-Racial,0.5396825396825397,race,2048
Above 4x poverty line,0.28378378378378377,income,2048
Below poverty line,0.5767045454545454,income,2048
Middle (2-4x),0.5276381909547738,income,2048
Near poverty (1-2x),0.5714285714285714,income,2048
Mexican American,0.48,race,2049
Non-Hispanic Asian,0.3333333333333333,race,2049
Non-Hispanic Black,0.5077519379844961,race,2049
Non-Hispanic White,0.5194805194805194,race,2049
Other Hispanic,0.49295774647887325,race,2049
Other Race - Including Multi-Racial,0.6349206349206349,race,2049
Above 4x poverty line,0.3181818181818182,income,2049
Below poverty line,0.5692771084337349,income,2049
Middle (2-4x),0.48320413436692505,income,2049
Near poverty (1-2x),0.5463917525773195,income,2049
Mexican American,0.43,race,2050
Non-Hispanic Asian,0.3950617283950617,race,2050
Non-Hispanic Black,0.5658914728682171,race,2050
Non-Hispanic White,0.5602968460111317,race,2050
Other Hispanic,0.5492957746478874,race,2050
Other Race - Including Multi-Racial,0.5555555555555556,race,2050
Above 4x poverty line,0.37058823529411766,income,2050
Below poverty line,0.6169014084507042,income,2050
Middle (2-4x),0.4775,income,2050
Near poverty (1-2x),0.5754189944134078,income,2050
Mexican American,0.43,race,2051
Non-Hispanic Asian,0.3950617283950617,race,2051
Non-Hispanic Black,0.5387596899224806,race,2051
Non-Hispanic White,0.536178107606679,race,2051
Other Hispanic,0.528169014084507,race,2051
Other Race - Including Multi-Racial,0.5079365079365079,race,2051
Above 4x poverty line,0.31788079470198677,income,2051
Below poverty line,0.5932203389830508,income,2051
Middle (2-4x),0.4811083123425693,income,2051
Near poverty (1-2x),0.5354330708661418,income,2051
Mexican American,0.44,race,2052
Non-Hispanic Asian,0.38271604938271603,race,2052
Non-Hispanic Black,0.5465116279069767,race,2052
Non-Hispanic White,0.5435992578849722,race,2052
Other Hispanic,0.5422535211267606,race,2052
Other Race - Including Multi-Racial,0.6031746031746031,race,2052
Above 4x poverty line,0.3727810650887574,income,2052
Below poverty line,0.5806451612903226,income,2052
Middle (2-4x),0.48031496062992124,income,2052
Near poverty (1-2x),0.5714285714285714,income,2052
Mexican American,0.49,race,2053
Non-Hispanic Asian,0.345679012345679,race,2053
Non-Hispanic Black,0.5465116279069767,race,2053
Non-Hispanic White,0.5231910946196661,race,2053
Other Hispanic,0.6056338028169014,race,2053
Other Race - Including Multi-Racial,0.5396825396825397,race,2053
Above 4x poverty line,0.3258426966292135,income,2053
Below poverty line,0.5797101449275363,income,2053
Middle (2-4x),0.5142857142857142,income,2053
Near poverty (1-2x),0.568,income,2053
Mexican American,0.43,race,2054
Non-Hispanic Asian,0.4567901234567901,race,2054
Non-Hispanic Black,0.5116279069767442,race,2054
Non-Hispanic White,0.5547309833024119,race,2054
Other Hispanic,0.528169014084507,race,2054
Other Race - Including Multi-Racial,0.5396825396825397,race,2054
Above 4x poverty line,0.3878787878787879,income,2054
Below poverty line,0.5781710914454278,income,2054
Middle (2-4x),0.4884318766066838,income,2054
Near poverty (1-2x),0.5461538461538461,income,2054
Mexican American,0.505,race,2055
Non-Hispanic Asian,0.35802469135802467,race,2055
Non-Hispanic Black,0.5891472868217055,race,2055
Non-Hispanic White,0.5417439703153989,race,2055
Other Hispanic,0.5563380281690141,race,2055
Other Race - Including Multi-Racial,0.5238095238095238,race,2055
Above 4x poverty line,0.36,income,2055
Below poverty line,0.5803108808290155,income,2055
Middle (2-4x),0.5336927223719676,income,2055
Near poverty (1-2x),0.5726495726495726,income,2055
Mexican American,0.395,race,2056
Non-Hispanic Asian,0.2716049382716049,race,2056
Non-Hispanic Black,0.5116279069767442,race,2056
Non-Hispanic White,0.536178107606679,race,2056
Other Hispanic,0.5563380281690141,race,2056
Other Race - Including Multi-Racial,0.49206349206349204,race,2056
Above 4x poverty line,0.23776223776223776,income,2056
Below poverty line,0.5924855491329479,income,2056
Middle (2-4x),0.45925925925925926,income,2056
Near poverty (1-2x),0.532133676092545,income,2056
Mexican American,0.435,race,2057
Non-Hispanic Asian,0.3333333333333333,race,2057
Non-Hispanic Black,0.562015503875969,race,2057
Non-Hispanic White,0.5269016697588126,race,2057
Other Hispanic,0.5140845070422535,race,2057
Other Race - Including Multi-Racial,0.6349206349206349,race,2057
Above 4x poverty line,0.3197278911564626,income,2057
Below poverty line,0.6035502958579881,income,2057
Middle (2-4x),0.47911547911547914,income,2057
Near poverty (1-2x),0.5370843989769821,income,2057
Mexican American,0.49,race,2058
Non-Hispanic Asian,0.35802469135802467,race,2058
Non-Hispanic Black,0.5387596899224806,race,2058
Non-Hispanic White,0.5454545454545454,race,2058
Other Hispanic,0.5774647887323944,race,2058
Other Race - Including Multi-Racial,0.6031746031746031,race,2058
Above 4x poverty line,0.32051282051282054,income,2058
Below poverty line,0.6120689655172413,income,2058
Middle (2-4x),0.4859335038363171,income,2058
Near poverty (1-2x),0.5850515463917526,income,2058
Mexican American,0.46,race,2059
Non-Hispanic Asian,0.30864197530864196,race,2059
Non-Hispanic Black,0.5736434108527132,race,2059
Non-Hispanic White,0.5398886827458256,race,2059
Other Hispanic,0.5985915492957746,race,2059
Other Race - Including Multi-Racial,0.5079365079365079,race,2059
Above 4x poverty line,0.3416149068322981,income,2059
Below poverty line,0.6126126126126126,income,2059
Middle (2-4x),0.49625935162094764,income,2059
Near poverty (1-2x),0.5541237113402062,income,2059
Mexican American,0.44,race,2060
Non-Hispanic Asian,0.4074074074074074,race,2060
Non-Hispanic Black,0.5581395348837209,race,2060
Non-Hispanic White,0.5565862708719852,race,2060
Other Hispanic,0.5211267605633803,race,2060
Other Race - Including Multi-Racial,0.5238095238095238,race,2060
Above 4x poverty line,0.3586206896551724,income,2060
Below poverty line,0.5936599423631124,income,2060
Middle (2-4x),0.45698924731182794,income,2060
Near poverty (1-2x),0.5823389021479713,income,2060
Mexican American,0.425,race,2061
Non-Hispanic Asian,0.25925925925925924,race,2061
Non-Hispanic Black,0.5271317829457365,race,2061
Non-Hispanic White,0.5473098330241187,race,2061
Other Hispanic,0.6338028169014085,race,2061
Other Race - Including Multi-Racial,0.5396825396825397,race,2061
Above 4x poverty line,0.2926829268292683,income,2061
Below poverty line,0.598314606741573,income,2061
Middle (2-4x),0.46419098143236076,income,2061
Near poverty (1-2x),0.582901554404145,income,2061
Mexican American,0.445,race,2062
Non-Hispanic Asian,0.4074074074074074,race,2062
Non-Hispanic Black,0.5155038759689923,race,2062
Non-Hispanic White,0.5417439703153989,race,2062
Other Hispanic,0.5140845070422535,race,2062
Other Race - Including Multi-Racial,0.5873015873015873,race,2062
Above 4x poverty line,0.2804878048780488,income,2062
Below poverty line,0.6311239193083573,income,2062
Middle (2-4x),0.46547314578005117,income,2062
Near poverty (1-2x),0.5511811023622047,income,2062
Mexican American,0.445,race,2063
Non-Hispanic Asian,0.345679012345679,race,2063
Non-Hispanic Black,0.5503875968992248,race,2063
Non-Hispanic White,0.5194805194805194,race,2063
Other Hispanic,0.5704225352112676,race,2063
Other Race - Including Multi-Racial,0.5714285714285714,race,2063
Above 4x poverty line,0.34806629834254144,income,2063
Below poverty line,0.6017191977077364,income,2063
Middle (2-4x),0.45263157894736844,income,2063
Near poverty (1-2x),0.5656836461126006,income,2063
Mexican American,0.47,race,2064
Non-Hispanic Asian,0.37037037037037035,race,2064
Non-Hispanic Black,0.5658914728682171,race,2064
Non-Hispanic White,0.536178107606679,race,2064
Other Hispanic,0.5422535211267606,race,2064
Other Race - Including Multi-Racial,0.6031746031746031,race,2064
Above 4x poverty line,0.3356164383561644,income,2064
Below poverty line,0.5830815709969789,income,2064
Middle (2-4x),0.4899497487437186,income,2064
Near poverty (1-2x),0.5808823529411765,income,2064
Mexican American,0.435,race,2065
Non-Hispanic Asian,0.30864197530864196,race,2065
Non-Hispanic Black,0.5503875968992248,race,2065
Non-Hispanic White,0.5528756957328386,race,2065
Other Hispanic,0.5,race,2065
Other Race - Including Multi-Racial,0.6666666666666666,race,2065
Above 4x poverty line,0.4074074074074074,income,2065
Below poverty line,0.6011560693641619,income,2065
Middle (2-4x),0.4680306905370844,income,2065
Near poverty (1-2x),0.5416666666666666,income,2065
Mexican American,0.46,race,2066
Non-Hispanic Asian,0.2962962962962963,race,2066
Non-Hispanic Black,0.5116279069767442,race,2066
Non-Hispanic White,0.5974025974025974,race,2066
Other Hispanic,0.5633802816901409,race,2066
Other Race - Including Multi-Racial,0.6031746031746031,race,2066
Above 4x poverty line,0.3732394366197183,income,2066
Below poverty line,0.6059701492537314,income,2066
Middle (2-4x),0.49878934624697335,income,2066
Near poverty (1-2x),0.5750636132315522,income,2066
Mexican American,0.445,race,2067
Non-Hispanic Asian,0.2839506172839506,race,2067
Non-Hispanic Black,0.5310077519379846,race,2067
Non-Hispanic White,0.5473098330241187,race,2067
Other Hispanic,0.5774647887323944,race,2067
Other Race - Including Multi-Racial,0.5238095238095238,race,2067
Above 4x poverty line,0.3380281690140845,income,2067
Below poverty line,0.6069182389937107,income,2067
Middle (2-4x),0.4639423076923077,income,2067
Near poverty (1-2x),0.5528255528255528,income,2067
Mexican American,0.48,race,2068
Non-Hispanic Asian,0.35802469135802467,race,2068
Non-Hispanic Black,0.5426356589147286,race,2068
Non-Hispanic White,0.5157699443413729,race,2068
Other Hispanic,0.5704225352112676,race,2068
Other Race - Including Multi-Racial,0.5238095238095238,race,2068
Above 4x poverty line,0.3496932515337423,income,2068
Below poverty line,0.6118012422360248,income,2068
Middle (2-4x),0.4734042553191489,income,2068
Near poverty (1-2x),0.533175355450237,income,2068
Mexican American,0.46,race,2069
Non-Hispanic Asian,0.3333333333333333,race,2069
Non-Hispanic Black,0.5542635658914729,race,2069
Non-Hispanic White,0.5547309833024119,race,2069
Other Hispanic,0.528169014084507,race,2069
Other Race - Including Multi-Racial,0.5396825396825397,race,2069
Above 4x poverty line,0.3469387755102041,income,2069
Below poverty line,0.6112852664576802,income,2069
Middle (2-4x),0.4880382775119617,income,2069
Near poverty (1-2x),0.5513784461152882,income,2069
Mexican American,0.445,race,2070
Non-Hispanic Asian,0.3333333333333333,race,2070
Non-Hispanic Black,0.562015503875969,race,2070
Non-Hispanic White,0.5157699443413729,race,2070
Other Hispanic,0.528169014084507,race,2070
Other Race - Including Multi-Racial,0.5714285714285714,race,2070
Above 4x poverty line,0.28488372093023256,income,2070
Below poverty line,0.6312997347480106,income,2070
Middle (2-4x),0.4657534246575342,income,2070
Near poverty (1-2x),0.5230352303523035,income,2070
Mexican American,0.445,race,2071
Non-Hispanic Asian,0.30864197530864196,race,2071
Non-Hispanic Black,0.5,race,2071
Non-Hispanic White,0.5435992578849722,race,2071
Other Hispanic,0.528169014084507,race,2071
Other Race - Including Multi-Racial,0.5396825396825397,race,2071
Above 4x poverty line,0.3081761006289308,income,2071
Below poverty line,0.5955056179775281,income,2071
Middle (2-4x),0.4668304668304668,income,2071
Near poverty (1-2x),0.5373961218836565,income,2071
Mexican American,0.42,race,2072
Non-Hispanic Asian,0.32098765432098764,race,2072
Non-Hispanic Black,0.5310077519379846,race,2072
Non-Hispanic White,0.5473098330241187,race,2072
Other Hispanic,0.5633802816901409,race,2072
Other Race - Including Multi-Racial,0.4603174603174603,race,2072
Above 4x poverty line,0.35365853658536583,income,2072
Below poverty line,0.5994397759103641,income,2072
Middle (2-4x),0.47696476964769646,income,2072
Near poverty (1-2x),0.51653944020356235,income,2072
Mexican American,0.455,race,2073
Non-Hispanic Asian,0.345679012345679,race,2073
Non-Hispanic Black,0.5736434108527132,race,2073
Non-Hispanic White,0.5231910946196661,race,2073
Other Hispanic,0.5,race,2073
Other Race - Including Multi-Racial,0.5396825396825397,race,2073
Above 4x poverty line,0.34591194968553457,income,2073
Below poverty line,0.5701219512195121,income,2073
Middle (2-4x),0.5012048192771085,income,2073
Near poverty (1-2x),0.5354330708661418,income,2073
Mexican American,0.435,race,2074
Non-Hispanic Asian,0.37037037037037035,race,2074
Non-Hispanic Black,0.5271317829457365,race,2074
Non-Hispanic White,0.5454545454545454,race,2074
Other Hispanic,0.5563380281690141,race,2074
Other Race - Including Multi-Racial,0.49206349206349204,race,2074
Above 4x poverty line,0.36257309941520466,income,2074
Below poverty line,0.5805555555555556,income,2074
Middle (2-4x),0.51,income,2074
Near poverty (1-2x),0.5170454545454546,income,2074
Mexican American,0.44,race,2075
Non-Hispanic Asian,0.25925925925925924,race,2075
Non-Hispanic Black,0.5542635658914729,race,2075
Non-Hispanic White,0.5102040816326531,race,2075
Other Hispanic,0.5845070422535211,race,2075
Other Race - Including Multi-Racial,0.3968253968253968,race,2075
Above 4x poverty line,0.31543624161073824,income,2075
Below poverty line,0.5828877005347594,income,2075
Middle (2-4x),0.4631578947368421,income,2075
Near poverty (1-2x),0.5105263157894737,income,2075
Mexican American,0.455,race,2076
Non-Hispanic Asian,0.30864197530864196,race,2076
Non-Hispanic Black,0.5581395348837209,race,2076
Non-Hispanic White,0.5454545454545454,race,2076
Other Hispanic,0.5845070422535211,race,2076
Other Race - Including Multi-Racial,0.5079365079365079,race,2076
Above 4x poverty line,0.3263888888888889,income,2076
Below poverty line,0.6106442577030813,income,2076
Middle (2-4x),0.45663265306122447,income,2076
Near poverty (1-2x),0.5769230769230769,income,2076
Mexican American,0.51,race,2077
Non-Hispanic Asian,0.2222222222222222,race,2077
Non-Hispanic Black,0.5736434108527132,race,2077
Non-Hispanic White,0.5454545454545454,race,2077
Other Hispanic,0.528169014084507,race,2077
Other Race - Including Multi-Racial,0.5238095238095238,race,2077
Above 4x poverty line,0.30612244897959184,income,2077
Below poverty line,0.6189189189189189,income,2077
Middle (2-4x),0.5012853470437018,income,2077
Near poverty (1-2x),0.53315649867374,income,2077
Mexican American,0.375,race,2078
Non-Hispanic Asian,0.2716049382716049,race,2078
Non-Hispanic Black,0.5465116279069767,race,2078
Non-Hispanic White,0.5435992578849722,race,2078
Other Hispanic,0.49295774647887325,race,2078
Other Race - Including Multi-Racial,0.6666666666666666,race,2078
Above 4x poverty line,0.36585365853658536,income,2078
Below poverty line,0.5890804597701149,income,2078
Middle (2-4x),0.4461942257217848,income,2078
Near poverty (1-2x),0.5333333333333333,income,2078
Mexican American,0.48,race,2079
Non-Hispanic Asian,0.35802469135802467,race,2079
Non-Hispanic Black,0.5193798449612403,race,2079
Non-Hispanic White,0.5231910946196661,race,2079
Other Hispanic,0.5704225352112676,race,2079
Other Race - Including Multi-Racial,0.6031746031746031,race,2079
Above 4x poverty line,0.32653061224489793,income,2079
Below poverty line,0.6012084592145015,income,2079
Middle (2-4x),0.4812206572769953,income,2079
Near poverty (1-2x),0.5488126649076517,income,2079
Mexican American,0.425,race,2080
Non-Hispanic Asian,0.38271604938271603,race,2080
Non-Hispanic Black,0.5310077519379846,race,2080
Non-Hispanic White,0.5417439703153989,race,2080
Other Hispanic,0.528169014084507,race,2080
Other Race - Including Multi-Racial,0.6507936507936508,race,2080
Above 4x poverty line,0.3375796178343949,income,2080
Below poverty line,0.5901162790697675,income,2080
Middle (2-4x),0.4621026894865526,income,2080
Near poverty (1-2x),0.579088471849866,income,2080
Mexican American,0.46,race,2081
Non-Hispanic Asian,0.3950617283950617,race,2081
Non-Hispanic Black,0.5271317829457365,race,2081
Non-Hispanic White,0.5602968460111317,race,2081
Other Hispanic,0.528169014084507,race,2081
Other Race - Including Multi-Racial,0.3968253968253968,race,2081
Above 4x poverty line,0.3181818181818182,income,2081
Below poverty line,0.5821727019498607,income,2081
Middle (2-4x),0.5053191489361702,income,2081
Near poverty (1-2x),0.5431472081218274,income,2081
Mexican American,0.47,race,2082
Non-Hispanic Asian,0.37037037037037035,race,2082
Non-Hispanic Black,0.5891472868217055,race,2082
Non-Hispanic White,0.562152133580705,race,2082
Other Hispanic,0.5845070422535211,race,2082
Other Race - Including Multi-Racial,0.5555555555555556,race,2082
Above 4x poverty line,0.33112582781456956,income,2082
Below poverty line,0.6320224719101124,income,2082
Middle (2-4x),0.5063613231552163,income,2082
Near poverty (1-2x),0.5822454308093995,income,2082
Mexican American,0.455,race,2083
Non-Hispanic Asian,0.35802469135802467,race,2083
Non-Hispanic Black,0.6124031007751938,race,2083
Non-Hispanic White,0.5547309833024119,race,2083
Other Hispanic,0.5985915492957746,race,2083
Other Race - Including Multi-Racial,0.42857142857142855,race,2083
Above 4x poverty line,0.3728813559322034,income,2083
Below poverty line,0.5905044510385756,income,2083
Middle (2-4x),0.5153846153846153,income,2083
Near poverty (1-2x),0.5883905013192612,income,2083
Mexican American,0.39,race,2084
Non-Hispanic Asian,0.38271604938271603,race,2084
Non-Hispanic Black,0.5,race,2084
Non-Hispanic White,0.5269016697588126,race,2084
Other Hispanic,0.5070422535211268,race,2084
Other Race - Including Multi-Racial,0.5238095238095238,race,2084
Above 4x poverty line,0.34269662921348315,income,2084
Below poverty line,0.5958083832335329,income,2084
Middle (2-4x),0.4573643410852713,income,2084
Near poverty (1-2x),0.4947916666666667,income,2084
Mexican American,0.44,race,2085
Non-Hispanic Asian,0.32098765432098764,race,2085
Non-Hispanic Black,0.5503875968992248,race,2085
Non-Hispanic White,0.5640074211502782,race,2085
Other Hispanic,0.5352112676056338,race,2085
Other Race - Including Multi-Racial,0.6349206349206349,race,2085
Above 4x poverty line,0.4225352112676056,income,2085
Below poverty line,0.5580110497237569,income,2085
Middle (2-4x),0.4987012987012987,income,2085
Near poverty (1-2x),0.5634517766497462,income,2085
Mexican American,0.405,race,2086
Non-Hispanic Asian,0.2839506172839506,race,2086
Non-Hispanic Black,0.5503875968992248,race,2086
Non-Hispanic White,0.5343228200371057,race,2086
Other Hispanic,0.5633802816901409,race,2086
Other Race - Including Multi-Racial,0.6190476190476191,race,2086
Above 4x poverty line,0.3253012048192771,income,2086
Below poverty line,0.601123595505618,income,2086
Middle (2-4x),0.41818181818181815,income,2086
Near poverty (1-2x),0.5957446808510638,income,2086
Mexican American,0.505,race,2087
Non-Hispanic Asian,0.3333333333333333,race,2087
Non-Hispanic Black,0.5581395348837209,race,2087
Non-Hispanic White,0.5454545454545454,race,2087
Other Hispanic,0.5,race,2087
Other Race - Including Multi-Racial,0.5396825396825397,race,2087
Above 4x poverty line,0.3333333333333333,income,2087
Below poverty line,0.5658263305322129,income,2087
Middle (2-4x),0.5295566502463054,income,2087
Near poverty (1-2x),0.5625,income,2087
Mexican American,0.54,race,2088
Non-Hispanic Asian,0.32098765432098764,race,2088
Non-Hispanic Black,0.5697674418604651,race,2088
Non-Hispanic White,0.5176252319109462,race,2088
Other Hispanic,0.5492957746478874,race,2088
Other Race - Including Multi-Racial,0.5555555555555556,race,2088
Above 4x poverty line,0.37579617834394907,income,2088
Below poverty line,0.5795795795795796,income,2088
Middle (2-4x),0.47474747474747475,income,2088
Near poverty (1-2x),0.5869017632241813,income,2088
Mexican American,0.47,race,2089
Non-Hispanic Asian,0.2222222222222222,race,2089
Non-Hispanic Black,0.5465116279069767,race,2089
Non-Hispanic White,0.5732838589981447,race,2089
Other Hispanic,0.5492957746478874,race,2089
Other Race - Including Multi-Racial,0.5238095238095238,race,2089
Above 4x poverty line,0.3776223776223776,income,2089
Below poverty line,0.5734463276836158,income,2089
Middle (2-4x),0.5012853470437018,income,2089
Near poverty (1-2x),0.5566750629722922,income,2089
Mexican American,0.45,race,2090
Non-Hispanic Asian,0.2839506172839506,race,2090
Non-Hispanic Black,0.5426356589147286,race,2090
Non-Hispanic White,0.5435992578849722,race,2090
Other Hispanic,0.5845070422535211,race,2090
Other Race - Including Multi-Racial,0.5714285714285714,race,2090
Above 4x poverty line,0.34782608695652173,income,2090
Below poverty line,0.6127167630057804,income,2090
Middle (2-4x),0.4401041666666667,income,2090
Near poverty (1-2x),0.5816326530612245,income,2090
Mexican American,0.505,race,2091
Non-Hispanic Asian,0.32098765432098764,race,2091
Non-Hispanic Black,0.5775193798449613,race,2091
Non-Hispanic White,0.5602968460111317,race,2091
Other Hispanic,0.6126760563380281,race,2091
Other Race - Including Multi-Racial,0.5238095238095238,race,2091
Above 4x poverty line,0.3313953488372093,income,2091
Below poverty line,0.5934718100890207,income,2091
Middle (2-4x),0.518796992481203,income,2091
Near poverty (1-2x),0.624,income,2091
Mexican American,0.45,race,2092
Non-Hispanic Asian,0.32098765432098764,race,2092
Non-Hispanic Black,0.5658914728682171,race,2092
Non-Hispanic White,0.5547309833024119,race,2092
Other Hispanic,0.5774647887323944,race,2092
Other Race - Including Multi-Racial,0.5079365079365079,race,2092
Above 4x poverty line,0.2331288343558282,income,2092
Below poverty line,0.61731843575419,income,2092
Middle (2-4x),0.5291005291005291,income,2092
Near poverty (1-2x),0.5625,income,2092
Mexican American,0.48,race,2093
Non-Hispanic Asian,0.3333333333333333,race,2093
Non-Hispanic Black,0.5155038759689923,race,2093
Non-Hispanic White,0.5473098330241187,race,2093
Other Hispanic,0.5492957746478874,race,2093
Other Race - Including Multi-Racial,0.49206349206349204,race,2093
Above 4x poverty line,0.37735849056603776,income,2093
Below poverty line,0.592814371257485,income,2093
Middle (2-4x),0.47342995169082125,income,2093
Near poverty (1-2x),0.5478723404255319,income,2093
Mexican American,0.46,race,2094
Non-Hispanic Asian,0.37037037037037035,race,2094
Non-Hispanic Black,0.5697674418604651,race,2094
Non-Hispanic White,0.5510204081632653,race,2094
Other Hispanic,0.5633802816901409,race,2094
Other Race - Including Multi-Racial,0.3333333333333333,race,2094
Above 4x poverty line,0.37349397590361444,income,2094
Below poverty line,0.5977337110481586,income,2094
Middle (2-4x),0.5153061224489796,income,2094
Near poverty (1-2x),0.5161290322580645,income,2094
Mexican American,0.41,race,2095
Non-Hispanic Asian,0.25925925925925924,race,2095
Non-Hispanic Black,0.5426356589147286,race,2095
Non-Hispanic White,0.5269016697588126,race,2095
Other Hispanic,0.528169014084507,race,2095
Other Race - Including Multi-Racial,0.47619047619047616,race,2095
Above 4x poverty line,0.28402366863905326,income,2095
Below poverty line,0.5868263473053892,income,2095
Middle (2-4x),0.4484536082474227,income,2095
Near poverty (1-2x),0.5459183673469388,income,2095
Mexican American,0.455,race,2096
Non-Hispanic Asian,0.2839506172839506,race,2096
Non-Hispanic Black,0.562015503875969,race,2096
Non-Hispanic White,0.5324675324675324,race,2096
Other Hispanic,0.5492957746478874,race,2096
Other Race - Including Multi-Racial,0.5238095238095238,race,2096
Above 4x poverty line,0.34810126582278483,income,2096
Below poverty line,0.5813953488372093,income,2096
Middle (2-4x),0.4811083123425693,income,2096
Near poverty (1-2x),0.5454545454545454,income,2096
Mexican American,0.475,race,2097
Non-Hispanic Asian,0.3333333333333333,race,2097
Non-Hispanic Black,0.5813953488372093,race,2097
Non-Hispanic White,0.575139146567718,race,2097
Other Hispanic,0.5211267605633803,race,2097
Other Race - Including Multi-Racial,0.47619047619047616,race,2097
Above 4x poverty line,0.44,income,2097
Below poverty line,0.6424418604651163,income,2097
Middle (2-4x),0.4572127139364303,income,2097
Near poverty (1-2x),0.5578947368421052,income,2097
Mexican American,0.44,race,2098
Non-Hispanic Asian,0.37037037037037035,race,2098
Non-Hispanic Black,0.5697674418604651,race,2098
Non-Hispanic White,0.5435992578849722,race,2098
Other Hispanic,0.5211267605633803,race,2098
Other Race - Including Multi-Racial,0.5396825396825397,race,2098
Above 4x poverty line,0.3541666666666667,income,2098
Below poverty line,0.5922619047619048,income,2098
Middle (2-4x),0.4595238095238095,income,2098
Near poverty (1-2x),0.5822454308093995,income,2098
Mexican American,0.435,race,2099
Non-Hispanic Asian,0.3333333333333333,race,2099
Non-Hispanic Black,0.5271317829457365,race,2099
Non-Hispanic White,0.5398886827458256,race,2099
Other Hispanic,0.5070422535211268,race,2099
Other Race - Including Multi-Racial,0.5555555555555556,race,2099
Above 4x poverty line,0.3179190751445087,income,2099
Below poverty line,0.576271186440678,income,2099
Middle (2-4x),0.4936061381074169,income,2099
Near poverty (1-2x),0.536986301369863,income,2099
Mexican American,0.39,race,2100
Non-Hispanic Asian,0.2962962962962963,race,2100
Non-Hispanic Black,0.5426356589147286,race,2100
Non-Hispanic White,0.5250463821892394,race,2100
Other Hispanic,0.5422535211267606,race,2100
Other Race - Including Multi-Racial,0.5396825396825397,race,2100
Above 4x poverty line,0.27564102564102566,income,2100
Below poverty line,0.5619834710743802,income,2100
Middle (2-4x),0.4595300261096606,income,2100
Near poverty (1-2x),0.5590551181102362,income,2100
Mexican American,0.415,race,2101
Non-Hispanic Asian,0.37037037037037035,race,2101
Non-Hispanic Black,0.562015503875969,race,2101
Non-Hispanic White,0.5658627087198516,race,2101
Other Hispanic,0.5352112676056338,race,2101
Other Race - Including Multi-Racial,0.6666666666666666,race,2101
Above 4x poverty line,0.3472222222222222,income,2101
Below poverty line,0.6198347107438017,income,2101
Middle (2-4x),0.5,income,2101
Near poverty (1-2x),0.5466321243523317,income,2101
Mexican American,0.46,race,2102
Non-Hispanic Asian,0.2839506172839506,race,2102
Non-Hispanic Black,0.5581395348837209,race,2102
Non-Hispanic White,0.5510204081632653,race,2102
Other Hispanic,0.5633802816901409,race,2102
Other Race - Including Multi-Racial,0.5238095238095238,race,2102
Above 4x poverty line,0.3431952662721893,income,2102
Below poverty line,0.6131578947368421,income,2102
Middle (2-4x),0.5039370078740157,income,2102
Near poverty (1-2x),0.5269121813031161,income,2102
Mexican American,0.505,race,2103
Non-Hispanic Asian,0.41975308641975306,race,2103
Non-Hispanic Black,0.5348837209302325,race,2103
Non-Hispanic White,0.5547309833024119,race,2103
Other Hispanic,0.5704225352112676,race,2103
Other Race - Including Multi-Racial,0.5396825396825397,race,2103
Above 4x poverty line,0.35064935064935066,income,2103
Below poverty line,0.5858310626702997,income,2103
Middle (2-4x),0.49866666666666665,income,2103
Near poverty (1-2x),0.5968992248062015,income,2103
Mexican American,0.455,race,2104
Non-Hispanic Asian,0.2839506172839506,race,2104
Non-Hispanic Black,0.5310077519379846,race,2104
Non-Hispanic White,0.5380333951762524,race,2104
Other Hispanic,0.5140845070422535,race,2104
Other Race - Including Multi-Racial,0.5396825396825397,race,2104
Above 4x poverty line,0.34615384615384615,income,2104
Below poverty line,0.5842391304347826,income,2104
Middle (2-4x),0.4533678756476684,income,2104
Near poverty (1-2x),0.546916890080429,income,2104
Mexican American,0.47,race,2105
Non-Hispanic Asian,0.41975308641975306,race,2105
Non-Hispanic Black,0.5503875968992248,race,2105
Non-Hispanic White,0.5640074211502782,race,2105
Other Hispanic,0.5845070422535211,race,2105
Other Race - Including Multi-Racial,0.4444444444444444,race,2105
Above 4x poverty line,0.3231707317073171,income,2105
Below poverty line,0.6028985507246377,income,2105
Middle (2-4x),0.5292620865139949,income,2105
Near poverty (1-2x),0.5669291338582677,income,2105
Mexican American,0.485,race,2106
Non-Hispanic Asian,0.2962962962962963,race,2106
Non-Hispanic Black,0.5348837209302325,race,2106
Non-Hispanic White,0.5027829313543599,race,2106
Other Hispanic,0.5774647887323944,race,2106
Other Race - Including Multi-Racial,0.5555555555555556,race,2106
Above 4x poverty line,0.3271604938271605,income,2106
Below poverty line,0.5582655826558266,income,2106
Middle (2-4x),0.45576407506702415,income,2106
Near poverty (1-2x),0.575197889182058,income,2106
Mexican American,0.41,race,2107
Non-Hispanic Asian,0.3950617283950617,race,2107
Non-Hispanic Black,0.5116279069767442,race,2107
Non-Hispanic White,0.5306122448979592,race,2107
Other Hispanic,0.5563380281690141,race,2107
Other Race - Including Multi-Racial,0.5079365079365079,race,2107
Above 4x poverty line,0.35,income,2107
Below poverty line,0.554016620498615,income,2107
Middle (2-4x),0.4718498659517426,income,2107
Near poverty (1-2x),0.5424164524421594,income,2107
Mexican American,0.4,race,2108
Non-Hispanic Asian,0.3333333333333333,race,2108
Non-Hispanic Black,0.5116279069767442,race,2108
Non-Hispanic White,0.5231910946196661,race,2108
Other Hispanic,0.5845070422535211,race,2108
Other Race - Including Multi-Racial,0.47619047619047616,race,2108
Above 4x poverty line,0.32075471698113206,income,2108
Below poverty line,0.5875370919881305,income,2108
Middle (2-4x),0.4784688995215311,income,2108
Near poverty (1-2x),0.5013550135501355,income,2108
Mexican American,0.48,race,2109
Non-Hispanic Asian,0.30864197530864196,race,2109
Non-Hispanic Black,0.5658914728682171,race,2109
Non-Hispanic White,0.5380333951762524,race,2109
Other Hispanic,0.5211267605633803,race,2109
Other Race - Including Multi-Racial,0.5079365079365079,race,2109
Above 4x poverty line,0.29333333333333333,income,2109
Below poverty line,0.6297376093294461,income,2109
Middle (2-4x),0.4696969696969697,income,2109
Near poverty (1-2x),0.550761421319797,income,2109
Mexican American,0.435,race,2110
Non-Hispanic Asian,0.37037037037037035,race,2110
Non-Hispanic Black,0.5232558139534884,race,2110
Non-Hispanic White,0.5417439703153989,race,2110
Other Hispanic,0.5633802816901409,race,2110
Other Race - Including Multi-Racial,0.5079365079365079,race,2110
Above 4x poverty line,0.34838709677419355,income,2110
Below poverty line,0.5587392550143266,income,2110
Middle (2-4x),0.47381546134663344,income,2110
Near poverty (1-2x),0.5740740740740741,income,2110
Mexican American,0.44,race,2111
Non-Hispanic Asian,0.35802469135802467,race,2111
Non-Hispanic Black,0.5426356589147286,race,2111
Non-Hispanic White,0.5844155844155844,race,2111
Other Hispanic,0.5492957746478874,race,2111
Other Race - Including Multi-Racial,0.5079365079365079,race,2111
Above 4x poverty line,0.29518072289156627,income,2111
Below poverty line,0.6086956521739131,income,2111
Middle (2-4x),0.5048780487804878,income,2111
Near poverty (1-2x),0.5974025974025974,income,2111
Mexican American,0.47,race,2112
Non-Hispanic Asian,0.3950617283950617,race,2112
Non-Hispanic Black,0.5,race,2112
Non-Hispanic White,0.5714285714285714,race,2112
Other Hispanic,0.5352112676056338,race,2112
Other Race - Including Multi-Racial,0.6190476190476191,race,2112
Above 4x poverty line,0.3221476510067114,income,2112
Below poverty line,0.5823863636363636,income,2112
Middle (2-4x),0.5024509803921569,income,2112
Near poverty (1-2x),0.5882352941176471,income,2112
Mexican American,0.475,race,2113
Non-Hispanic Asian,0.3333333333333333,race,2113
Non-Hispanic Black,0.5426356589147286,race,2113
Non-Hispanic White,0.5287569573283859,race,2113
Other Hispanic,0.5774647887323944,race,2113
Other Race - Including Multi-Racial,0.5873015873015873,race,2113
Above 4x poverty line,0.33540372670807456,income,2113
Below poverty line,0.6491228070175439,income,2113
Middle (2-4x),0.46226415094339623,income,2113
Near poverty (1-2x),0.5449438202247191,income,2113
Mexican American,0.435,race,2114
Non-Hispanic Asian,0.35802469135802467,race,2114
Non-Hispanic Black,0.5775193798449613,race,2114
Non-Hispanic White,0.5435992578849722,race,2114
Other Hispanic,0.5633802816901409,race,2114
Other Race - Including Multi-Racial,0.5079365079365079,race,2114
Above 4x poverty line,0.34705882352941175,income,2114
Below poverty line,0.6,income,2114
Middle (2-4x),0.49343832020997375,income,2114
Near poverty (1-2x),0.5581395348837209,income,2114
Mexican American,0.465,race,2115
Non-Hispanic Asian,0.2716049382716049,race,2115
Non-Hispanic Black,0.5658914728682171,race,2115
Non-Hispanic White,0.5269016697588126,race,2115
Other Hispanic,0.5,race,2115
Other Race - Including Multi-Racial,0.49206349206349204,race,2115
Above 4x poverty line,0.33962264150943394,income,2115
Below poverty line,0.5971428571428572,income,2115
Middle (2-4x),0.47043010752688175,income,2115
Near poverty (1-2x),0.5199004975124378,income,2115
Mexican American,0.49,race,2116
Non-Hispanic Asian,0.32098765432098764,race,2116
Non-Hispanic Black,0.5348837209302325,race,2116
Non-Hispanic White,0.5640074211502782,race,2116
Other Hispanic,0.5915492957746479,race,2116
Other Race - Including Multi-Racial,0.6190476190476191,race,2116
Above 4x poverty line,0.3312883435582822,income,2116
Below poverty line,0.6458923512747875,income,2116
Middle (2-4x),0.4936708860759494,income,2116
Near poverty (1-2x),0.5698924731182796,income,2116
Mexican American,0.435,race,2117
Non-Hispanic Asian,0.345679012345679,race,2117
Non-Hispanic Black,0.5387596899224806,race,2117
Non-Hispanic White,0.5064935064935064,race,2117
Other Hispanic,0.6197183098591549,race,2117
Other Race - Including Multi-Racial,0.5714285714285714,race,2117
Above 4x poverty line,0.26666666666666666,income,2117
Below poverty line,0.603988603988604,income,2117
Middle (2-4x),0.4884910485933504,income,2117
Near poverty (1-2x),0.5425531914893617,income,2117
Mexican American,0.475,race,2118
Non-Hispanic Asian,0.345679012345679,race,2118
Non-Hispanic Black,0.5542635658914729,race,2118
Non-Hispanic White,0.5417439703153989,race,2118
Other Hispanic,0.5492957746478874,race,2118
Other Race - Including Multi-Racial,0.5079365079365079,race,2118
Above 4x poverty line,0.3597560975609756,income,2118
Below poverty line,0.598314606741573,income,2118
Middle (2-4x),0.49019607843137253,income,2118
Near poverty (1-2x),0.5521126760563381,income,2118
Mexican American,0.475,race,2119
Non-Hispanic Asian,0.30864197530864196,race,2119
Non-Hispanic Black,0.5581395348837209,race,2119
Non-Hispanic White,0.5454545454545454,race,2119
Other Hispanic,0.49295774647887325,race,2119
Other Race - Including Multi-Racial,0.42857142857142855,race,2119
Above 4x poverty line,0.3333333333333333,income,2119
Below poverty line,0.5693215339233039,income,2119
Middle (2-4x),0.4587628865979381,income,2119
Near poverty (1-2x),0.58,income,2119
Mexican American,0.495,race,2120
Non-Hispanic Asian,0.4074074074074074,race,2120
Non-Hispanic Black,0.5426356589147286,race,2120
Non-Hispanic White,0.5510204081632653,race,2120
Other Hispanic,0.6056338028169014,race,2120
Other Race - Including Multi-Racial,0.5714285714285714,race,2120
Above 4x poverty line,0.3287671232876712,income,2120
Below poverty line,0.6380697050938338,income,2120
Middle (2-4x),0.48556430446194226,income,2120
Near poverty (1-2x),0.5744125326370757,income,2120
Mexican American,0.445,race,2121
Non-Hispanic Asian,0.41975308641975306,race,2121
Non-Hispanic Black,0.5542635658914729,race,2121
Non-Hispanic White,0.5435992578849722,race,2121
Other Hispanic,0.5774647887323944,race,2121
Other Race - Including Multi-Racial,0.5396825396825397,race,2121
Above 4x poverty line,0.3586206896551724,income,2121
Below poverty line,0.6330532212885154,income,2121
Middle (2-4x),0.4798994974874372,income,2121
Near poverty (1-2x),0.5378590078328982,income,2121
Mexican American,0.495,race,2122
Non-Hispanic Asian,0.30864197530864196,race,2122
Non-Hispanic Black,0.5813953488372093,race,2122
Non-Hispanic White,0.549165120593692,race,2122
Other Hispanic,0.5422535211267606,race,2122
Other Race - Including Multi-Racial,0.5238095238095238,race,2122
Above 4x poverty line,0.3395061728395062,income,2122
Below poverty line,0.6331521739130435,income,2122
Middle (2-4x),0.4781491002570694,income,2122
Near poverty (1-2x),0.5659340659340659,income,2122
Mexican American,0.46,race,2123
Non-Hispanic Asian,0.32098765432098764,race,2123
Non-Hispanic Black,0.562015503875969,race,2123
Non-Hispanic White,0.5324675324675324,race,2123
Other Hispanic,0.528169014084507,race,2123
Other Race - Including Multi-Racial,0.5714285714285714,race,2123
Above 4x poverty line,0.27325581395348836,income,2123
Below poverty line,0.6201117318435754,income,2123
Middle (2-4x),0.4652956298200514,income,2123
Near poverty (1-2x),0.5796703296703297,income,2123
Mexican American,0.425,race,2124
Non-Hispanic Asian,0.32098765432098764,race,2124
Non-Hispanic Black,0.6007751937984496,race,2124
Non-Hispanic White,0.5547309833024119,race,2124
Other Hispanic,0.5774647887323944,race,2124
Other Race - Including Multi-Racial,0.5555555555555556,race,2124
Above 4x poverty line,0.3167701863354037,income,2124
Below poverty line,0.6473988439306358,income,2124
Middle (2-4x),0.46736292428198434,income,2124
Near poverty (1-2x),0.5801526717557252,income,2124
Mexican American,0.47,race,2125
Non-Hispanic Asian,0.2962962962962963,race,2125
Non-Hispanic Black,0.5077519379844961,race,2125
Non-Hispanic White,0.5306122448979592,race,2125
Other Hispanic,0.5352112676056338,race,2125
Other Race - Including Multi-Racial,0.5238095238095238,race,2125
Above 4x poverty line,0.3374233128834356,income,2125
Below poverty line,0.5357142857142857,income,2125
Middle (2-4x),0.4768856447688564,income,2125
Near poverty (1-2x),0.5710455764075067,income,2125
Mexican American,0.455,race,2126
Non-Hispanic Asian,0.4444444444444444,race,2126
Non-Hispanic Black,0.5387596899224806,race,2126
Non-Hispanic White,0.536178107606679,race,2126
Other Hispanic,0.4507042253521127,race,2126
Other Race - Including Multi-Racial,0.47619047619047616,race,2126
Above 4x poverty line,0.2972972972972973,income,2126
Below poverty line,0.5988538681948424,income,2126
Middle (2-4x),0.4831730769230769,income,2126
Near poverty (1-2x),0.527027027027027,income,2126
Mexican American,0.45,race,2127
Non-Hispanic Asian,0.35802469135802467,race,2127
Non-Hispanic Black,0.5310077519379846,race,2127
Non-Hispanic White,0.5306122448979592,race,2127
Other Hispanic,0.5211267605633803,race,2127
Other Race - Including Multi-Racial,0.6507936507936508,race,2127
Above 4x poverty line,0.35668789808917195,income,2127
Below poverty line,0.5804597701149425,income,2127
Middle (2-4x),0.4708860759493671,income,2127
Near poverty (1-2x),0.556135770234987,income,2127
Mexican American,0.5,race,2128
Non-Hispanic Asian,0.32098765432098764,race,2128
Non-Hispanic Black,0.5891472868217055,race,2128
Non-Hispanic White,0.5714285714285714,race,2128
Other Hispanic,0.5352112676056338,race,2128
Other Race - Including Multi-Racial,0.5079365079365079,race,2128
Above 4x poverty line,0.41935483870967744,income,2128
Below poverty line,0.6143617021276596,income,2128
Middle (2-4x),0.4935064935064935,income,2128
Near poverty (1-2x),0.5667574931880109,income,2128
Mexican American,0.45,race,2129
Non-Hispanic Asian,0.4074074074074074,race,2129
Non-Hispanic Black,0.5271317829457365,race,2129
Non-Hispanic White,0.549165120593692,race,2129
Other Hispanic,0.49295774647887325,race,2129
Other Race - Including Multi-Racial,0.5714285714285714,race,2129
Above 4x poverty line,0.34104046242774566,income,2129
Below poverty line,0.6261127596439169,income,2129
Middle (2-4x),0.45454545454545453,income,2129
Near poverty (1-2x),0.5538847117794486,income,2129
Mexican American,0.46,race,2130
Non-Hispanic Asian,0.35802469135802467,race,2130
Non-Hispanic Black,0.5077519379844961,race,2130
Non-Hispanic White,0.5584415584415584,race,2130
Other Hispanic,0.5140845070422535,race,2130
Other Race - Including Multi-Racial,0.5396825396825397,race,2130
Above 4x poverty line,0.30718954248366015,income,2130
Below poverty line,0.5843023255813954,income,2130
Middle (2-4x),0.46446700507614214,income,2130
Near poverty (1-2x),0.5841836734693877,income,2130
Mexican American,0.455,race,2131
Non-Hispanic Asian,0.2839506172839506,race,2131
Non-Hispanic Black,0.5581395348837209,race,2131
Non-Hispanic White,0.5398886827458256,race,2131
Other Hispanic,0.5211267605633803,race,2131
Other Race - Including Multi-Racial,0.5396825396825397,race,2131
Above 4x poverty line,0.36875,income,2131
Below poverty line,0.577259475218659,income,2131
Middle (2-4x),0.4900990099009901,income,2131
Near poverty (1-2x),0.5372340425531915,income,2131
Mexican American,0.47,race,2132
Non-Hispanic Asian,0.32098765432098764,race,2132
Non-Hispanic Black,0.5348837209302325,race,2132
Non-Hispanic White,0.536178107606679,race,2132
Other Hispanic,0.5845070422535211,race,2132
Other Race - Including Multi-Racial,0.6507936507936508,race,2132
Above 4x poverty line,0.3313953488372093,income,2132
Below poverty line,0.5988200589970502,income,2132
Middle (2-4x),0.5053475935828877,income,2132
Near poverty (1-2x),0.5577889447236181,income,2132
Mexican American,0.465,race,2133
Non-Hispanic Asian,0.2345679012345679,race,2133
Non-Hispanic Black,0.5348837209302325,race,2133
Non-Hispanic White,0.5398886827458256,race,2133
Other Hispanic,0.5422535211267606,race,2133
Other Race - Including Multi-Racial,0.47619047619047616,race,2133
Above 4x poverty line,0.35,income,2133
Below poverty line,0.5487804878048781,income,2133
Middle (2-4x),0.44029850746268656,income,2133
Near poverty (1-2x),0.5979643765903307,income,2133
Mexican American,0.465,race,2134
Non-Hispanic Asian,0.3950617283950617,race,2134
Non-Hispanic Black,0.5813953488372093,race,2134
Non-Hispanic White,0.536178107606679,race,2134
Other Hispanic,0.5492957746478874,race,2134
Other Race - Including Multi-Racial,0.6190476190476191,race,2134
Above 4x poverty line,0.35443037974683544,income,2134
Below poverty line,0.6319018404907976,income,2134
Middle (2-4x),0.4948186528497409,income,2134
Near poverty (1-2x),0.5520581113801453,income,2134
Mexican American,0.4,race,2135
Non-Hispanic Asian,0.2839506172839506,race,2135
Non-Hispanic Black,0.5658914728682171,race,2135
Non-Hispanic White,0.5269016697588126,race,2135
Other Hispanic,0.5985915492957746,race,2135
Other Race - Including Multi-Racial,0.5873015873015873,race,2135
Above 4x poverty line,0.3416149068322981,income,2135
Below poverty line,0.5706214689265536,income,2135
Middle (2-4x),0.46825396825396826,income,2135
Near poverty (1-2x),0.5666666666666667,income,2135
Mexican American,0.34,race,2136
Non-Hispanic Asian,0.2962962962962963,race,2136
Non-Hispanic Black,0.5736434108527132,race,2136
Non-Hispanic White,0.5565862708719852,race,2136
Other Hispanic,0.528169014084507,race,2136
Other Race - Including Multi-Racial,0.4603174603174603,race,2136
Above 4x poverty line,0.3051948051948052,income,2136
Below poverty line,0.547683923705722,income,2136
Middle (2-4x),0.5103626943005182,income,2136
Near poverty (1-2x),0.5292553191489362,income,2136
Mexican American,0.515,race,2137
Non-Hispanic Asian,0.30864197530864196,race,2137
Non-Hispanic Black,0.5775193798449613,race,2137
Non-Hispanic White,0.5454545454545454,race,2137
Other Hispanic,0.5563380281690141,race,2137
Other Race - Including Multi-Racial,0.4444444444444444,race,2137
Above 4x poverty line,0.3271604938271605,income,2137
Below poverty line,0.5994152046783626,income,2137
Middle (2-4x),0.48429319371727747,income,2137
Near poverty (1-2x),0.5919395465994962,income,2137
Mexican American,0.45,race,2138
Non-Hispanic Asian,0.2962962962962963,race,2138
Non-Hispanic Black,0.5116279069767442,race,2138
Non-Hispanic White,0.549165120593692,race,2138
Other Hispanic,0.5211267605633803,race,2138
Other Race - Including Multi-Racial,0.5396825396825397,race,2138
Above 4x poverty line,0.35502958579881655,income,2138
Below poverty line,0.5898203592814372,income,2138
Middle (2-4x),0.4876847290640394,income,2138
Near poverty (1-2x),0.5213903743315508,income,2138
Mexican American,0.475,race,2139
Non-Hispanic Asian,0.345679012345679,race,2139
Non-Hispanic Black,0.5426356589147286,race,2139
Non-Hispanic White,0.5269016697588126,race,2139
Other Hispanic,0.5,race,2139
Other Race - Including Multi-Racial,0.5396825396825397,race,2139
Above 4x poverty line,0.3393939393939394,income,2139
Below poverty line,0.5942857142857143,income,2139
Middle (2-4x),0.46867167919799496,income,2139
Near poverty (1-2x),0.5447154471544715,income,2139
Mexican American,0.435,race,2140
Non-Hispanic Asian,0.345679012345679,race,2140
Non-Hispanic Black,0.5193798449612403,race,2140
Non-Hispanic White,0.5454545454545454,race,2140
Other Hispanic,0.5211267605633803,race,2140
Other Race - Including Multi-Racial,0.5714285714285714,race,2140
Above 4x poverty line,0.3475609756097561,income,2140
Below poverty line,0.563076923076923,income,2140
Middle (2-4x),0.48148148148148145,income,2140
Near poverty (1-2x),0.5604113110539846,income,2140
Mexican American,0.415,race,2141
Non-Hispanic Asian,0.30864197530864196,race,2141
Non-Hispanic Black,0.5542635658914729,race,2141
Non-Hispanic White,0.5602968460111317,race,2141
Other Hispanic,0.5070422535211268,race,2141
Other Race - Including Multi-Racial,0.6031746031746031,race,2141
Above 4x poverty line,0.3248407643312102,income,2141
Below poverty line,0.5882352941176471,income,2141
Middle (2-4x),0.4617283950617284,income,2141
Near poverty (1-2x),0.5905511811023622,income,2141
Mexican American,0.415,race,2142
Non-Hispanic Asian,0.3333333333333333,race,2142
Non-Hispanic Black,0.5968992248062015,race,2142
Non-Hispanic White,0.5844155844155844,race,2142
Other Hispanic,0.6126760563380281,race,2142
Other Race - Including Multi-Racial,0.5238095238095238,race,2142
Above 4x poverty line,0.3409090909090909,income,2142
Below poverty line,0.6308539944903582,income,2142
Middle (2-4x),0.49869451697127937,income,2142
Near poverty (1-2x),0.6066481994459834,income,2142
Mexican American,0.48,race,2143
Non-Hispanic Asian,0.30864197530864196,race,2143
Non-Hispanic Black,0.5271317829457365,race,2143
Non-Hispanic White,0.5343228200371057,race,2143
Other Hispanic,0.5352112676056338,race,2143
Other Race - Including Multi-Racial,0.5238095238095238,race,2143
Above 4x poverty line,0.3374233128834356,income,2143
Below poverty line,0.5582089552238806,income,2143
Middle (2-4x),0.49622166246851385,income,2143
Near poverty (1-2x),0.5541237113402062,income,2143
Mexican American,0.465,race,2144
Non-Hispanic Asian,0.30864197530864196,race,2144
Non-Hispanic Black,0.4806201550387597,race,2144
Non-Hispanic White,0.5398886827458256,race,2144
Other Hispanic,0.5985915492957746,race,2144
Other Race - Including Multi-Racial,0.5714285714285714,race,2144
Above 4x poverty line,0.25,income,2144
Below poverty line,0.5952380952380952,income,2144
Middle (2-4x),0.46454767726161367,income,2144
Near poverty (1-2x),0.5854922279792746,income,2144
Mexican American,0.47,race,2145
Non-Hispanic Asian,0.37037037037037035,race,2145
Non-Hispanic Black,0.5697674418604651,race,2145
Non-Hispanic White,0.5157699443413729,race,2145
Other Hispanic,0.5774647887323944,race,2145
Other Race - Including Multi-Racial,0.5873015873015873,race,2145
Above 4x poverty line,0.3088235294117647,income,2145
Below poverty line,0.5564738292011019,income,2145
Middle (2-4x),0.49,income,2145
Near poverty (1-2x),0.59375,income,2145
Mexican American,0.48,race,2146
Non-Hispanic Asian,0.37037037037037035,race,2146
Non-Hispanic Black,0.562015503875969,race,2146
Non-Hispanic White,0.5176252319109462,race,2146
Other Hispanic,0.5,race,2146
Other Race - Including Multi-Racial,0.6666666666666666,race,2146
Above 4x poverty line,0.3067484662576687,income,2146
Below poverty line,0.6140845070422535,income,2146
Middle (2-4x),0.4627659574468085,income,2146
Near poverty (1-2x),0.5681233933161953,income,2146
Mexican American,0.44,race,2147
Non-Hispanic Asian,0.38271604938271603,race,2147
Non-Hispanic Black,0.5813953488372093,race,2147
Non-Hispanic White,0.549165120593692,race,2147
Other Hispanic,0.4788732394366197,race,2147
Other Race - Including Multi-Racial,0.6031746031746031,race,2147
Above 4x poverty line,0.36419753086419754,income,2147
Below poverty line,0.5760233918128655,income,2147
Middle (2-4x),0.4801980198019802,income,2147
Near poverty (1-2x),0.5893333333333334,income,2147
Mexican American,0.465,race,2148
Non-Hispanic Asian,0.2962962962962963,race,2148
Non-Hispanic Black,0.5348837209302325,race,2148
Non-Hispanic White,0.5640074211502782,race,2148
Other Hispanic,0.5352112676056338,race,2148
Other Race - Including Multi-Racial,0.47619047619047616,race,2148
Above 4x poverty line,0.32075471698113206,income,2148
Below poverty line,0.6138328530259366,income,2148
Middle (2-4x),0.5,income,2148
Near poverty (1-2x),0.5333333333333333,income,2148
Mexican American,0.445,race,2149
Non-Hispanic Asian,0.345679012345679,race,2149
Non-Hispanic Black,0.5542635658914729,race,2149
Non-Hispanic White,0.5324675324675324,race,2149
Other Hispanic,0.5352112676056338,race,2149
Other Race - Including Multi-Racial,0.47619047619047616,race,2149
Above 4x poverty line,0.36585365853658536,income,2149
Below poverty line,0.5914634146341463,income,2149
Middle (2-4x),0.46867167919799496,income,2149
Near poverty (1-2x),0.5408163265306123,income,2149
Mexican American,0.44,race,2150
Non-Hispanic Asian,0.3333333333333333,race,2150
Non-Hispanic Black,0.5271317829457365,race,2150
Non-Hispanic White,0.5398886827458256,race,2150
Other Hispanic,0.5492957746478874,race,2150
Other Race - Including Multi-Racial,0.5238095238095238,race,2150
Above 4x poverty line,0.36809815950920244,income,2150
Below poverty line,0.5655737704918032,income,2150
Middle (2-4x),0.4715447154471545,income,2150
Near poverty (1-2x),0.5506493506493506,income,2150
Mexican American,0.5,race,2151
Non-Hispanic Asian,0.32098765432098764,race,2151
Non-Hispanic Black,0.5542635658914729,race,2151
Non-Hispanic White,0.5324675324675324,race,2151
Other Hispanic,0.5915492957746479,race,2151
Other Race - Including Multi-Racial,0.5873015873015873,race,2151
Above 4x poverty line,0.32941176470588235,income,2151
Below poverty line,0.6051873198847262,income,2151
Middle (2-4x),0.5335051546391752,income,2151
Near poverty (1-2x),0.5396825396825397,income,2151
Mexican American,0.43,race,2152
Non-Hispanic Asian,0.32098765432098764,race,2152
Non-Hispanic Black,0.5542635658914729,race,2152
Non-Hispanic White,0.5380333951762524,race,2152
Other Hispanic,0.5563380281690141,race,2152
Other Race - Including Multi-Racial,0.5714285714285714,race,2152
Above 4x poverty line,0.28484848484848485,income,2152
Below poverty line,0.6029850746268657,income,2152
Middle (2-4x),0.49514563106796117,income,2152
Near poverty (1-2x),0.5579514824797843,income,2152
Mexican American,0.415,race,2153
Non-Hispanic Asian,0.35802469135802467,race,2153
Non-Hispanic Black,0.562015503875969,race,2153
Non-Hispanic White,0.5194805194805194,race,2153
Other Hispanic,0.6126760563380281,race,2153
Other Race - Including Multi-Racial,0.5396825396825397,race,2153
Above 4x poverty line,0.33519553072625696,income,2153
Below poverty line,0.6057142857142858,income,2153
Middle (2-4x),0.46770025839793283,income,2153
Near poverty (1-2x),0.55858310626703,income,2153
Mexican American,0.48,race,2154
Non-Hispanic Asian,0.2716049382716049,race,2154
Non-Hispanic Black,0.5077519379844961,race,2154
Non-Hispanic White,0.5473098330241187,race,2154
Other Hispanic,0.4788732394366197,race,2154
Other Race - Including Multi-Racial,0.5396825396825397,race,2154
Above 4x poverty line,0.29069767441860467,income,2154
Below poverty line,0.5789473684210527,income,2154
Middle (2-4x),0.4794871794871795,income,2154
Near poverty (1-2x),0.5567282321899736,income,2154
Mexican American,0.445,race,2155
Non-Hispanic Asian,0.30864197530864196,race,2155
Non-Hispanic Black,0.5348837209302325,race,2155
Non-Hispanic White,0.5435992578849722,race,2155
Other Hispanic,0.5633802816901409,race,2155
Other Race - Including Multi-Racial,0.5714285714285714,race,2155
Above 4x poverty line,0.33707865168539325,income,2155
Below poverty line,0.5714285714285714,income,2155
Middle (2-4x),0.4846153846153846,income,2155
Near poverty (1-2x),0.5804749340369393,income,2155
Mexican American,0.47,race,2156
Non-Hispanic Asian,0.32098765432098764,race,2156
Non-Hispanic Black,0.6046511627906976,race,2156
Non-Hispanic White,0.5510204081632653,race,2156
Other Hispanic,0.6056338028169014,race,2156
Other Race - Including Multi-Racial,0.5714285714285714,race,2156
Above 4x poverty line,0.3128834355828221,income,2156
Below poverty line,0.6183431952662722,income,2156
Middle (2-4x),0.5283505154639175,income,2156
Near poverty (1-2x),0.583756345177665,income,2156
Mexican American,0.435,race,2157
Non-Hispanic Asian,0.345679012345679,race,2157
Non-Hispanic Black,0.5426356589147286,race,2157
Non-Hispanic White,0.5528756957328386,race,2157
Other Hispanic,0.5140845070422535,race,2157
Other Race - Including Multi-Racial,0.49206349206349204,race,2157
Above 4x poverty line,0.2929936305732484,income,2157
Below poverty line,0.5893854748603352,income,2157
Middle (2-4x),0.47354497354497355,income,2157
Near poverty (1-2x),0.5666666666666667,income,2157
Mexican American,0.43,race,2158
Non-Hispanic Asian,0.2962962962962963,race,2158
Non-Hispanic Black,0.5348837209302325,race,2158
Non-Hispanic White,0.5343228200371057,race,2158
Other Hispanic,0.5422535211267606,race,2158
Other Race - Including Multi-Racial,0.6507936507936508,race,2158
Above 4x poverty line,0.29012345679012347,income,2158
Below poverty line,0.6330532212885154,income,2158
Middle (2-4x),0.47527472527472525,income,2158
Near poverty (1-2x),0.52,income,2158
Mexican American,0.43,race,2159
Non-Hispanic Asian,0.4567901234567901,race,2159
Non-Hispanic Black,0.5077519379844961,race,2159
Non-Hispanic White,0.5528756957328386,race,2159
Other Hispanic,0.5774647887323944,race,2159
Other Race - Including Multi-Racial,0.5873015873015873,race,2159
Above 4x poverty line,0.35947712418300654,income,2159
Below poverty line,0.5915492957746479,income,2159
Middle (2-4x),0.5158924205378973,income,2159
Near poverty (1-2x),0.5327868852459017,income,2159
Mexican American,0.455,race,2160
Non-Hispanic Asian,0.2839506172839506,race,2160
Non-Hispanic Black,0.5038759689922481,race,2160
Non-Hispanic White,0.5640074211502782,race,2160
Other Hispanic,0.528169014084507,race,2160
Other Race - Including Multi-Racial,0.4603174603174603,race,2160
Above 4x poverty line,0.3793103448275862,income,2160
Below poverty line,0.5782122905027933,income,2160
Middle (2-4x),0.4481865284974093,income,2160
Near poverty (1-2x),0.550761421319797,income,2160
Mexican American,0.425,race,2161
Non-Hispanic Asian,0.30864197530864196,race,2161
Non-Hispanic Black,0.5658914728682171,race,2161
Non-Hispanic White,0.5250463821892394,race,2161
Other Hispanic,0.5422535211267606,race,2161
Other Race - Including Multi-Racial,0.4444444444444444,race,2161
Above 4x poverty line,0.3375,income,2161
Below poverty line,0.5701492537313433,income,2161
Middle (2-4x),0.45454545454545453,income,2161
Near poverty (1-2x),0.5682451253481894,income,2161
Mexican American,0.48,race,2162
Non-Hispanic Asian,0.3950617283950617,race,2162
Non-Hispanic Black,0.5116279069767442,race,2162
Non-Hispanic White,0.5250463821892394,race,2162
Other Hispanic,0.5352112676056338,race,2162
Other Race - Including Multi-Racial,0.5238095238095238,race,2162
Above 4x poverty line,0.3624161073825503,income,2162
Below poverty line,0.573134328358209,income,2162
Middle (2-4x),0.47783251231527096,income,2162
Near poverty (1-2x),0.539440203562341,income,2162
Mexican American,0.445,race,2163
Non-Hispanic Asian,0.345679012345679,race,2163
Non-Hispanic Black,0.5232558139534884,race,2163
Non-Hispanic White,0.5324675324675324,race,2163
Other Hispanic,0.5563380281690141,race,2163
Other Race - Including Multi-Racial,0.47619047619047616,race,2163
Above 4x poverty line,0.35507246376811596,income,2163
Below poverty line,0.5425219941348973,income,2163
Middle (2-4x),0.4756380510440835,income,2163
Near poverty (1-2x),0.5603217158176944,income,2163
Mexican American,0.455,race,2164
Non-Hispanic Asian,0.4567901234567901,race,2164
Non-Hispanic Black,0.5271317829457365,race,2164
Non-Hispanic White,0.5120593692022264,race,2164
Other Hispanic,0.4647887323943662,race,2164
Other Race - Including Multi-Racial,0.5873015873015873,race,2164
Above 4x poverty line,0.29931972789115646,income,2164
Below poverty line,0.6017441860465116,income,2164
Middle (2-4x),0.4650602409638554,income,2164
Near poverty (1-2x),0.5278514588859416,income,2164
Mexican American,0.405,race,2165
Non-Hispanic Asian,0.25925925925925924,race,2165
Non-Hispanic Black,0.5310077519379846,race,2165
Non-Hispanic White,0.5640074211502782,race,2165
Other Hispanic,0.5492957746478874,race,2165
Other Race - Including Multi-Racial,0.49206349206349204,race,2165
Above 4x poverty line,0.4382716049382716,income,2165
Below poverty line,0.5462962962962963,income,2165
Middle (2-4x),0.46683673469387754,income,2165
Near poverty (1-2x),0.5456790123456791,income,2165
Mexican American,0.45,race,2166
Non-Hispanic Asian,0.3950617283950617,race,2166
Non-Hispanic Black,0.5503875968992248,race,2166
Non-Hispanic White,0.5176252319109462,race,2166
Other Hispanic,0.5704225352112676,race,2166
Other Race - Including Multi-Racial,0.4126984126984127,race,2166
Above 4x poverty line,0.2934131736526946,income,2166
Below poverty line,0.62,income,2166
Middle (2-4x),0.5145888594164456,income,2166
Near poverty (1-2x),0.4884318766066838,income,2166
Mexican American,0.49,race,2167
Non-Hispanic Asian,0.32098765432098764,race,2167
Non-Hispanic Black,0.5736434108527132,race,2167
Non-Hispanic White,0.5398886827458256,race,2167
Other Hispanic,0.5,race,2167
Other Race - Including Multi-Racial,0.42857142857142855,race,2167
Above 4x poverty line,0.3087248322147651,income,2167
Below poverty line,0.5405405405405406,income,2167
Middle (2-4x),0.5390835579514824,income,2167
Near poverty (1-2x),0.5470737913486005,income,2167
Mexican American,0.42,race,2168
Non-Hispanic Asian,0.345679012345679,race,2168
Non-Hispanic Black,0.5310077519379846,race,2168
Non-Hispanic White,0.5547309833024119,race,2168
Other Hispanic,0.5140845070422535,race,2168
Other Race - Including Multi-Racial,0.6666666666666666,race,2168
Above 4x poverty line,0.3236994219653179,income,2168
Below poverty line,0.6053412462908012,income,2168
Middle (2-4x),0.4777227722772277,income,2168
Near poverty (1-2x),0.5691056910569106,income,2168
Mexican American,0.45,race,2169
Non-Hispanic Asian,0.37037037037037035,race,2169
Non-Hispanic Black,0.5116279069767442,race,2169
Non-Hispanic White,0.5046382189239332,race,2169
Other Hispanic,0.4788732394366197,race,2169
Other Race - Including Multi-Racial,0.49206349206349204,race,2169
Above 4x poverty line,0.32679738562091504,income,2169
Below poverty line,0.5408450704225352,income,2169
Middle (2-4x),0.4246913580246914,income,2169
Near poverty (1-2x),0.5648648648648649,income,2169
Mexican American,0.44,race,2170
Non-Hispanic Asian,0.35802469135802467,race,2170
Non-Hispanic Black,0.5348837209302325,race,2170
Non-Hispanic White,0.5825602968460112,race,2170
Other Hispanic,0.5422535211267606,race,2170
Other Race - Including Multi-Racial,0.4603174603174603,race,2170
Above 4x poverty line,0.3120567375886525,income,2170
Below poverty line,0.6289855072463768,income,2170
Middle (2-4x),0.4549763033175355,income,2170
Near poverty (1-2x),0.592,income,2170
Mexican American,0.43,race,2171
Non-Hispanic Asian,0.38271604938271603,race,2171
Non-Hispanic Black,0.6162790697674418,race,2171
Non-Hispanic White,0.5454545454545454,race,2171
Other Hispanic,0.5352112676056338,race,2171
Other Race - Including Multi-Racial,0.5873015873015873,race,2171
Above 4x poverty line,0.391025641025641,income,2171
Below poverty line,0.5899705014749262,income,2171
Middle (2-4x),0.5208333333333334,income,2171
Near poverty (1-2x),0.5495049504950495,income,2171
Mexican American,0.4,race,2172
Non-Hispanic Asian,0.30864197530864196,race,2172
Non-Hispanic Black,0.5542635658914729,race,2172
Non-Hispanic White,0.536178107606679,race,2172
Other Hispanic,0.5140845070422535,race,2172
Other Race - Including Multi-Racial,0.6031746031746031,race,2172
Above 4x poverty line,0.3493150684931507,income,2172
Below poverty line,0.5907692307692308,income,2172
Middle (2-4x),0.44675925925925924,income,2172
Near poverty (1-2x),0.5578947368421052,income,2172
Mexican American,0.44,race,2173
Non-Hispanic Asian,0.3333333333333333,race,2173
Non-Hispanic Black,0.5658914728682171,race,2173
Non-Hispanic White,0.5231910946196661,race,2173
Other Hispanic,0.528169014084507,race,2173
Other Race - Including Multi-Racial,0.5555555555555556,race,2173
Above 4x poverty line,0.28289473684210525,income,2173
Below poverty line,0.5793650793650794,income,2173
Middle (2-4x),0.4421052631578947,income,2173
Near poverty (1-2x),0.5978552278820375,income,2173
Mexican American,0.475,race,2174
Non-Hispanic Asian,0.35802469135802467,race,2174
Non-Hispanic Black,0.5387596899224806,race,2174
Non-Hispanic White,0.5714285714285714,race,2174
Other Hispanic,0.5211267605633803,race,2174
Other Race - Including Multi-Racial,0.5555555555555556,race,2174
Above 4x poverty line,0.3373493975903614,income,2174
Below poverty line,0.598404255319149,income,2174
Middle (2-4x),0.4907161803713528,income,2174
Near poverty (1-2x),0.5879120879120879,income,2174
Mexican American,0.435,race,2175
Non-Hispanic Asian,0.25925925925925924,race,2175
Non-Hispanic Black,0.5697674418604651,race,2175
Non-Hispanic White,0.5510204081632653,race,2175
Other Hispanic,0.5211267605633803,race,2175
Other Race - Including Multi-Racial,0.5396825396825397,race,2175
Above 4x poverty line,0.3128834355828221,income,2175
Below poverty line,0.6184971098265896,income,2175
Middle (2-4x),0.46,income,2175
Near poverty (1-2x),0.5641711229946524,income,2175
Mexican American,0.425,race,2176
Non-Hispanic Asian,0.25925925925925924,race,2176
Non-Hispanic Black,0.5775193798449613,race,2176
Non-Hispanic White,0.5435992578849722,race,2176
Other Hispanic,0.5352112676056338,race,2176
Other Race - Including Multi-Racial,0.5714285714285714,race,2176
Above 4x poverty line,0.34545454545454546,income,2176
Below poverty line,0.5851648351648352,income,2176
Middle (2-4x),0.48711340206185566,income,2176
Near poverty (1-2x),0.5491803278688525,income,2176
Mexican American,0.46,race,2177
Non-Hispanic Asian,0.25925925925925924,race,2177
Non-Hispanic Black,0.5736434108527132,race,2177
Non-Hispanic White,0.5380333951762524,race,2177
Other Hispanic,0.4507042253521127,race,2177
Other Race - Including Multi-Racial,0.47619047619047616,race,2177
Above 4x poverty line,0.2694610778443114,income,2177
Below poverty line,0.5935672514619883,income,2177
Middle (2-4x),0.4580335731414868,income,2177
Near poverty (1-2x),0.5770308123249299,income,2177
Mexican American,0.425,race,2178
Non-Hispanic Asian,0.345679012345679,race,2178
Non-Hispanic Black,0.6085271317829457,race,2178
Non-Hispanic White,0.5528756957328386,race,2178
Other Hispanic,0.5915492957746479,race,2178
Other Race - Including Multi-Racial,0.5555555555555556,race,2178
Above 4x poverty line,0.36666666666666664,income,2178
Below poverty line,0.6104651162790697,income,2178
Middle (2-4x),0.4864864864864865,income,2178
Near poverty (1-2x),0.5863874345549738,income,2178
Mexican American,0.44,race,2179
Non-Hispanic Asian,0.25925925925925924,race,2179
Non-Hispanic Black,0.5542635658914729,race,2179
Non-Hispanic White,0.5343228200371057,race,2179
Other Hispanic,0.5633802816901409,race,2179
Other Race - Including Multi-Racial,0.6507936507936508,race,2179
Above 4x poverty line,0.30994152046783624,income,2179
Below poverty line,0.5545722713864307,income,2179
Middle (2-4x),0.5187165775401069,income,2179
Near poverty (1-2x),0.5664160401002506,income,2179
Mexican American,0.45,race,2180
Non-Hispanic Asian,0.30864197530864196,race,2180
Non-Hispanic Black,0.5503875968992248,race,2180
Non-Hispanic White,0.5250463821892394,race,2180
Other Hispanic,0.5774647887323944,race,2180
Other Race - Including Multi-Racial,0.5714285714285714,race,2180
Above 4x poverty line,0.3076923076923077,income,2180
Below poverty line,0.603030303030303,income,2180
Middle (2-4x),0.4641975308641975,income,2180
Near poverty (1-2x),0.5688775510204082,income,2180
Mexican American,0.46,race,2181
Non-Hispanic Asian,0.3950617283950617,race,2181
Non-Hispanic Black,0.5697674418604651,race,2181
Non-Hispanic White,0.5380333951762524,race,2181
Other Hispanic,0.5352112676056338,race,2181
Other Race - Including Multi-Racial,0.49206349206349204,race,2181
Above 4x poverty line,0.3684210526315789,income,2181
Below poverty line,0.6049723756906077,income,2181
Middle (2-4x),0.494475138121547,income,2181
Near poverty (1-2x),0.5335051546391752,income,2181
Mexican American,0.47,race,2182
Non-Hispanic Asian,0.32098765432098764,race,2182
Non-Hispanic Black,0.6007751937984496,race,2182
Non-Hispanic White,0.5250463821892394,race,2182
Other Hispanic,0.5140845070422535,race,2182
Other Race - Including Multi-Racial,0.47619047619047616,race,2182
Above 4x poverty line,0.2988505747126437,income,2182
Below poverty line,0.6074498567335244,income,2182
Middle (2-4x),0.46842105263157896,income,2182
Near poverty (1-2x),0.5763157894736842,income,2182
Mexican American,0.435,race,2183
Non-Hispanic Asian,0.35802469135802467,race,2183
Non-Hispanic Black,0.5193798449612403,race,2183
Non-Hispanic White,0.5565862708719852,race,2183
Other Hispanic,0.5704225352112676,race,2183
Other Race - Including Multi-Racial,0.47619047619047616,race,2183
Above 4x poverty line,0.3151515151515151,income,2183
Below poverty line,0.556786703601108,income,2183
Middle (2-4x),0.5,income,2183
Near poverty (1-2x),0.5774278215223098,income,2183
Mexican American,0.425,race,2184
Non-Hispanic Asian,0.30864197530864196,race,2184
Non-Hispanic Black,0.5232558139534884,race,2184
Non-Hispanic White,0.5324675324675324,race,2184
Other Hispanic,0.5422535211267606,race,2184
Other Race - Including Multi-Racial,0.49206349206349204,race,2184
Above 4x poverty line,0.35714285714285715,income,2184
Below poverty line,0.5598802395209581,income,2184
Middle (2-4x),0.4413265306122449,income,2184
Near poverty (1-2x),0.5655526992287918,income,2184
Mexican American,0.41,race,2185
Non-Hispanic Asian,0.30864197530864196,race,2185
Non-Hispanic Black,0.5348837209302325,race,2185
Non-Hispanic White,0.5287569573283859,race,2185
Other Hispanic,0.5985915492957746,race,2185
Other Race - Including Multi-Racial,0.6190476190476191,race,2185
Above 4x poverty line,0.35,income,2185
Below poverty line,0.6045845272206304,income,2185
Middle (2-4x),0.4648241206030151,income,2185
Near poverty (1-2x),0.5372340425531915,income,2185
Mexican American,0.455,race,2186
Non-Hispanic Asian,0.3333333333333333,race,2186
Non-Hispanic Black,0.5465116279069767,race,2186
Non-Hispanic White,0.549165120593692,race,2186
Other Hispanic,0.5492957746478874,race,2186
Other Race - Including Multi-Racial,0.6349206349206349,race,2186
Above 4x poverty line,0.38125,income,2186
Below poverty line,0.59375,income,2186
Middle (2-4x),0.4925,income,2186
Near poverty (1-2x),0.555256064690027,income,2186
Mexican American,0.455,race,2187
Non-Hispanic Asian,0.3333333333333333,race,2187
Non-Hispanic Black,0.5465116279069767,race,2187
Non-Hispanic White,0.536178107606679,race,2187
Other Hispanic,0.5352112676056338,race,2187
Other Race - Including Multi-Racial,0.5396825396825397,race,2187
Above 4x poverty line,0.32335329341317365,income,2187
Below poverty line,0.6017191977077364,income,2187
Middle (2-4x),0.4325,income,2187
Near poverty (1-2x),0.6021798365122616,income,2187
Mexican American,0.49,race,2188
Non-Hispanic Asian,0.345679012345679,race,2188
Non-Hispanic Black,0.5271317829457365,race,2188
Non-Hispanic White,0.5602968460111317,race,2188
Other Hispanic,0.5633802816901409,race,2188
Other Race - Including Multi-Racial,0.4603174603174603,race,2188
Above 4x poverty line,0.31137724550898205,income,2188
Below poverty line,0.5994152046783626,income,2188
Middle (2-4x),0.5012787723785166,income,2188
Near poverty (1-2x),0.5744125326370757,income,2188
Mexican American,0.445,race,2189
Non-Hispanic Asian,0.2839506172839506,race,2189
Non-Hispanic Black,0.5852713178294574,race,2189
Non-Hispanic White,0.5139146567717996,race,2189
Other Hispanic,0.5774647887323944,race,2189
Other Race - Including Multi-Racial,0.47619047619047616,race,2189
Above 4x poverty line,0.2865853658536585,income,2189
Below poverty line,0.5677966101694916,income,2189
Middle (2-4x),0.48533333333333334,income,2189
Near poverty (1-2x),0.5692307692307692,income,2189
Mexican American,0.49,race,2190
Non-Hispanic Asian,0.41975308641975306,race,2190
Non-Hispanic Black,0.5348837209302325,race,2190
Non-Hispanic White,0.5306122448979592,race,2190
Other Hispanic,0.4859154929577465,race,2190
Other Race - Including Multi-Racial,0.6031746031746031,race,2190
Above 4x poverty line,0.32515337423312884,income,2190
Below poverty line,0.5838150289017341,income,2190
Middle (2-4x),0.5024752475247525,income,2190
Near poverty (1-2x),0.5540540540540541,income,2190
Mexican American,0.425,race,2191
Non-Hispanic Asian,0.3333333333333333,race,2191
Non-Hispanic Black,0.5697674418604651,race,2191
Non-Hispanic White,0.5658627087198516,race,2191
Other Hispanic,0.4859154929577465,race,2191
Other Race - Including Multi-Racial,0.5555555555555556,race,2191
Above 4x poverty line,0.30344827586206896,income,2191
Below poverty line,0.5949720670391061,income,2191
Middle (2-4x),0.4502487562189055,income,2191
Near poverty (1-2x),0.6084656084656085,income,2191
Mexican American,0.485,race,2192
Non-Hispanic Asian,0.2839506172839506,race,2192
Non-Hispanic Black,0.5465116279069767,race,2192
Non-Hispanic White,0.5380333951762524,race,2192
Other Hispanic,0.5563380281690141,race,2192
Other Race - Including Multi-Racial,0.5079365079365079,race,2192
Above 4x poverty line,0.34210526315789475,income,2192
Below poverty line,0.5945121951219512,income,2192
Middle (2-4x),0.45758354755784064,income,2192
Near poverty (1-2x),0.572463768115942,income,2192
Mexican American,0.455,race,2193
Non-Hispanic Asian,0.37037037037037035,race,2193
Non-Hispanic Black,0.5271317829457365,race,2193
Non-Hispanic White,0.5398886827458256,race,2193
Other Hispanic,0.5492957746478874,race,2193
Other Race - Including Multi-Racial,0.5396825396825397,race,2193
Above 4x poverty line,0.3269230769230769,income,2193
Below poverty line,0.5891238670694864,income,2193
Middle (2-4x),0.47058823529411764,income,2193
Near poverty (1-2x),0.5679012345679012,income,2193
Mexican American,0.45,race,2194
Non-Hispanic Asian,0.37037037037037035,race,2194
Non-Hispanic Black,0.5116279069767442,race,2194
Non-Hispanic White,0.5658627087198516,race,2194
Other Hispanic,0.5633802816901409,race,2194
Other Race - Including Multi-Racial,0.5238095238095238,race,2194
Above 4x poverty line,0.35714285714285715,income,2194
Below poverty line,0.6011080332409973,income,2194
Middle (2-4x),0.48860759493670886,income,2194
Near poverty (1-2x),0.5495978552278821,income,2194
Mexican American,0.47,race,2195
Non-Hispanic Asian,0.3333333333333333,race,2195
Non-Hispanic Black,0.5387596899224806,race,2195
Non-Hispanic White,0.5250463821892394,race,2195
Other Hispanic,0.5211267605633803,race,2195
Other Race - Including Multi-Racial,0.5714285714285714,race,2195
Above 4x poverty line,0.3496932515337423,income,2195
Below poverty line,0.56657223796034,income,2195
Middle (2-4x),0.46,income,2195
Near poverty (1-2x),0.5776566757493188,income,2195
Mexican American,0.485,race,2196
Non-Hispanic Asian,0.3333333333333333,race,2196
Non-Hispanic Black,0.5852713178294574,race,2196
Non-Hispanic White,0.549165120593692,race,2196
Other Hispanic,0.528169014084507,race,2196
Other Race - Including Multi-Racial,0.5396825396825397,race,2196
Above 4x poverty line,0.35403726708074534,income,2196
Below poverty line,0.596100278551532,income,2196
Middle (2-4x),0.4909090909090909,income,2196
Near poverty (1-2x),0.582010582010582,income,2196
Mexican American,0.425,race,2197
Non-Hispanic Asian,0.38271604938271603,race,2197
Non-Hispanic Black,0.5426356589147286,race,2197
Non-Hispanic White,0.5417439703153989,race,2197
Other Hispanic,0.4507042253521127,race,2197
Other Race - Including Multi-Racial,0.5555555555555556,race,2197
Above 4x poverty line,0.30246913580246915,income,2197
Below poverty line,0.5522388059701493,income,2197
Middle (2-4x),0.4623376623376623,income,2197
Near poverty (1-2x),0.5860349127182045,income,2197
Mexican American,0.475,race,2198
Non-Hispanic Asian,0.3950617283950617,race,2198
Non-Hispanic Black,0.5038759689922481,race,2198
Non-Hispanic White,0.5380333951762524,race,2198
Other Hispanic,0.5563380281690141,race,2198
Other Race - Including Multi-Racial,0.4444444444444444,race,2198
Above 4x poverty line,0.31976744186046513,income,2198
Below poverty line,0.5920679886685553,income,2198
Middle (2-4x),0.4742268041237113,income,2198
Near poverty (1-2x),0.5567567567567567,income,2198
Mexican American,0.435,race,2199
Non-Hispanic Asian,0.35802469135802467,race,2199
Non-Hispanic Black,0.5155038759689923,race,2199
Non-Hispanic White,0.5695732838589982,race,2199
Other Hispanic,0.5422535211267606,race,2199
Other Race - Including Multi-Racial,0.5396825396825397,race,2199
Above 4x poverty line,0.3617021276595745,income,2199
Below poverty line,0.5835616438356165,income,2199
Middle (2-4x),0.4876847290640394,income,2199
Near poverty (1-2x),0.5525606469002695,income,2199
Mexican American,0.51,race,2200
Non-Hispanic Asian,0.345679012345679,race,2200
Non-Hispanic Black,0.49224806201550386,race,2200
Non-Hispanic White,0.5287569573283859,race,2200
Other Hispanic,0.5,race,2200
Other Race - Including Multi-Racial,0.6031746031746031,race,2200
Above 4x poverty line,0.32727272727272727,income,2200
Below poverty line,0.6043613707165109,income,2200
Middle (2-4x),0.4768856447688564,income,2200
Near poverty (1-2x),0.5362694300518135,income,2200
Mexican American,0.44,race,2201
Non-Hispanic Asian,0.2222222222222222,race,2201
Non-Hispanic Black,0.5542635658914729,race,2201
Non-Hispanic White,0.5435992578849722,race,2201
Other Hispanic,0.5211267605633803,race,2201
Other Race - Including Multi-Racial,0.4603174603174603,race,2201
Above 4x poverty line,0.30994152046783624,income,2201
Below poverty line,0.5870967741935483,income,2201
Middle (2-4x),0.48621553884711777,income,2201
Near poverty (1-2x),0.5359801488833746,income,2201
Mexican American,0.49,race,2202
Non-Hispanic Asian,0.37037037037037035,race,2202
Non-Hispanic Black,0.562015503875969,race,2202
Non-Hispanic White,0.5417439703153989,race,2202
Other Hispanic,0.5,race,2202
Other Race - Including Multi-Racial,0.5079365079365079,race,2202
Above 4x poverty line,0.3563218390804598,income,2202
Below poverty line,0.6072423398328691,income,2202
Middle (2-4x),0.4599483204134367,income,2202
Near poverty (1-2x),0.5785123966942148,income,2202
Mexican American,0.49,race,2203
Non-Hispanic Asian,0.345679012345679,race,2203
Non-Hispanic Black,0.5697674418604651,race,2203
Non-Hispanic White,0.5640074211502782,race,2203
Other Hispanic,0.5352112676056338,race,2203
Other Race - Including Multi-Racial,0.5714285714285714,race,2203
Above 4x poverty line,0.3873239436619718,income,2203
Below poverty line,0.5936599423631124,income,2203
Middle (2-4x),0.5475578406169666,income,2203
Near poverty (1-2x),0.5308641975308642,income,2203
Mexican American,0.415,race,2204
Non-Hispanic Asian,0.3333333333333333,race,2204
Non-Hispanic Black,0.5503875968992248,race,2204
Non-Hispanic White,0.5102040816326531,race,2204
Other Hispanic,0.528169014084507,race,2204
Other Race - Including Multi-Racial,0.5555555555555556,race,2204
Above 4x poverty line,0.3765432098765432,income,2204
Below poverty line,0.5757575757575758,income,2204
Middle (2-4x),0.4557291666666667,income,2204
Near poverty (1-2x),0.5133689839572193,income,2204
Mexican American,0.425,race,2205
Non-Hispanic Asian,0.37037037037037035,race,2205
Non-Hispanic Black,0.5813953488372093,race,2205
Non-Hispanic White,0.5380333951762524,race,2205
Other Hispanic,0.5774647887323944,race,2205
Other Race - Including Multi-Racial,0.5396825396825397,race,2205
Above 4x poverty line,0.3764705882352941,income,2205
Below poverty line,0.6106194690265486,income,2205
Middle (2-4x),0.4877450980392157,income,2205
Near poverty (1-2x),0.5491803278688525,income,2205
Mexican American,0.435,race,2206
Non-Hispanic Asian,0.3333333333333333,race,2206
Non-Hispanic Black,0.5348837209302325,race,2206
Non-Hispanic White,0.536178107606679,race,2206
Other Hispanic,0.5563380281690141,race,2206
Other Race - Including Multi-Racial,0.5555555555555556,race,2206
Above 4x poverty line,0.2948717948717949,income,2206
Below poverty line,0.5833333333333334,income,2206
Middle (2-4x),0.4621212121212121,income,2206
Near poverty (1-2x),0.5822784810126582,income,2206
Mexican American,0.455,race,2207
Non-Hispanic Asian,0.4074074074074074,race,2207
Non-Hispanic Black,0.5465116279069767,race,2207
Non-Hispanic White,0.5194805194805194,race,2207
Other Hispanic,0.5422535211267606,race,2207
Other Race - Including Multi-Racial,0.5555555555555556,race,2207
Above 4x poverty line,0.2804878048780488,income,2207
Below poverty line,0.6,income,2207
Middle (2-4x),0.4746192893401015,income,2207
Near poverty (1-2x),0.5706666666666667,income,2207
Mexican American,0.46,race,2208
Non-Hispanic Asian,0.30864197530864196,race,2208
Non-Hispanic Black,0.5503875968992248,race,2208
Non-Hispanic White,0.5640074211502782,race,2208
Other Hispanic,0.5140845070422535,race,2208
Other Race - Including Multi-Racial,0.5555555555555556,race,2208
Above 4x poverty line,0.3057324840764331,income,2208
Below poverty line,0.6432584269662921,income,2208
Middle (2-4x),0.4595959595959596,income,2208
Near poverty (1-2x),0.5668449197860963,income,2208
Mexican American,0.495,race,2209
Non-Hispanic Asian,0.3333333333333333,race,2209
Non-Hispanic Black,0.5581395348837209,race,2209
Non-Hispanic White,0.536178107606679,race,2209
Other Hispanic,0.5492957746478874,race,2209
Other Race - Including Multi-Racial,0.5555555555555556,race,2209
Above 4x poverty line,0.27848101265822783,income,2209
Below poverty line,0.6342857142857142,income,2209
Middle (2-4x),0.48514851485148514,income,2209
Near poverty (1-2x),0.5660377358490566,income,2209
Mexican American,0.45,race,2210
Non-Hispanic Asian,0.32098765432098764,race,2210
Non-Hispanic Black,0.5658914728682171,race,2210
Non-Hispanic White,0.5380333951762524,race,2210
Other Hispanic,0.4859154929577465,race,2210
Other Race - Including Multi-Racial,0.5238095238095238,race,2210
Above 4x poverty line,0.31976744186046513,income,2210
Below poverty line,0.5906432748538012,income,2210
Middle (2-4x),0.48936170212765956,income,2210
Near poverty (1-2x),0.5419847328244275,income,2210
Mexican American,0.485,race,2211
Non-Hispanic Asian,0.25925925925925924,race,2211
Non-Hispanic Black,0.5891472868217055,race,2211
Non-Hispanic White,0.5528756957328386,race,2211
Other Hispanic,0.4647887323943662,race,2211
Other Race - Including Multi-Racial,0.5555555555555556,race,2211
Above 4x poverty line,0.36129032258064514,income,2211
Below poverty line,0.6086956521739131,income,2211
Middle (2-4x),0.4753694581280788,income,2211
Near poverty (1-2x),0.5570291777188329,income,2211
Mexican American,0.46,race,2212
Non-Hispanic Asian,0.2962962962962963,race,2212
Non-Hispanic Black,0.5968992248062015,race,2212
Non-Hispanic White,0.5435992578849722,race,2212
Other Hispanic,0.5140845070422535,race,2212
Other Race - Including Multi-Racial,0.5079365079365079,race,2212
Above 4x poverty line,0.3821656050955414,income,2212
Below poverty line,0.5918367346938775,income,2212
Middle (2-4x),0.4730392156862745,income,2212
Near poverty (1-2x),0.5653333333333334,income,2212
Mexican American,0.465,race,2213
Non-Hispanic Asian,0.2839506172839506,race,2213
Non-Hispanic Black,0.5271317829457365,race,2213
Non-Hispanic White,0.5250463821892394,race,2213
Other Hispanic,0.5492957746478874,race,2213
Other Race - Including Multi-Racial,0.5555555555555556,race,2213
Above 4x poverty line,0.3630952380952381,income,2213
Below poverty line,0.5598885793871866,income,2213
Middle (2-4x),0.4562334217506631,income,2213
Near poverty (1-2x),0.5646437994722955,income,2213
Mexican American,0.52,race,2214
Non-Hispanic Asian,0.35802469135802467,race,2214
Non-Hispanic Black,0.6007751937984496,race,2214
Non-Hispanic White,0.5584415584415584,race,2214
Other Hispanic,0.5492957746478874,race,2214
Other Race - Including Multi-Racial,0.5079365079365079,race,2214
Above 4x poverty line,0.35064935064935066,income,2214
Below poverty line,0.6488095238095238,income,2214
Middle (2-4x),0.4961636828644501,income,2214
Near poverty (1-2x),0.5796019900497512,income,2214
Mexican American,0.475,race,2215
Non-Hispanic Asian,0.2716049382716049,race,2215
Non-Hispanic Black,0.6007751937984496,race,2215
Non-Hispanic White,0.5398886827458256,race,2215
Other Hispanic,0.5845070422535211,race,2215
Other Race - Including Multi-Racial,0.6190476190476191,race,2215
Above 4x poverty line,0.33544303797468356,income,2215
Below poverty line,0.6295180722891566,income,2215
Middle (2-4x),0.473551637279597,income,2215
Near poverty (1-2x),0.5934343434343434,income,2215
Mexican American,0.45,race,2216
Non-Hispanic Asian,0.2962962962962963,race,2216
Non-Hispanic Black,0.5581395348837209,race,2216
Non-Hispanic White,0.5213358070500927,race,2216
Other Hispanic,0.5633802816901409,race,2216
Other Race - Including Multi-Racial,0.5238095238095238,race,2216
Above 4x poverty line,0.3485714285714286,income,2216
Below poverty line,0.6260623229461756,income,2216
Middle (2-4x),0.44854881266490765,income,2216
Near poverty (1-2x),0.5319148936170213,income,2216
Mexican American,0.44,race,2217
Non-Hispanic Asian,0.32098765432098764,race,2217
Non-Hispanic Black,0.5310077519379846,race,2217
Non-Hispanic White,0.5398886827458256,race,2217
Other Hispanic,0.528169014084507,race,2217
Other Race - Including Multi-Racial,0.5079365079365079,race,2217
Above 4x poverty line,0.28859060402684567,income,2217
Below poverty line,0.5965909090909091,income,2217
Middle (2-4x),0.44559585492227977,income,2217
Near poverty (1-2x),0.5656565656565656,income,2217
Mexican American,0.38,race,2218
Non-Hispanic Asian,0.345679012345679,race,2218
Non-Hispanic Black,0.5891472868217055,race,2218
Non-Hispanic White,0.536178107606679,race,2218
Other Hispanic,0.5070422535211268,race,2218
Other Race - Including Multi-Racial,0.5238095238095238,race,2218
Above 4x poverty line,0.32298136645962733,income,2218
Below poverty line,0.5988538681948424,income,2218
Middle (2-4x),0.45979899497487436,income,2218
Near poverty (1-2x),0.5493333333333333,income,2218
Mexican American,0.455,race,2219
Non-Hispanic Asian,0.37037037037037035,race,2219
Non-Hispanic Black,0.5387596899224806,race,2219
Non-Hispanic White,0.5435992578849722,race,2219
Other Hispanic,0.5915492957746479,race,2219
Other Race - Including Multi-Racial,0.5238095238095238,race,2219
Above 4x poverty line,0.3068181818181818,income,2219
Below poverty line,0.662613981762918,income,2219
Middle (2-4x),0.48284313725490197,income,2219
Near poverty (1-2x),0.5432432432432432,income,2219
Mexican American,0.43,race,2220
Non-Hispanic Asian,0.32098765432098764,race,2220
Non-Hispanic Black,0.562015503875969,race,2220
Non-Hispanic White,0.5547309833024119,race,2220
Other Hispanic,0.6197183098591549,race,2220
Other Race - Including Multi-Racial,0.4603174603174603,race,2220
Above 4x poverty line,0.35570469798657717,income,2220
Below poverty line,0.6411764705882353,income,2220
Middle (2-4x),0.44527363184079605,income,2220
Near poverty (1-2x),0.5688775510204082,income,2220
Mexican American,0.445,race,2221
Non-Hispanic Asian,0.3333333333333333,race,2221
Non-Hispanic Black,0.5930232558139535,race,2221
Non-Hispanic White,0.5677179962894249,race,2221
Other Hispanic,0.5070422535211268,race,2221
Other Race - Including Multi-Racial,0.5396825396825397,race,2221
Above 4x poverty line,0.345679012345679,income,2221
Below poverty line,0.6028571428571429,income,2221
Middle (2-4x),0.48157894736842105,income,2221
Near poverty (1-2x),0.5907928388746803,income,2221
Mexican American,0.47,race,2222
Non-Hispanic Asian,0.2962962962962963,race,2222
Non-Hispanic Black,0.6550387596899225,race,2222
Non-Hispanic White,0.5269016697588126,race,2222
Other Hispanic,0.5352112676056338,race,2222
Other Race - Including Multi-Racial,0.5396825396825397,race,2222
Above 4x poverty line,0.4117647058823529,income,2222
Below poverty line,0.5970588235294118,income,2222
Middle (2-4x),0.4892601431980907,income,2222
Near poverty (1-2x),0.5592783505154639,income,2222
Mexican American,0.435,race,2223
Non-Hispanic Asian,0.38271604938271603,race,2223
Non-Hispanic Black,0.5542635658914729,race,2223
Non-Hispanic White,0.5677179962894249,race,2223
Other Hispanic,0.5211267605633803,race,2223
Other Race - Including Multi-Racial,0.5079365079365079,race,2223
Above 4x poverty line,0.3333333333333333,income,2223
Below poverty line,0.6083086053412463,income,2223
Middle (2-4x),0.46683673469387754,income,2223
Near poverty (1-2x),0.5953002610966057,income,2223
Mexican American,0.435,race,2224
Non-Hispanic Asian,0.48148148148148145,race,2224
Non-Hispanic Black,0.5387596899224806,race,2224
Non-Hispanic White,0.5324675324675324,race,2224
Other Hispanic,0.5140845070422535,race,2224
Other Race - Including Multi-Racial,0.6031746031746031,race,2224
Above 4x poverty line,0.40397350993377484,income,2224
Below poverty line,0.585635359116022,income,2224
Middle (2-4x),0.5025510204081632,income,2224
Near poverty (1-2x),0.5105820105820106,income,2224
Mexican American,0.46,race,2225
Non-Hispanic Asian,0.2962962962962963,race,2225
Non-Hispanic Black,0.5387596899224806,race,2225
Non-Hispanic White,0.5194805194805194,race,2225
Other Hispanic,0.5845070422535211,race,2225
Other Race - Including Multi-Racial,0.5714285714285714,race,2225
Above 4x poverty line,0.3333333333333333,income,2225
Below poverty line,0.6144578313253012,income,2225
Middle (2-4x),0.4430693069306931,income,2225
Near poverty (1-2x),0.5691489361702128,income,2225
Mexican American,0.435,race,2226
Non-Hispanic Asian,0.32098765432098764,race,2226
Non-Hispanic Black,0.5736434108527132,race,2226
Non-Hispanic White,0.536178107606679,race,2226
Other Hispanic,0.5352112676056338,race,2226
Other Race - Including Multi-Racial,0.5714285714285714,race,2226
Above 4x poverty line,0.33766233766233766,income,2226
Below poverty line,0.6080691642651297,income,2226
Middle (2-4x),0.4680306905370844,income,2226
Near poverty (1-2x),0.5524296675191815,income,2226
Mexican American,0.49,race,2227
Non-Hispanic Asian,0.3333333333333333,race,2227
Non-Hispanic Black,0.5310077519379846,race,2227
Non-Hispanic White,0.5250463821892394,race,2227
Other Hispanic,0.5352112676056338,race,2227
Other Race - Including Multi-Racial,0.5396825396825397,race,2227
Above 4x poverty line,0.31724137931034485,income,2227
Below poverty line,0.6120689655172413,income,2227
Middle (2-4x),0.4552058111380145,income,2227
Near poverty (1-2x),0.5517241379310345,income,2227
Mexican American,0.405,race,2228
Non-Hispanic Asian,0.30864197530864196,race,2228
Non-Hispanic Black,0.5387596899224806,race,2228
Non-Hispanic White,0.5602968460111317,race,2228
Other Hispanic,0.528169014084507,race,2228
Other Race - Including Multi-Racial,0.6349206349206349,race,2228
Above 4x poverty line,0.33548387096774196,income,2228
Below poverty line,0.5967302452316077,income,2228
Middle (2-4x),0.46770025839793283,income,2228
Near poverty (1-2x),0.5614973262032086,income,2228
Mexican American,0.52,race,2229
Non-Hispanic Asian,0.3333333333333333,race,2229
Non-Hispanic Black,0.6046511627906976,race,2229
Non-Hispanic White,0.5306122448979592,race,2229
Other Hispanic,0.5563380281690141,race,2229
Other Race - Including Multi-Racial,0.5555555555555556,race,2229
Above 4x poverty line,0.31976744186046513,income,2229
Below poverty line,0.5835694050991501,income,2229
Middle (2-4x),0.5473145780051151,income,2229
Near poverty (1-2x),0.5776566757493188,income,2229
Mexican American,0.475,race,2230
Non-Hispanic Asian,0.32098765432098764,race,2230
Non-Hispanic Black,0.5542635658914729,race,2230
Non-Hispanic White,0.5231910946196661,race,2230
Other Hispanic,0.5633802816901409,race,2230
Other Race - Including Multi-Racial,0.5714285714285714,race,2230
Above 4x poverty line,0.3742690058479532,income,2230
Below poverty line,0.5972602739726027,income,2230
Middle (2-4x),0.503957783641161,income,2230
Near poverty (1-2x),0.5135869565217391,income,2230
Mexican American,0.46,race,2231
Non-Hispanic Asian,0.2839506172839506,race,2231
Non-Hispanic Black,0.5271317829457365,race,2231
Non-Hispanic White,0.5324675324675324,race,2231
Other Hispanic,0.5140845070422535,race,2231
Other Race - Including Multi-Racial,0.5079365079365079,race,2231
Above 4x poverty line,0.3125,income,2231
Below poverty line,0.5564738292011019,income,2231
Middle (2-4x),0.4810810810810811,income,2231
Near poverty (1-2x),0.5461538461538461,income,2231
Mexican American,0.445,race,2232
Non-Hispanic Asian,0.345679012345679,race,2232
Non-Hispanic Black,0.5813953488372093,race,2232
Non-Hispanic White,0.5287569573283859,race,2232
Other Hispanic,0.5492957746478874,race,2232
Other Race - Including Multi-Racial,0.5079365079365079,race,2232
Above 4x poverty line,0.29608938547486036,income,2232
Below poverty line,0.6637426900584795,income,2232
Middle (2-4x),0.4588859416445623,income,2232
Near poverty (1-2x),0.5428571428571428,income,2232
Mexican American,0.425,race,2233
Non-Hispanic Asian,0.2962962962962963,race,2233
Non-Hispanic Black,0.6007751937984496,race,2233
Non-Hispanic White,0.5343228200371057,race,2233
Other Hispanic,0.528169014084507,race,2233
Other Race - Including Multi-Racial,0.5714285714285714,race,2233
Above 4x poverty line,0.36129032258064514,income,2233
Below poverty line,0.6048632218844985,income,2233
Middle (2-4x),0.4771084337349398,income,2233
Near poverty (1-2x),0.546875,income,2233
Mexican American,0.455,race,2234
Non-Hispanic Asian,0.3950617283950617,race,2234
Non-Hispanic Black,0.5581395348837209,race,2234
Non-Hispanic White,0.5677179962894249,race,2234
Other Hispanic,0.5774647887323944,race,2234
Other Race - Including Multi-Racial,0.5238095238095238,race,2234
Above 4x poverty line,0.33974358974358976,income,2234
Below poverty line,0.6202898550724638,income,2234
Middle (2-4x),0.493368700265252,income,2234
Near poverty (1-2x),0.5802469135802469,income,2234
Mexican American,0.445,race,2235
Non-Hispanic Asian,0.2839506172839506,race,2235
Non-Hispanic Black,0.5542635658914729,race,2235
Non-Hispanic White,0.5398886827458256,race,2235
Other Hispanic,0.5633802816901409,race,2235
Other Race - Including Multi-Racial,0.49206349206349204,race,2235
Above 4x poverty line,0.3146067415730337,income,2235
Below poverty line,0.584070796460177,income,2235
Middle (2-4x),0.46875,income,2235
Near poverty (1-2x),0.5837696335078534,income,2235
Mexican American,0.445,race,2236
Non-Hispanic Asian,0.38271604938271603,race,2236
Non-Hispanic Black,0.5271317829457365,race,2236
Non-Hispanic White,0.5435992578849722,race,2236
Other Hispanic,0.5422535211267606,race,2236
Other Race - Including Multi-Racial,0.4444444444444444,race,2236
Above 4x poverty line,0.32098765432098764,income,2236
Below poverty line,0.5504322766570605,income,2236
Middle (2-4x),0.5011990407673861,income,2236
Near poverty (1-2x),0.5658263305322129,income,2236
Mexican American,0.47,race,2237
Non-Hispanic Asian,0.32098765432098764,race,2237
Non-Hispanic Black,0.5465116279069767,race,2237
Non-Hispanic White,0.5398886827458256,race,2237
Other Hispanic,0.4788732394366197,race,2237
Other Race - Including Multi-Racial,0.47619047619047616,race,2237
Above 4x poverty line,0.36363636363636365,income,2237
Below poverty line,0.6012658227848101,income,2237
Middle (2-4x),0.471563981042654,income,2237
Near poverty (1-2x),0.5199004975124378,income,2237
Mexican American,0.44,race,2238
Non-Hispanic Asian,0.3333333333333333,race,2238
Non-Hispanic Black,0.5736434108527132,race,2238
Non-Hispanic White,0.5120593692022264,race,2238
Other Hispanic,0.5070422535211268,race,2238
Other Race - Including Multi-Racial,0.5079365079365079,race,2238
Above 4x poverty line,0.310126582278481,income,2238
Below poverty line,0.5887573964497042,income,2238
Middle (2-4x),0.46568627450980393,income,2238
Near poverty (1-2x),0.5408970976253298,income,2238
Mexican American,0.44,race,2239
Non-Hispanic Asian,0.25925925925925924,race,2239
Non-Hispanic Black,0.5465116279069767,race,2239
Non-Hispanic White,0.5769944341372912,race,2239
Other Hispanic,0.5352112676056338,race,2239
Other Race - Including Multi-Racial,0.6190476190476191,race,2239
Above 4x poverty line,0.34459459459459457,income,2239
Below poverty line,0.6125356125356125,income,2239
Middle (2-4x),0.49604221635883905,income,2239
Near poverty (1-2x),0.5481481481481482,income,2239
Mexican American,0.48,race,2240
Non-Hispanic Asian,0.3333333333333333,race,2240
Non-Hispanic Black,0.5658914728682171,race,2240
Non-Hispanic White,0.5398886827458256,race,2240
Other Hispanic,0.5211267605633803,race,2240
Other Race - Including Multi-Racial,0.49206349206349204,race,2240
Above 4x poverty line,0.3496932515337423,income,2240
Below poverty line,0.590625,income,2240
Middle (2-4x),0.4688279301745636,income,2240
Near poverty (1-2x),0.5789473684210527,income,2240
Mexican American,0.49,race,2241
Non-Hispanic Asian,0.345679012345679,race,2241
Non-Hispanic Black,0.5348837209302325,race,2241
Non-Hispanic White,0.5769944341372912,race,2241
Other Hispanic,0.5492957746478874,race,2241
Other Race - Including Multi-Racial,0.5396825396825397,race,2241
Above 4x poverty line,0.3402777777777778,income,2241
Below poverty line,0.643646408839779,income,2241
Middle (2-4x),0.4621212121212121,income,2241
Near poverty (1-2x),0.5826771653543307,income,2241
Mexican American,0.46,race,2242
Non-Hispanic Asian,0.3333333333333333,race,2242
Non-Hispanic Black,0.5310077519379846,race,2242
Non-Hispanic White,0.5380333951762524,race,2242
Other Hispanic,0.6197183098591549,race,2242
Other Race - Including Multi-Racial,0.5396825396825397,race,2242
Above 4x poverty line,0.35119047619047616,income,2242
Below poverty line,0.5761194029850746,income,2242
Middle (2-4x),0.5074626865671642,income,2242
Near poverty (1-2x),0.5608465608465608,income,2242
Mexican American,0.41,race,2243
Non-Hispanic Asian,0.2839506172839506,race,2243
Non-Hispanic Black,0.5697674418604651,race,2243
Non-Hispanic White,0.549165120593692,race,2243
Other Hispanic,0.49295774647887325,race,2243
Other Race - Including Multi-Racial,0.5079365079365079,race,2243
Above 4x poverty line,0.36,income,2243
Below poverty line,0.5857142857142857,income,2243
Middle (2-4x),0.45408163265306123,income,2243
Near poverty (1-2x),0.5447570332480819,income,2243
Mexican American,0.485,race,2244
Non-Hispanic Asian,0.35802469135802467,race,2244
Non-Hispanic Black,0.5348837209302325,race,2244
Non-Hispanic White,0.5547309833024119,race,2244
Other Hispanic,0.5915492957746479,race,2244
Other Race - Including Multi-Racial,0.5873015873015873,race,2244
Above 4x poverty line,0.37267080745341613,income,2244
Below poverty line,0.5826086956521739,income,2244
Middle (2-4x),0.5053191489361702,income,2244
Near poverty (1-2x),0.5810473815461347,income,2244
Mexican American,0.46,race,2245
Non-Hispanic Asian,0.2962962962962963,race,2245
Non-Hispanic Black,0.5387596899224806,race,2245
Non-Hispanic White,0.5250463821892394,race,2245
Other Hispanic,0.5845070422535211,race,2245
Other Race - Including Multi-Racial,0.49206349206349204,race,2245
Above 4x poverty line,0.3591549295774648,income,2245
Below poverty line,0.5574229691876751,income,2245
Middle (2-4x),0.4827586206896552,income,2245
Near poverty (1-2x),0.544973544973545,income,2245
Mexican American,0.45,race,2246
Non-Hispanic Asian,0.35802469135802467,race,2246
Non-Hispanic Black,0.5038759689922481,race,2246
Non-Hispanic White,0.5306122448979592,race,2246
Other Hispanic,0.5352112676056338,race,2246
Other Race - Including Multi-Racial,0.5396825396825397,race,2246
Above 4x poverty line,0.33540372670807456,income,2246
Below poverty line,0.5615615615615616,income,2246
Middle (2-4x),0.4641975308641975,income,2246
Near poverty (1-2x),0.5625,income,2246
Mexican American,0.41,race,2247
Non-Hispanic Asian,0.2962962962962963,race,2247
Non-Hispanic Black,0.5775193798449613,race,2247
Non-Hispanic White,0.5176252319109462,race,2247
Other Hispanic,0.5704225352112676,race,2247
Other Race - Including Multi-Racial,0.47619047619047616,race,2247
Above 4x poverty line,0.37888198757763975,income,2247
Below poverty line,0.5970149253731343,income,2247
Middle (2-4x),0.45176470588235296,income,2247
Near poverty (1-2x),0.5303867403314917,income,2247
Mexican American,0.46,race,2248
Non-Hispanic Asian,0.35802469135802467,race,2248
Non-Hispanic Black,0.5697674418604651,race,2248
Non-Hispanic White,0.5435992578849722,race,2248
Other Hispanic,0.5422535211267606,race,2248
Other Race - Including Multi-Racial,0.5714285714285714,race,2248
Above 4x poverty line,0.3717948717948718,income,2248
Below poverty line,0.6220238095238095,income,2248
Middle (2-4x),0.47174447174447176,income,2248
Near poverty (1-2x),0.5598958333333334,income,2248
Mexican American,0.44,race,2249
Non-Hispanic Asian,0.3333333333333333,race,2249
Non-Hispanic Black,0.5387596899224806,race,2249
Non-Hispanic White,0.5398886827458256,race,2249
Other Hispanic,0.5563380281690141,race,2249
Other Race - Including Multi-Racial,0.5396825396825397,race,2249
Above 4x poverty line,0.2903225806451613,income,2249
Below poverty line,0.5969230769230769,income,2249
Middle (2-4x),0.4402035623409669,income,2249
Near poverty (1-2x),0.6,income,2249
Mexican American,0.485,race,2250
Non-Hispanic Asian,0.345679012345679,race,2250
Non-Hispanic Black,0.5310077519379846,race,2250
Non-Hispanic White,0.5343228200371057,race,2250
Other Hispanic,0.5563380281690141,race,2250
Other Race - Including Multi-Racial,0.47619047619047616,race,2250
Above 4x poverty line,0.3076923076923077,income,2250
Below poverty line,0.5691056910569106,income,2250
Middle (2-4x),0.5,income,2250
Near poverty (1-2x),0.5678670360110804,income,2250
Mexican American,0.46,race,2251
Non-Hispanic Asian,0.25925925925925924,race,2251
Non-Hispanic Black,0.5465116279069767,race,2251
Non-Hispanic White,0.5176252319109462,race,2251
Other Hispanic,0.5633802816901409,race,2251
Other Race - Including Multi-Racial,0.4126984126984127,race,2251
Above 4x poverty line,0.31210191082802546,income,2251
Below poverty line,0.5603448275862069,income,2251
Middle (2-4x),0.45454545454545453,income,2251
Near poverty (1-2x),0.556930693069307,income,2251
Mexican American,0.41,race,2252
Non-Hispanic Asian,0.2962962962962963,race,2252
Non-Hispanic Black,0.5077519379844961,race,2252
Non-Hispanic White,0.549165120593692,race,2252
Other Hispanic,0.5633802816901409,race,2252
Other Race - Including Multi-Racial,0.6190476190476191,race,2252
Above 4x poverty line,0.43037974683544306,income,2252
Below poverty line,0.547752808988764,income,2252
Middle (2-4x),0.48081841432225064,income,2252
Near poverty (1-2x),0.5317460317460317,income,2252
Mexican American,0.395,race,2253
Non-Hispanic Asian,0.3333333333333333,race,2253
Non-Hispanic Black,0.5503875968992248,race,2253
Non-Hispanic White,0.5213358070500927,race,2253
Other Hispanic,0.5140845070422535,race,2253
Other Race - Including Multi-Racial,0.5555555555555556,race,2253
Above 4x poverty line,0.3176470588235294,income,2253
Below poverty line,0.580110497237569,income,2253
Middle (2-4x),0.45698924731182794,income,2253
Near poverty (1-2x),0.5356200527704486,income,2253
Mexican American,0.46,race,2254
Non-Hispanic Asian,0.32098765432098764,race,2254
Non-Hispanic Black,0.562015503875969,race,2254
Non-Hispanic White,0.5398886827458256,race,2254
Other Hispanic,0.5774647887323944,race,2254
Other Race - Including Multi-Racial,0.5555555555555556,race,2254
Above 4x poverty line,0.3987341772151899,income,2254
Below poverty line,0.592797783933518,income,2254
Middle (2-4x),0.4732824427480916,income,2254
Near poverty (1-2x),0.5606469002695418,income,2254
Mexican American,0.48,race,2255
Non-Hispanic Asian,0.2839506172839506,race,2255
Non-Hispanic Black,0.4844961240310077,race,2255
Non-Hispanic White,0.5565862708719852,race,2255
Other Hispanic,0.528169014084507,race,2255
Other Race - Including Multi-Racial,0.5714285714285714,race,2255
Above 4x poverty line,0.34285714285714286,income,2255
Below poverty line,0.5936675461741425,income,2255
Middle (2-4x),0.4634760705289673,income,2255
Near poverty (1-2x),0.5395095367847411,income,2255
Mexican American,0.455,race,2256
Non-Hispanic Asian,0.3333333333333333,race,2256
Non-Hispanic Black,0.5852713178294574,race,2256
Non-Hispanic White,0.5287569573283859,race,2256
Other Hispanic,0.5492957746478874,race,2256
Other Race - Including Multi-Racial,0.42857142857142855,race,2256
Above 4x poverty line,0.31736526946107785,income,2256
Below poverty line,0.5993975903614458,income,2256
Middle (2-4x),0.4900990099009901,income,2256
Near poverty (1-2x),0.55,income,2256
Mexican American,0.455,race,2257
Non-Hispanic Asian,0.345679012345679,race,2257
Non-Hispanic Black,0.5852713178294574,race,2257
Non-Hispanic White,0.5398886827458256,race,2257
Other Hispanic,0.5070422535211268,race,2257
Other Race - Including Multi-Racial,0.6190476190476191,race,2257
Above 4x poverty line,0.3588235294117647,income,2257
Below poverty line,0.5930232558139535,income,2257
Middle (2-4x),0.4824120603015075,income,2257
Near poverty (1-2x),0.5795148247978437,income,2257
Mexican American,0.455,race,2258
Non-Hispanic Asian,0.35802469135802467,race,2258
Non-Hispanic Black,0.5387596899224806,race,2258
Non-Hispanic White,0.5640074211502782,race,2258
Other Hispanic,0.5422535211267606,race,2258
Other Race - Including Multi-Racial,0.6031746031746031,race,2258
Above 4x poverty line,0.2978723404255319,income,2258
Below poverty line,0.5901639344262295,income,2258
Middle (2-4x),0.519893899204244,income,2258
Near poverty (1-2x),0.5614035087719298,income,2258
Mexican American,0.45,race,2259
Non-Hispanic Asian,0.37037037037037035,race,2259
Non-Hispanic Black,0.5038759689922481,race,2259
Non-Hispanic White,0.5324675324675324,race,2259
Other Hispanic,0.5352112676056338,race,2259
Other Race - Including Multi-Racial,0.5079365079365079,race,2259
Above 4x poverty line,0.32934131736526945,income,2259
Below poverty line,0.6285714285714286,income,2259
Middle (2-4x),0.4430051813471503,income,2259
Near poverty (1-2x),0.5236842105263158,income,2259
Mexican American,0.405,race,2260
Non-Hispanic Asian,0.32098765432098764,race,2260
Non-Hispanic Black,0.5,race,2260
Non-Hispanic White,0.5380333951762524,race,2260
Other Hispanic,0.5422535211267606,race,2260
Other Race - Including Multi-Racial,0.5555555555555556,race,2260
Above 4x poverty line,0.36024844720496896,income,2260
Below poverty line,0.5459770114942529,income,2260
Middle (2-4x),0.4642857142857143,income,2260
Near poverty (1-2x),0.5445026178010471,income,2260
Mexican American,0.42,race,2261
Non-Hispanic Asian,0.35802469135802467,race,2261
Non-Hispanic Black,0.5775193798449613,race,2261
Non-Hispanic White,0.536178107606679,race,2261
Other Hispanic,0.5633802816901409,race,2261
Other Race - Including Multi-Racial,0.5714285714285714,race,2261
Above 4x poverty line,0.32894736842105265,income,2261
Below poverty line,0.5912806539509536,income,2261
Middle (2-4x),0.47680412371134023,income,2261
Near poverty (1-2x),0.5718085106382979,income,2261
Mexican American,0.495,race,2262
Non-Hispanic Asian,0.2962962962962963,race,2262
Non-Hispanic Black,0.5658914728682171,race,2262
Non-Hispanic White,0.549165120593692,race,2262
Other Hispanic,0.528169014084507,race,2262
Other Race - Including Multi-Racial,0.5238095238095238,race,2262
Above 4x poverty line,0.3227848101265823,income,2262
Below poverty line,0.611731843575419,income,2262
Middle (2-4x),0.5,income,2262
Near poverty (1-2x),0.5543175487465181,income,2262
Mexican American,0.435,race,2263
Non-Hispanic Asian,0.345679012345679,race,2263
Non-Hispanic Black,0.5465116279069767,race,2263
Non-Hispanic White,0.5139146567717996,race,2263
Other Hispanic,0.5,race,2263
Other Race - Including Multi-Racial,0.47619047619047616,race,2263
Above 4x poverty line,0.3375796178343949,income,2263
Below poverty line,0.5830985915492958,income,2263
Middle (2-4x),0.4379746835443038,income,2263
Near poverty (1-2x),0.5345744680851063,income,2263
Mexican American,0.425,race,2264
Non-Hispanic Asian,0.35802469135802467,race,2264
Non-Hispanic Black,0.5426356589147286,race,2264
Non-Hispanic White,0.536178107606679,race,2264
Other Hispanic,0.6056338028169014,race,2264
Other Race - Including Multi-Racial,0.5714285714285714,race,2264
Above 4x poverty line,0.3227848101265823,income,2264
Below poverty line,0.5753012048192772,income,2264
Middle (2-4x),0.48402948402948404,income,2264
Near poverty (1-2x),0.5854922279792746,income,2264
Mexican American,0.485,race,2265
Non-Hispanic Asian,0.38271604938271603,race,2265
Non-Hispanic Black,0.5581395348837209,race,2265
Non-Hispanic White,0.5565862708719852,race,2265
Other Hispanic,0.5704225352112676,race,2265
Other Race - Including Multi-Racial,0.5238095238095238,race,2265
Above 4x poverty line,0.3905325443786982,income,2265
Below poverty line,0.5955056179775281,income,2265
Middle (2-4x),0.49744897959183676,income,2265
Near poverty (1-2x),0.5819672131147541,income,2265
Mexican American,0.46,race,2266
Non-Hispanic Asian,0.35802469135802467,race,2266
Non-Hispanic Black,0.5426356589147286,race,2266
Non-Hispanic White,0.5213358070500927,race,2266
Other Hispanic,0.5563380281690141,race,2266
Other Race - Including Multi-Racial,0.5714285714285714,race,2266
Above 4x poverty line,0.3160919540229885,income,2266
Below poverty line,0.5922619047619048,income,2266
Middle (2-4x),0.5060827250608273,income,2266
Near poverty (1-2x),0.5386740331491713,income,2266
Mexican American,0.465,race,2267
Non-Hispanic Asian,0.3333333333333333,race,2267
Non-Hispanic Black,0.5775193798449613,race,2267
Non-Hispanic White,0.5473098330241187,race,2267
Other Hispanic,0.5422535211267606,race,2267
Other Race - Including Multi-Racial,0.5396825396825397,race,2267
Above 4x poverty line,0.34810126582278483,income,2267
Below poverty line,0.5888888888888889,income,2267
Middle (2-4x),0.5052083333333334,income,2267
Near poverty (1-2x),0.5616797900262467,income,2267
Mexican American,0.445,race,2268
Non-Hispanic Asian,0.3333333333333333,race,2268
Non-Hispanic Black,0.5503875968992248,race,2268
Non-Hispanic White,0.5213358070500927,race,2268
Other Hispanic,0.5352112676056338,race,2268
Other Race - Including Multi-Racial,0.6507936507936508,race,2268
Above 4x poverty line,0.3116883116883117,income,2268
Below poverty line,0.5863013698630137,income,2268
Middle (2-4x),0.4689119170984456,income,2268
Near poverty (1-2x),0.5634920634920635,income,2268
Mexican American,0.45,race,2269
Non-Hispanic Asian,0.4567901234567901,race,2269
Non-Hispanic Black,0.5348837209302325,race,2269
Non-Hispanic White,0.5454545454545454,race,2269
Other Hispanic,0.5422535211267606,race,2269
Other Race - Including Multi-Racial,0.5396825396825397,race,2269
Above 4x poverty line,0.35714285714285715,income,2269
Below poverty line,0.6077348066298343,income,2269
Middle (2-4x),0.48586118251928023,income,2269
Near poverty (1-2x),0.544973544973545,income,2269
Mexican American,0.475,race,2270
Non-Hispanic Asian,0.2345679012345679,race,2270
Non-Hispanic Black,0.5155038759689923,race,2270
Non-Hispanic White,0.549165120593692,race,2270
Other Hispanic,0.5352112676056338,race,2270
Other Race - Including Multi-Racial,0.6507936507936508,race,2270
Above 4x poverty line,0.3212121212121212,income,2270
Below poverty line,0.5885885885885885,income,2270
Middle (2-4x),0.45382585751978893,income,2270
Near poverty (1-2x),0.5886699507389163,income,2270
Mexican American,0.385,race,2271
Non-Hispanic Asian,0.2962962962962963,race,2271
Non-Hispanic Black,0.5310077519379846,race,2271
Non-Hispanic White,0.549165120593692,race,2271
Other Hispanic,0.5704225352112676,race,2271
Other Race - Including Multi-Racial,0.5714285714285714,race,2271
Above 4x poverty line,0.30434782608695654,income,2271
Below poverty line,0.5565749235474006,income,2271
Middle (2-4x),0.4876847290640394,income,2271
Near poverty (1-2x),0.570694087403599,income,2271
Mexican American,0.47,race,2272
Non-Hispanic Asian,0.3333333333333333,race,2272
Non-Hispanic Black,0.5465116279069767,race,2272
Non-Hispanic White,0.5287569573283859,race,2272
Other Hispanic,0.5352112676056338,race,2272
Other Race - Including Multi-Racial,0.5079365079365079,race,2272
Above 4x poverty line,0.36470588235294116,income,2272
Below poverty line,0.5965417867435159,income,2272
Middle (2-4x),0.4845360824742268,income,2272
Near poverty (1-2x),0.5238095238095238,income,2272
Mexican American,0.455,race,2273
Non-Hispanic Asian,0.3333333333333333,race,2273
Non-Hispanic Black,0.5,race,2273
Non-Hispanic White,0.5269016697588126,race,2273
Other Hispanic,0.5140845070422535,race,2273
Other Race - Including Multi-Racial,0.5396825396825397,race,2273
Above 4x poverty line,0.3674698795180723,income,2273
Below poverty line,0.5591715976331361,income,2273
Middle (2-4x),0.47738693467336685,income,2273
Near poverty (1-2x),0.5196850393700787,income,2273
Mexican American,0.47,race,2274
Non-Hispanic Asian,0.30864197530864196,race,2274
Non-Hispanic Black,0.5426356589147286,race,2274
Non-Hispanic White,0.5213358070500927,race,2274
Other Hispanic,0.5492957746478874,race,2274
Other Race - Including Multi-Racial,0.5714285714285714,race,2274
Above 4x poverty line,0.3082191780821918,income,2274
Below poverty line,0.5585106382978723,income,2274
Middle (2-4x),0.4790575916230366,income,2274
Near poverty (1-2x),0.5699208443271768,income,2274
Mexican American,0.46,race,2275
Non-Hispanic Asian,0.38271604938271603,race,2275
Non-Hispanic Black,0.5968992248062015,race,2275
Non-Hispanic White,0.5695732838589982,race,2275
Other Hispanic,0.5774647887323944,race,2275
Other Race - Including Multi-Racial,0.5396825396825397,race,2275
Above 4x poverty line,0.42483660130718953,income,2275
Below poverty line,0.6,income,2275
Middle (2-4x),0.4988066825775656,income,2275
Near poverty (1-2x),0.5984455958549223,income,2275
Mexican American,0.425,race,2276
Non-Hispanic Asian,0.3333333333333333,race,2276
Non-Hispanic Black,0.5348837209302325,race,2276
Non-Hispanic White,0.5454545454545454,race,2276
Other Hispanic,0.5845070422535211,race,2276
Other Race - Including Multi-Racial,0.49206349206349204,race,2276
Above 4x poverty line,0.3192771084337349,income,2276
Below poverty line,0.56973293768546,income,2276
Middle (2-4x),0.4909560723514212,income,2276
Near poverty (1-2x),0.5674300254452926,income,2276
Mexican American,0.4,race,2277
Non-Hispanic Asian,0.38271604938271603,race,2277
Non-Hispanic Black,0.5271317829457365,race,2277
Non-Hispanic White,0.5064935064935064,race,2277
Other Hispanic,0.49295774647887325,race,2277
Other Race - Including Multi-Racial,0.6349206349206349,race,2277
Above 4x poverty line,0.2913907284768212,income,2277
Below poverty line,0.5920679886685553,income,2277
Middle (2-4x),0.4375,income,2277
Near poverty (1-2x),0.5371900826446281,income,2277
Mexican American,0.515,race,2278
Non-Hispanic Asian,0.38271604938271603,race,2278
Non-Hispanic Black,0.5348837209302325,race,2278
Non-Hispanic White,0.5380333951762524,race,2278
Other Hispanic,0.4859154929577465,race,2278
Other Race - Including Multi-Racial,0.47619047619047616,race,2278
Above 4x poverty line,0.275,income,2278
Below poverty line,0.6143617021276596,income,2278
Middle (2-4x),0.48214285714285715,income,2278
Near poverty (1-2x),0.5549295774647888,income,2278
Mexican American,0.47,race,2279
Non-Hispanic Asian,0.345679012345679,race,2279
Non-Hispanic Black,0.49612403100775193,race,2279
Non-Hispanic White,0.5732838589981447,race,2279
Other Hispanic,0.4788732394366197,race,2279
Other Race - Including Multi-Racial,0.5396825396825397,race,2279
Above 4x poverty line,0.3974358974358974,income,2279
Below poverty line,0.5802816901408451,income,2279
Middle (2-4x),0.4595959595959596,income,2279
Near poverty (1-2x),0.5611702127659575,income,2279
Mexican American,0.42,race,2280
Non-Hispanic Asian,0.345679012345679,race,2280
Non-Hispanic Black,0.49612403100775193,race,2280
Non-Hispanic White,0.536178107606679,race,2280
Other Hispanic,0.5422535211267606,race,2280
Other Race - Including Multi-Racial,0.5238095238095238,race,2280
Above 4x poverty line,0.378698224852071,income,2280
Below poverty line,0.5737179487179487,income,2280
Middle (2-4x),0.4724220623501199,income,2280
Near poverty (1-2x),0.5168831168831168,income,2280
Mexican American,0.47,race,2281
Non-Hispanic Asian,0.345679012345679,race,2281
Non-Hispanic Black,0.4806201550387597,race,2281
Non-Hispanic White,0.5120593692022264,race,2281
Other Hispanic,0.4859154929577465,race,2281
Other Race - Including Multi-Racial,0.49206349206349204,race,2281
Above 4x poverty line,0.2994350282485876,income,2281
Below poverty line,0.5571847507331378,income,2281
Middle (2-4x),0.45663265306122447,income,2281
Near poverty (1-2x),0.5361930294906166,income,2281
Mexican American,0.405,race,2282
Non-Hispanic Asian,0.37037037037037035,race,2282
Non-Hispanic Black,0.5465116279069767,race,2282
Non-Hispanic White,0.5844155844155844,race,2282
Other Hispanic,0.5140845070422535,race,2282
Other Race - Including Multi-Racial,0.49206349206349204,race,2282
Above 4x poverty line,0.3795180722891566,income,2282
Below poverty line,0.5574712643678161,income,2282
Middle (2-4x),0.5370843989769821,income,2282
Near poverty (1-2x),0.5396825396825397,income,2282
Mexican American,0.53,race,2283
Non-Hispanic Asian,0.25925925925925924,race,2283
Non-Hispanic Black,0.5775193798449613,race,2283
Non-Hispanic White,0.5510204081632653,race,2283
Other Hispanic,0.5352112676056338,race,2283
Other Race - Including Multi-Racial,0.5714285714285714,race,2283
Above 4x poverty line,0.37037037037037035,income,2283
Below poverty line,0.6057971014492753,income,2283
Middle (2-4x),0.47164948453608246,income,2283
Near poverty (1-2x),0.6005154639175257,income,2283
Mexican American,0.44,race,2284
Non-Hispanic Asian,0.35802469135802467,race,2284
Non-Hispanic Black,0.5193798449612403,race,2284
Non-Hispanic White,0.5213358070500927,race,2284
Other Hispanic,0.45774647887323944,race,2284
Other Race - Including Multi-Racial,0.5555555555555556,race,2284
Above 4x poverty line,0.3532934131736527,income,2284
Below poverty line,0.553133514986376,income,2284
Middle (2-4x),0.47214854111405835,income,2284
Near poverty (1-2x),0.5161290322580645,income,2284
Mexican American,0.465,race,2285
Non-Hispanic Asian,0.2716049382716049,race,2285
Non-Hispanic Black,0.5891472868217055,race,2285
Non-Hispanic White,0.562152133580705,race,2285
Other Hispanic,0.528169014084507,race,2285
Other Race - Including Multi-Racial,0.49206349206349204,race,2285
Above 4x poverty line,0.37058823529411766,income,2285
Below poverty line,0.6193353474320241,income,2285
Middle (2-4x),0.4701492537313433,income,2285
Near poverty (1-2x),0.5763157894736842,income,2285
Mexican American,0.445,race,2286
Non-Hispanic Asian,0.3333333333333333,race,2286
Non-Hispanic Black,0.5581395348837209,race,2286
Non-Hispanic White,0.5287569573283859,race,2286
Other Hispanic,0.6338028169014085,race,2286
Other Race - Including Multi-Racial,0.5079365079365079,race,2286
Above 4x poverty line,0.3630573248407643,income,2286
Below poverty line,0.5796703296703297,income,2286
Middle (2-4x),0.4696969696969697,income,2286
Near poverty (1-2x),0.5819672131147541,income,2286
Mexican American,0.5,race,2287
Non-Hispanic Asian,0.35802469135802467,race,2287
Non-Hispanic Black,0.5426356589147286,race,2287
Non-Hispanic White,0.5380333951762524,race,2287
Other Hispanic,0.5211267605633803,race,2287
Other Race - Including Multi-Racial,0.5714285714285714,race,2287
Above 4x poverty line,0.31137724550898205,income,2287
Below poverty line,0.5954415954415955,income,2287
Middle (2-4x),0.484375,income,2287
Near poverty (1-2x),0.5826771653543307,income,2287
Mexican American,0.445,race,2288
Non-Hispanic Asian,0.3950617283950617,race,2288
Non-Hispanic Black,0.5387596899224806,race,2288
Non-Hispanic White,0.5658627087198516,race,2288
Other Hispanic,0.5,race,2288
Other Race - Including Multi-Racial,0.47619047619047616,race,2288
Above 4x poverty line,0.3630573248407643,income,2288
Below poverty line,0.5825825825825826,income,2288
Middle (2-4x),0.4813895781637717,income,2288
Near poverty (1-2x),0.5666666666666667,income,2288
Mexican American,0.405,race,2289
Non-Hispanic Asian,0.30864197530864196,race,2289
Non-Hispanic Black,0.5581395348837209,race,2289
Non-Hispanic White,0.5287569573283859,race,2289
Other Hispanic,0.5140845070422535,race,2289
Other Race - Including Multi-Racial,0.5555555555555556,race,2289
Above 4x poverty line,0.32222222222222224,income,2289
Below poverty line,0.5718390804597702,income,2289
Middle (2-4x),0.5042492917847026,income,2289
Near poverty (1-2x),0.5174129353233831,income,2289
Mexican American,0.435,race,2290
Non-Hispanic Asian,0.32098765432098764,race,2290
Non-Hispanic Black,0.562015503875969,race,2290
Non-Hispanic White,0.5454545454545454,race,2290
Other Hispanic,0.5140845070422535,race,2290
Other Race - Including Multi-Racial,0.6349206349206349,race,2290
Above 4x poverty line,0.3503184713375796,income,2290
Below poverty line,0.6377245508982036,income,2290
Middle (2-4x),0.43376623376623374,income,2290
Near poverty (1-2x),0.5651105651105651,income,2290
Mexican American,0.405,race,2291
Non-Hispanic Asian,0.37037037037037035,race,2291
Non-Hispanic Black,0.5116279069767442,race,2291
Non-Hispanic White,0.5528756957328386,race,2291
Other Hispanic,0.528169014084507,race,2291
Other Race - Including Multi-Racial,0.4126984126984127,race,2291
Above 4x poverty line,0.3416149068322981,income,2291
Below poverty line,0.5818713450292398,income,2291
Middle (2-4x),0.4704370179948586,income,2291
Near poverty (1-2x),0.5242966751918159,income,2291
Mexican American,0.455,race,2292
Non-Hispanic Asian,0.345679012345679,race,2292
Non-Hispanic Black,0.5348837209302325,race,2292
Non-Hispanic White,0.5454545454545454,race,2292
Other Hispanic,0.5211267605633803,race,2292
Other Race - Including Multi-Racial,0.5238095238095238,race,2292
Above 4x poverty line,0.31543624161073824,income,2292
Below poverty line,0.5542857142857143,income,2292
Middle (2-4x),0.5025125628140703,income,2292
Near poverty (1-2x),0.5621761658031088,income,2292
Mexican American,0.395,race,2293
Non-Hispanic Asian,0.345679012345679,race,2293
Non-Hispanic Black,0.5503875968992248,race,2293
Non-Hispanic White,0.5083487940630798,race,2293
Other Hispanic,0.528169014084507,race,2293
Other Race - Including Multi-Racial,0.5079365079365079,race,2293
Above 4x poverty line,0.30120481927710846,income,2293
Below poverty line,0.5357142857142857,income,2293
Middle (2-4x),0.46736292428198434,income,2293
Near poverty (1-2x),0.5567567567567567,income,2293
Mexican American,0.5,race,2294
Non-Hispanic Asian,0.2839506172839506,race,2294
Non-Hispanic Black,0.5232558139534884,race,2294
Non-Hispanic White,0.5380333951762524,race,2294
Other Hispanic,0.5774647887323944,race,2294
Other Race - Including Multi-Racial,0.5714285714285714,race,2294
Above 4x poverty line,0.35542168674698793,income,2294
Below poverty line,0.5558659217877095,income,2294
Middle (2-4x),0.4699738903394256,income,2294
Near poverty (1-2x),0.6063829787234043,income,2294
Mexican American,0.48,race,2295
Non-Hispanic Asian,0.2716049382716049,race,2295
Non-Hispanic Black,0.5542635658914729,race,2295
Non-Hispanic White,0.5380333951762524,race,2295
Other Hispanic,0.5704225352112676,race,2295
Other Race - Including Multi-Racial,0.6349206349206349,race,2295
Above 4x poverty line,0.36024844720496896,income,2295
Below poverty line,0.590027700831025,income,2295
Middle (2-4x),0.5038560411311054,income,2295
Near poverty (1-2x),0.5510752688172043,income,2295
Mexican American,0.5,race,2296
Non-Hispanic Asian,0.30864197530864196,race,2296
Non-Hispanic Black,0.5503875968992248,race,2296
Non-Hispanic White,0.5844155844155844,race,2296
Other Hispanic,0.5633802816901409,race,2296
Other Race - Including Multi-Racial,0.47619047619047616,race,2296
Above 4x poverty line,0.3381294964028777,income,2296
Below poverty line,0.6108108108108108,income,2296
Middle (2-4x),0.4823848238482385,income,2296
Near poverty (1-2x),0.5950617283950618,income,2296
Mexican American,0.565,race,2297
Non-Hispanic Asian,0.38271604938271603,race,2297
Non-Hispanic Black,0.5426356589147286,race,2297
Non-Hispanic White,0.5435992578849722,race,2297
Other Hispanic,0.5,race,2297
Other Race - Including Multi-Racial,0.5714285714285714,race,2297
Above 4x poverty line,0.39156626506024095,income,2297
Below poverty line,0.631578947368421,income,2297
Middle (2-4x),0.46648793565683644,income,2297
Near poverty (1-2x),0.5696517412935324,income,2297
Mexican American,0.5,race,2298
Non-Hispanic Asian,0.345679012345679,race,2298
Non-Hispanic Black,0.5697674418604651,race,2298
Non-Hispanic White,0.5454545454545454,race,2298
Other Hispanic,0.5070422535211268,race,2298
Other Race - Including Multi-Racial,0.6031746031746031,race,2298
Above 4x poverty line,0.37572254335260113,income,2298
Below poverty line,0.6094674556213018,income,2298
Middle (2-4x),0.49746192893401014,income,2298
Near poverty (1-2x),0.5608465608465608,income,2298
Mexican American,0.475,race,2299
Non-Hispanic Asian,0.2716049382716049,race,2299
Non-Hispanic Black,0.5852713178294574,race,2299
Non-Hispanic White,0.549165120593692,race,2299
Other Hispanic,0.4859154929577465,race,2299
Other Race - Including Multi-Racial,0.5555555555555556,race,2299
Above 4x poverty line,0.3333333333333333,income,2299
Below poverty line,0.5775401069518716,income,2299
Middle (2-4x),0.4869791666666667,income,2299
Near poverty (1-2x),0.5752688172043011,income,2299
Mexican American,0.465,race,2300
Non-Hispanic Asian,0.2962962962962963,race,2300
Non-Hispanic Black,0.5465116279069767,race,2300
Non-Hispanic White,0.5139146567717996,race,2300
Other Hispanic,0.5633802816901409,race,2300
Other Race - Including Multi-Racial,0.4603174603174603,race,2300
Above 4x poverty line,0.33714285714285713,income,2300
Below poverty line,0.5801749271137027,income,2300
Middle (2-4x),0.43333333333333335,income,2300
Near poverty (1-2x),0.5786666666666667,income,2300
Mexican American,0.48,race,2301
Non-Hispanic Asian,0.2962962962962963,race,2301
Non-Hispanic Black,0.5930232558139535,race,2301
Non-Hispanic White,0.5343228200371057,race,2301
Other Hispanic,0.5422535211267606,race,2301
Other Race - Including Multi-Racial,0.49206349206349204,race,2301
Above 4x poverty line,0.3392857142857143,income,2301
Below poverty line,0.6142433234421365,income,2301
Middle (2-4x),0.49746192893401014,income,2301
Near poverty (1-2x),0.5442708333333334,income,2301
Mexican American,0.45,race,2302
Non-Hispanic Asian,0.35802469135802467,race,2302
Non-Hispanic Black,0.5,race,2302
Non-Hispanic White,0.5584415584415584,race,2302
Other Hispanic,0.4788732394366197,race,2302
Other Race - Including Multi-Racial,0.4603174603174603,race,2302
Above 4x poverty line,0.29936305732484075,income,2302
Below poverty line,0.5494186046511628,income,2302
Middle (2-4x),0.47858942065491183,income,2302
Near poverty (1-2x),0.5714285714285714,income,2302
Mexican American,0.485,race,2303
Non-Hispanic Asian,0.25925925925925924,race,2303
Non-Hispanic Black,0.5271317829457365,race,2303
Non-Hispanic White,0.5658627087198516,race,2303
Other Hispanic,0.528169014084507,race,2303
Other Race - Including Multi-Racial,0.5079365079365079,race,2303
Above 4x poverty line,0.32098765432098764,income,2303
Below poverty line,0.6076696165191741,income,2303
Middle (2-4x),0.45905707196029777,income,2303
Near poverty (1-2x),0.5883905013192612,income,2303
Mexican American,0.45,race,2304
Non-Hispanic Asian,0.30864197530864196,race,2304
Non-Hispanic Black,0.562015503875969,race,2304
Non-Hispanic White,0.5287569573283859,race,2304
Other Hispanic,0.5211267605633803,race,2304
Other Race - Including Multi-Racial,0.5238095238095238,race,2304
Above 4x poverty line,0.3312883435582822,income,2304
Below poverty line,0.5947521865889213,income,2304
Middle (2-4x),0.46731234866828086,income,2304
Near poverty (1-2x),0.5521978021978022,income,2304
Mexican American,0.49,race,2305
Non-Hispanic Asian,0.4074074074074074,race,2305
Non-Hispanic Black,0.5426356589147286,race,2305
Non-Hispanic White,0.5287569573283859,race,2305
Other Hispanic,0.5774647887323944,race,2305
Other Race - Including Multi-Racial,0.5714285714285714,race,2305
Above 4x poverty line,0.4024390243902439,income,2305
Below poverty line,0.6109589041095891,income,2305
Middle (2-4x),0.47643979057591623,income,2305
Near poverty (1-2x),0.5456989247311828,income,2305
Mexican American,0.505,race,2306
Non-Hispanic Asian,0.3950617283950617,race,2306
Non-Hispanic Black,0.5310077519379846,race,2306
Non-Hispanic White,0.549165120593692,race,2306
Other Hispanic,0.5704225352112676,race,2306
Other Race - Including Multi-Racial,0.49206349206349204,race,2306
Above 4x poverty line,0.3619631901840491,income,2306
Below poverty line,0.6191860465116279,income,2306
Middle (2-4x),0.48091603053435117,income,2306
Near poverty (1-2x),0.566579634464752,income,2306
Mexican American,0.4,race,2307
Non-Hispanic Asian,0.3950617283950617,race,2307
Non-Hispanic Black,0.5426356589147286,race,2307
Non-Hispanic White,0.5380333951762524,race,2307
Other Hispanic,0.5070422535211268,race,2307
Other Race - Including Multi-Racial,0.5238095238095238,race,2307
Above 4x poverty line,0.36477987421383645,income,2307
Below poverty line,0.5264705882352941,income,2307
Middle (2-4x),0.4745762711864407,income,2307
Near poverty (1-2x),0.5768194070080862,income,2307
Mexican American,0.45,race,2308
Non-Hispanic Asian,0.35802469135802467,race,2308
Non-Hispanic Black,0.5232558139534884,race,2308
Non-Hispanic White,0.5231910946196661,race,2308
Other Hispanic,0.5140845070422535,race,2308
Other Race - Including Multi-Racial,0.47619047619047616,race,2308
Above 4x poverty line,0.3443708609271523,income,2308
Below poverty line,0.56797583081571,income,2308
Middle (2-4x),0.4314214463840399,income,2308
Near poverty (1-2x),0.565,income,2308
Mexican American,0.45,race,2309
Non-Hispanic Asian,0.2716049382716049,race,2309
Non-Hispanic Black,0.5581395348837209,race,2309
Non-Hispanic White,0.5343228200371057,race,2309
Other Hispanic,0.5140845070422535,race,2309
Other Race - Including Multi-Racial,0.49206349206349204,race,2309
Above 4x poverty line,0.3028169014084507,income,2309
Below poverty line,0.5803814713896458,income,2309
Middle (2-4x),0.44527363184079605,income,2309
Near poverty (1-2x),0.5725806451612904,income,2309
Mexican American,0.445,race,2310
Non-Hispanic Asian,0.24691358024691357,race,2310
Non-Hispanic Black,0.5387596899224806,race,2310
Non-Hispanic White,0.5417439703153989,race,2310
Other Hispanic,0.5070422535211268,race,2310
Other Race - Including Multi-Racial,0.5714285714285714,race,2310
Above 4x poverty line,0.304635761589404,income,2310
Below poverty line,0.5940054495912807,income,2310
Middle (2-4x),0.48021108179419525,income,2310
Near poverty (1-2x),0.5233160621761658,income,2310
Mexican American,0.485,race,2311
Non-Hispanic Asian,0.2716049382716049,race,2311
Non-Hispanic Black,0.5775193798449613,race,2311
Non-Hispanic White,0.5194805194805194,race,2311
Other Hispanic,0.5352112676056338,race,2311
Other Race - Including Multi-Racial,0.5238095238095238,race,2311
Above 4x poverty line,0.3333333333333333,income,2311
Below poverty line,0.5833333333333334,income,2311
Middle (2-4x),0.49591280653950953,income,2311
Near poverty (1-2x),0.5372340425531915,income,2311
Mexican American,0.425,race,2312
Non-Hispanic Asian,0.3333333333333333,race,2312
Non-Hispanic Black,0.5503875968992248,race,2312
Non-Hispanic White,0.5027829313543599,race,2312
Other Hispanic,0.6126760563380281,race,2312
Other Race - Including Multi-Racial,0.5079365079365079,race,2312
Above 4x poverty line,0.28662420382165604,income,2312
Below poverty line,0.5971428571428572,income,2312
Middle (2-4x),0.455012853470437,income,2312
Near poverty (1-2x),0.5503875968992248,income,2312
Mexican American,0.41,race,2313
Non-Hispanic Asian,0.3333333333333333,race,2313
Non-Hispanic Black,0.5697674418604651,race,2313
Non-Hispanic White,0.549165120593692,race,2313
Other Hispanic,0.5845070422535211,race,2313
Other Race - Including Multi-Racial,0.5396825396825397,race,2313
Above 4x poverty line,0.3430232558139535,income,2313
Below poverty line,0.5864022662889519,income,2313
Middle (2-4x),0.47570332480818417,income,2313
Near poverty (1-2x),0.5912806539509536,income,2313
Mexican American,0.45,race,2314
Non-Hispanic Asian,0.41975308641975306,race,2314
Non-Hispanic Black,0.5232558139534884,race,2314
Non-Hispanic White,0.5473098330241187,race,2314
Other Hispanic,0.5422535211267606,race,2314
Other Race - Including Multi-Racial,0.5396825396825397,race,2314
Above 4x poverty line,0.2893081761006289,income,2314
Below poverty line,0.6162790697674418,income,2314
Middle (2-4x),0.4803921568627451,income,2314
Near poverty (1-2x),0.5672043010752689,income,2314
Mexican American,0.505,race,2315
Non-Hispanic Asian,0.4074074074074074,race,2315
Non-Hispanic Black,0.5348837209302325,race,2315
Non-Hispanic White,0.5584415584415584,race,2315
Other Hispanic,0.5422535211267606,race,2315
Other Race - Including Multi-Racial,0.5714285714285714,race,2315
Above 4x poverty line,0.35333333333333333,income,2315
Below poverty line,0.6005361930294906,income,2315
Middle (2-4x),0.4859335038363171,income,2315
Near poverty (1-2x),0.5934959349593496,income,2315
Mexican American,0.46,race,2316
Non-Hispanic Asian,0.37037037037037035,race,2316
Non-Hispanic Black,0.5581395348837209,race,2316
Non-Hispanic White,0.5565862708719852,race,2316
Other Hispanic,0.528169014084507,race,2316
Other Race - Including Multi-Racial,0.6190476190476191,race,2316
Above 4x poverty line,0.37254901960784315,income,2316
Below poverty line,0.5921787709497207,income,2316
Middle (2-4x),0.5277777777777778,income,2316
Near poverty (1-2x),0.5372340425531915,income,2316
Mexican American,0.505,race,2317
Non-Hispanic Asian,0.4074074074074074,race,2317
Non-Hispanic Black,0.5155038759689923,race,2317
Non-Hispanic White,0.5139146567717996,race,2317
Other Hispanic,0.5140845070422535,race,2317
Other Race - Including Multi-Racial,0.6031746031746031,race,2317
Above 4x poverty line,0.2807017543859649,income,2317
Below poverty line,0.6066066066066066,income,2317
Middle (2-4x),0.508641975308642,income,2317
Near poverty (1-2x),0.5320855614973262,income,2317
Mexican American,0.45,race,2318
Non-Hispanic Asian,0.345679012345679,race,2318
Non-Hispanic Black,0.5968992248062015,race,2318
Non-Hispanic White,0.5584415584415584,race,2318
Other Hispanic,0.5633802816901409,race,2318
Other Race - Including Multi-Racial,0.7142857142857143,race,2318
Above 4x poverty line,0.3287671232876712,income,2318
Below poverty line,0.6253869969040248,income,2318
Middle (2-4x),0.5365239294710328,income,2318
Near poverty (1-2x),0.5635491606714629,income,2318
Mexican American,0.445,race,2319
Non-Hispanic Asian,0.38271604938271603,race,2319
Non-Hispanic Black,0.5736434108527132,race,2319
Non-Hispanic White,0.5417439703153989,race,2319
Other Hispanic,0.5422535211267606,race,2319
Other Race - Including Multi-Racial,0.5238095238095238,race,2319
Above 4x poverty line,0.2948717948717949,income,2319
Below poverty line,0.5880758807588076,income,2319
Middle (2-4x),0.49504950495049505,income,2319
Near poverty (1-2x),0.5847457627118644,income,2319
Mexican American,0.44,race,2320
Non-Hispanic Asian,0.2962962962962963,race,2320
Non-Hispanic Black,0.5813953488372093,race,2320
Non-Hispanic White,0.48237476808905383,race,2320
Other Hispanic,0.5422535211267606,race,2320
Other Race - Including Multi-Racial,0.5396825396825397,race,2320
Above 4x poverty line,0.3051948051948052,income,2320
Below poverty line,0.5714285714285714,income,2320
Middle (2-4x),0.4466501240694789,income,2320
Near poverty (1-2x),0.5487179487179488,income,2320
Mexican American,0.41,race,2321
Non-Hispanic Asian,0.32098765432098764,race,2321
Non-Hispanic Black,0.5852713178294574,race,2321
Non-Hispanic White,0.5324675324675324,race,2321
Other Hispanic,0.5211267605633803,race,2321
Other Race - Including Multi-Racial,0.5873015873015873,race,2321
Above 4x poverty line,0.2679738562091503,income,2321
Below poverty line,0.5633802816901409,income,2321
Middle (2-4x),0.5105820105820106,income,2321
Near poverty (1-2x),0.5617128463476071,income,2321
Mexican American,0.47,race,2322
Non-Hispanic Asian,0.32098765432098764,race,2322
Non-Hispanic Black,0.5232558139534884,race,2322
Non-Hispanic White,0.5528756957328386,race,2322
Other Hispanic,0.5774647887323944,race,2322
Other Race - Including Multi-Racial,0.5714285714285714,race,2322
Above 4x poverty line,0.3092105263157895,income,2322
Below poverty line,0.5915492957746479,income,2322
Middle (2-4x),0.5076923076923077,income,2322
Near poverty (1-2x),0.5595854922279793,income,2322
Mexican American,0.435,race,2323
Non-Hispanic Asian,0.32098765432098764,race,2323
Non-Hispanic Black,0.5038759689922481,race,2323
Non-Hispanic White,0.5473098330241187,race,2323
Other Hispanic,0.5985915492957746,race,2323
Other Race - Including Multi-Racial,0.5873015873015873,race,2323
Above 4x poverty line,0.35,income,2323
Below poverty line,0.6160458452722063,income,2323
Middle (2-4x),0.493368700265252,income,2323
Near poverty (1-2x),0.5113350125944585,income,2323
Mexican American,0.485,race,2324
Non-Hispanic Asian,0.41975308641975306,race,2324
Non-Hispanic Black,0.5387596899224806,race,2324
Non-Hispanic White,0.5269016697588126,race,2324
Other Hispanic,0.5492957746478874,race,2324
Other Race - Including Multi-Racial,0.49206349206349204,race,2324
Above 4x poverty line,0.36774193548387096,income,2324
Below poverty line,0.5730659025787965,income,2324
Middle (2-4x),0.49122807017543857,income,2324
Near poverty (1-2x),0.5526315789473685,income,2324
Mexican American,0.47,race,2325
Non-Hispanic Asian,0.38271604938271603,race,2325
Non-Hispanic Black,0.49612403100775193,race,2325
Non-Hispanic White,0.5435992578849722,race,2325
Other Hispanic,0.5,race,2325
Other Race - Including Multi-Racial,0.6190476190476191,race,2325
Above 4x poverty line,0.32653061224489793,income,2325
Below poverty line,0.5835777126099707,income,2325
Middle (2-4x),0.45893719806763283,income,2325
Near poverty (1-2x),0.5748031496062992,income,2325
Mexican American,0.4,race,2326
Non-Hispanic Asian,0.2716049382716049,race,2326
Non-Hispanic Black,0.5387596899224806,race,2326
Non-Hispanic White,0.5584415584415584,race,2326
Other Hispanic,0.5633802816901409,race,2326
Other Race - Including Multi-Racial,0.5238095238095238,race,2326
Above 4x poverty line,0.35625,income,2326
Below poverty line,0.5438066465256798,income,2326
Middle (2-4x),0.49872122762148335,income,2326
Near poverty (1-2x),0.5561097256857855,income,2326
Mexican American,0.41,race,2327
Non-Hispanic Asian,0.345679012345679,race,2327
Non-Hispanic Black,0.5232558139534884,race,2327
Non-Hispanic White,0.536178107606679,race,2327
Other Hispanic,0.5211267605633803,race,2327
Other Race - Including Multi-Racial,0.5555555555555556,race,2327
Above 4x poverty line,0.32954545454545453,income,2327
Below poverty line,0.5988372093023255,income,2327
Middle (2-4x),0.4464751958224543,income,2327
Near poverty (1-2x),0.5473684210526316,income,2327
Mexican American,0.525,race,2328
Non-Hispanic Asian,0.38271604938271603,race,2328
Non-Hispanic Black,0.5348837209302325,race,2328
Non-Hispanic White,0.5287569573283859,race,2328
Other Hispanic,0.5774647887323944,race,2328
Other Race - Including Multi-Racial,0.5714285714285714,race,2328
Above 4x poverty line,0.39572192513368987,income,2328
Below poverty line,0.6124260355029586,income,2328
Middle (2-4x),0.49318801089918257,income,2328
Near poverty (1-2x),0.5498721227621484,income,2328
Mexican American,0.495,race,2329
Non-Hispanic Asian,0.37037037037037035,race,2329
Non-Hispanic Black,0.5387596899224806,race,2329
Non-Hispanic White,0.5640074211502782,race,2329
Other Hispanic,0.528169014084507,race,2329
Other Race - Including Multi-Racial,0.5396825396825397,race,2329
Above 4x poverty line,0.30434782608695654,income,2329
Below poverty line,0.6336336336336337,income,2329
Middle (2-4x),0.49635036496350365,income,2329
Near poverty (1-2x),0.5740740740740741,income,2329
Mexican American,0.485,race,2330
Non-Hispanic Asian,0.32098765432098764,race,2330
Non-Hispanic Black,0.5736434108527132,race,2330
Non-Hispanic White,0.5769944341372912,race,2330
Other Hispanic,0.4647887323943662,race,2330
Other Race - Including Multi-Racial,0.49206349206349204,race,2330
Above 4x poverty line,0.35714285714285715,income,2330
Below poverty line,0.6042296072507553,income,2330
Middle (2-4x),0.4949748743718593,income,2330
Near poverty (1-2x),0.5675,income,2330
Mexican American,0.435,race,2331
Non-Hispanic Asian,0.37037037037037035,race,2331
Non-Hispanic Black,0.5930232558139535,race,2331
Non-Hispanic White,0.5269016697588126,race,2331
Other Hispanic,0.5140845070422535,race,2331
Other Race - Including Multi-Racial,0.6190476190476191,race,2331
Above 4x poverty line,0.35668789808917195,income,2331
Below poverty line,0.6167146974063401,income,2331
Middle (2-4x),0.456359102244389,income,2331
Near poverty (1-2x),0.5634920634920635,income,2331
Mexican American,0.44,race,2332
Non-Hispanic Asian,0.24691358024691357,race,2332
Non-Hispanic Black,0.5465116279069767,race,2332
Non-Hispanic White,0.5510204081632653,race,2332
Other Hispanic,0.4859154929577465,race,2332
Other Race - Including Multi-Racial,0.36507936507936506,race,2332
Above 4x poverty line,0.35542168674698793,income,2332
Below poverty line,0.5752212389380531,income,2332
Middle (2-4x),0.4798994974874372,income,2332
Near poverty (1-2x),0.5078947368421053,income,2332
Mexican American,0.48,race,2333
Non-Hispanic Asian,0.35802469135802467,race,2333
Non-Hispanic Black,0.5271317829457365,race,2333
Non-Hispanic White,0.5398886827458256,race,2333
Other Hispanic,0.6126760563380281,race,2333
Other Race - Including Multi-Racial,0.6190476190476191,race,2333
Above 4x poverty line,0.30718954248366015,income,2333
Below poverty line,0.603399433427762,income,2333
Middle (2-4x),0.49743589743589745,income,2333
Near poverty (1-2x),0.5788113695090439,income,2333
Mexican American,0.425,race,2334
Non-Hispanic Asian,0.2962962962962963,race,2334
Non-Hispanic Black,0.5387596899224806,race,2334
Non-Hispanic White,0.5547309833024119,race,2334
Other Hispanic,0.5211267605633803,race,2334
Other Race - Including Multi-Racial,0.5079365079365079,race,2334
Above 4x poverty line,0.31901840490797545,income,2334
Below poverty line,0.5502958579881657,income,2334
Middle (2-4x),0.49066666666666664,income,2334
Near poverty (1-2x),0.5675675675675675,income,2334
Mexican American,0.5,race,2335
Non-Hispanic Asian,0.345679012345679,race,2335
Non-Hispanic Black,0.5542635658914729,race,2335
Non-Hispanic White,0.5380333951762524,race,2335
Other Hispanic,0.49295774647887325,race,2335
Other Race - Including Multi-Racial,0.47619047619047616,race,2335
Above 4x poverty line,0.31875,income,2335
Below poverty line,0.5939226519337016,income,2335
Middle (2-4x),0.46786632390745503,income,2335
Near poverty (1-2x),0.5725806451612904,income,2335
Mexican American,0.455,race,2336
Non-Hispanic Asian,0.37037037037037035,race,2336
Non-Hispanic Black,0.6046511627906976,race,2336
Non-Hispanic White,0.5417439703153989,race,2336
Other Hispanic,0.528169014084507,race,2336
Other Race - Including Multi-Racial,0.5396825396825397,race,2336
Above 4x poverty line,0.29411764705882354,income,2336
Below poverty line,0.6115702479338843,income,2336
Middle (2-4x),0.46134020618556704,income,2336
Near poverty (1-2x),0.5984848484848485,income,2336
Mexican American,0.425,race,2337
Non-Hispanic Asian,0.35802469135802467,race,2337
Non-Hispanic Black,0.562015503875969,race,2337
Non-Hispanic White,0.549165120593692,race,2337
Other Hispanic,0.5352112676056338,race,2337
Other Race - Including Multi-Racial,0.4603174603174603,race,2337
Above 4x poverty line,0.32954545454545453,income,2337
Below poverty line,0.6128048780487805,income,2337
Middle (2-4x),0.46715328467153283,income,2337
Near poverty (1-2x),0.5679347826086957,income,2337
Mexican American,0.47,race,2338
Non-Hispanic Asian,0.345679012345679,race,2338
Non-Hispanic Black,0.4844961240310077,race,2338
Non-Hispanic White,0.5769944341372912,race,2338
Other Hispanic,0.5,race,2338
Other Race - Including Multi-Racial,0.5238095238095238,race,2338
Above 4x poverty line,0.3522012578616352,income,2338
Below poverty line,0.6145251396648045,income,2338
Middle (2-4x),0.47043010752688175,income,2338
Near poverty (1-2x),0.5355329949238579,income,2338
Mexican American,0.495,race,2339
Non-Hispanic Asian,0.345679012345679,race,2339
Non-Hispanic Black,0.4689922480620155,race,2339
Non-Hispanic White,0.5435992578849722,race,2339
Other Hispanic,0.49295774647887325,race,2339
Other Race - Including Multi-Racial,0.49206349206349204,race,2339
Above 4x poverty line,0.29651162790697677,income,2339
Below poverty line,0.5940298507462687,income,2339
Middle (2-4x),0.45707070707070707,income,2339
Near poverty (1-2x),0.5552631578947368,income,2339
Mexican American,0.48,race,2340
Non-Hispanic Asian,0.30864197530864196,race,2340
Non-Hispanic Black,0.562015503875969,race,2340
Non-Hispanic White,0.5287569573283859,race,2340
Other Hispanic,0.5352112676056338,race,2340
Other Race - Including Multi-Racial,0.5714285714285714,race,2340
Above 4x poverty line,0.2948717948717949,income,2340
Below poverty line,0.6352941176470588,income,2340
Middle (2-4x),0.45754716981132076,income,2340
Near poverty (1-2x),0.5702479338842975,income,2340
Mexican American,0.495,race,2341
Non-Hispanic Asian,0.35802469135802467,race,2341
Non-Hispanic Black,0.5891472868217055,race,2341
Non-Hispanic White,0.5417439703153989,race,2341
Other Hispanic,0.5352112676056338,race,2341
Other Race - Including Multi-Racial,0.47619047619047616,race,2341
Above 4x poverty line,0.3950617283950617,income,2341
Below poverty line,0.6460674157303371,income,2341
Middle (2-4x),0.4755784061696658,income,2341
Near poverty (1-2x),0.5292553191489362,income,2341
Mexican American,0.455,race,2342
Non-Hispanic Asian,0.35802469135802467,race,2342
Non-Hispanic Black,0.5697674418604651,race,2342
Non-Hispanic White,0.4972170686456401,race,2342
Other Hispanic,0.5211267605633803,race,2342
Other Race - Including Multi-Racial,0.49206349206349204,race,2342
Above 4x poverty line,0.29559748427672955,income,2342
Below poverty line,0.6190476190476191,income,2342
Middle (2-4x),0.43552311435523117,income,2342
Near poverty (1-2x),0.5464190981432361,income,2342
Mexican American,0.485,race,2343
Non-Hispanic Asian,0.38271604938271603,race,2343
Non-Hispanic Black,0.5891472868217055,race,2343
Non-Hispanic White,0.5398886827458256,race,2343
Other Hispanic,0.5140845070422535,race,2343
Other Race - Including Multi-Racial,0.5873015873015873,race,2343
Above 4x poverty line,0.3475609756097561,income,2343
Below poverty line,0.5768194070080862,income,2343
Middle (2-4x),0.48501362397820164,income,2343
Near poverty (1-2x),0.6089238845144357,income,2343
Mexican American,0.47,race,2344
Non-Hispanic Asian,0.35802469135802467,race,2344
Non-Hispanic Black,0.5658914728682171,race,2344
Non-Hispanic White,0.5417439703153989,race,2344
Other Hispanic,0.4788732394366197,race,2344
Other Race - Including Multi-Racial,0.5873015873015873,race,2344
Above 4x poverty line,0.3358208955223881,income,2344
Below poverty line,0.5418994413407822,income,2344
Middle (2-4x),0.5129533678756477,income,2344
Near poverty (1-2x),0.5654320987654321,income,2344
Mexican American,0.475,race,2345
Non-Hispanic Asian,0.345679012345679,race,2345
Non-Hispanic Black,0.5891472868217055,race,2345
Non-Hispanic White,0.536178107606679,race,2345
Other Hispanic,0.5352112676056338,race,2345
Other Race - Including Multi-Racial,0.5238095238095238,race,2345
Above 4x poverty line,0.379746835443038,income,2345
Below poverty line,0.5857988165680473,income,2345
Middle (2-4x),0.47229551451187335,income,2345
Near poverty (1-2x),0.5784313725490197,income,2345
Mexican American,0.475,race,2346
Non-Hispanic Asian,0.4074074074074074,race,2346
Non-Hispanic Black,0.5503875968992248,race,2346
Non-Hispanic White,0.5306122448979592,race,2346
Other Hispanic,0.5633802816901409,race,2346
Other Race - Including Multi-Racial,0.5396825396825397,race,2346
Above 4x poverty line,0.4394904458598726,income,2346
Below poverty line,0.5983827493261455,income,2346
Middle (2-4x),0.4661458333333333,income,2346
Near poverty (1-2x),0.5390835579514824,income,2346
Mexican American,0.455,race,2347
Non-Hispanic Asian,0.3333333333333333,race,2347
Non-Hispanic Black,0.5077519379844961,race,2347
Non-Hispanic White,0.5473098330241187,race,2347
Other Hispanic,0.5,race,2347
Other Race - Including Multi-Racial,0.5238095238095238,race,2347
Above 4x poverty line,0.35947712418300654,income,2347
Below poverty line,0.5571030640668524,income,2347
Middle (2-4x),0.44473684210526315,income,2347
Near poverty (1-2x),0.5728900255754475,income,2347
Mexican American,0.455,race,2348
Non-Hispanic Asian,0.32098765432098764,race,2348
Non-Hispanic Black,0.5775193798449613,race,2348
Non-Hispanic White,0.5194805194805194,race,2348
Other Hispanic,0.5845070422535211,race,2348
Other Race - Including Multi-Racial,0.4603174603174603,race,2348
Above 4x poverty line,0.3375,income,2348
Below poverty line,0.5953757225433526,income,2348
Middle (2-4x),0.47244094488188976,income,2348
Near poverty (1-2x),0.5505050505050505,income,2348
Mexican American,0.415,race,2349
Non-Hispanic Asian,0.4567901234567901,race,2349
Non-Hispanic Black,0.49612403100775193,race,2349
Non-Hispanic White,0.5157699443413729,race,2349
Other Hispanic,0.5422535211267606,race,2349
Other Race - Including Multi-Racial,0.6031746031746031,race,2349
Above 4x poverty line,0.35714285714285715,income,2349
Below poverty line,0.5803814713896458,income,2349
Middle (2-4x),0.47527472527472525,income,2349
Near poverty (1-2x),0.5025125628140703,income,2349
Mexican American,0.475,race,2350
Non-Hispanic Asian,0.32098765432098764,race,2350
Non-Hispanic Black,0.49224806201550386,race,2350
Non-Hispanic White,0.5528756957328386,race,2350
Other Hispanic,0.5352112676056338,race,2350
Other Race - Including Multi-Racial,0.5079365079365079,race,2350
Above 4x poverty line,0.34394904458598724,income,2350
Below poverty line,0.5727002967359051,income,2350
Middle (2-4x),0.46835443037974683,income,2350
Near poverty (1-2x),0.5634517766497462,income,2350
Mexican American,0.445,race,2351
Non-Hispanic Asian,0.32098765432098764,race,2351
Non-Hispanic Black,0.5581395348837209,race,2351
Non-Hispanic White,0.5714285714285714,race,2351
Other Hispanic,0.5492957746478874,race,2351
Other Race - Including Multi-Racial,0.5555555555555556,race,2351
Above 4x poverty line,0.34183673469387754,income,2351
Below poverty line,0.6320754716981132,income,2351
Middle (2-4x),0.4509283819628647,income,2351
Near poverty (1-2x),0.6173469387755102,income,2351
Mexican American,0.425,race,2352
Non-Hispanic Asian,0.32098765432098764,race,2352
Non-Hispanic Black,0.5736434108527132,race,2352
Non-Hispanic White,0.536178107606679,race,2352
Other Hispanic,0.5563380281690141,race,2352
Other Race - Including Multi-Racial,0.6507936507936508,race,2352
Above 4x poverty line,0.35802469135802467,income,2352
Below poverty line,0.6138328530259366,income,2352
Middle (2-4x),0.4629156010230179,income,2352
Near poverty (1-2x),0.5639686684073107,income,2352
Mexican American,0.45,race,2353
Non-Hispanic Asian,0.37037037037037035,race,2353
Non-Hispanic Black,0.5426356589147286,race,2353
Non-Hispanic White,0.536178107606679,race,2353
Other Hispanic,0.528169014084507,race,2353
Other Race - Including Multi-Racial,0.49206349206349204,race,2353
Above 4x poverty line,0.3588235294117647,income,2353
Below poverty line,0.5898203592814372,income,2353
Middle (2-4x),0.47643979057591623,income,2353
Near poverty (1-2x),0.5415617128463476,income,2353
Mexican American,0.48,race,2354
Non-Hispanic Asian,0.345679012345679,race,2354
Non-Hispanic Black,0.5232558139534884,race,2354
Non-Hispanic White,0.562152133580705,race,2354
Other Hispanic,0.5492957746478874,race,2354
Other Race - Including Multi-Racial,0.3968253968253968,race,2354
Above 4x poverty line,0.3575757575757576,income,2354
Below poverty line,0.6005361930294906,income,2354
Middle (2-4x),0.4465753424657534,income,2354
Near poverty (1-2x),0.5763157894736842,income,2354
Mexican American,0.455,race,2355
Non-Hispanic Asian,0.3333333333333333,race,2355
Non-Hispanic Black,0.5813953488372093,race,2355
Non-Hispanic White,0.5398886827458256,race,2355
Other Hispanic,0.5774647887323944,race,2355
Other Race - Including Multi-Racial,0.49206349206349204,race,2355
Above 4x poverty line,0.3803680981595092,income,2355
Below poverty line,0.598314606741573,income,2355
Middle (2-4x),0.4908616187989556,income,2355
Near poverty (1-2x),0.5485564304461942,income,2355
Mexican American,0.39,race,2356
Non-Hispanic Asian,0.43209876543209874,race,2356
Non-Hispanic Black,0.4844961240310077,race,2356
Non-Hispanic White,0.5677179962894249,race,2356
Other Hispanic,0.5422535211267606,race,2356
Other Race - Including Multi-Racial,0.5238095238095238,race,2356
Above 4x poverty line,0.3561643835616438,income,2356
Below poverty line,0.5721925133689839,income,2356
Middle (2-4x),0.4362244897959184,income,2356
Near poverty (1-2x),0.5849056603773585,income,2356
Mexican American,0.48,race,2357
Non-Hispanic Asian,0.24691358024691357,race,2357
Non-Hispanic Black,0.5271317829457365,race,2357
Non-Hispanic White,0.536178107606679,race,2357
Other Hispanic,0.5211267605633803,race,2357
Other Race - Including Multi-Racial,0.42857142857142855,race,2357
Above 4x poverty line,0.33121019108280253,income,2357
Below poverty line,0.5845272206303725,income,2357
Middle (2-4x),0.4464751958224543,income,2357
Near poverty (1-2x),0.5456852791878173,income,2357
Mexican American,0.46,race,2358
Non-Hispanic Asian,0.35802469135802467,race,2358
Non-Hispanic Black,0.5310077519379846,race,2358
Non-Hispanic White,0.5139146567717996,race,2358
Other Hispanic,0.5070422535211268,race,2358
Other Race - Including Multi-Racial,0.5079365079365079,race,2358
Above 4x poverty line,0.37575757575757573,income,2358
Below poverty line,0.5487465181058496,income,2358
Middle (2-4x),0.4666666666666667,income,2358
Near poverty (1-2x),0.531328320802005,income,2358
Mexican American,0.485,race,2359
Non-Hispanic Asian,0.345679012345679,race,2359
Non-Hispanic Black,0.5426356589147286,race,2359
Non-Hispanic White,0.5194805194805194,race,2359
Other Hispanic,0.4788732394366197,race,2359
Other Race - Including Multi-Racial,0.6349206349206349,race,2359
Above 4x poverty line,0.29878048780487804,income,2359
Below poverty line,0.5917808219178082,income,2359
Middle (2-4x),0.4881889763779528,income,2359
Near poverty (1-2x),0.5415549597855228,income,2359
Mexican American,0.42,race,2360
Non-Hispanic Asian,0.32098765432098764,race,2360
Non-Hispanic Black,0.5232558139534884,race,2360
Non-Hispanic White,0.5398886827458256,race,2360
Other Hispanic,0.5774647887323944,race,2360
Other Race - Including Multi-Racial,0.47619047619047616,race,2360
Above 4x poverty line,0.3717277486910995,income,2360
Below poverty line,0.6024844720496895,income,2360
Middle (2-4x),0.42606516290726815,income,2360
Near poverty (1-2x),0.5741239892183289,income,2360
Mexican American,0.475,race,2361
Non-Hispanic Asian,0.37037037037037035,race,2361
Non-Hispanic Black,0.6007751937984496,race,2361
Non-Hispanic White,0.5528756957328386,race,2361
Other Hispanic,0.5774647887323944,race,2361
Other Race - Including Multi-Racial,0.5714285714285714,race,2361
Above 4x poverty line,0.37333333333333335,income,2361
Below poverty line,0.6194690265486725,income,2361
Middle (2-4x),0.5348258706467661,income,2361
Near poverty (1-2x),0.548469387755102,income,2361
Mexican American,0.475,race,2362
Non-Hispanic Asian,0.3333333333333333,race,2362
Non-Hispanic Black,0.5271317829457365,race,2362
Non-Hispanic White,0.5825602968460112,race,2362
Other Hispanic,0.5211267605633803,race,2362
Other Race - Including Multi-Racial,0.42857142857142855,race,2362
Above 4x poverty line,0.3732394366197183,income,2362
Below poverty line,0.5459770114942529,income,2362
Middle (2-4x),0.5325,income,2362
Near poverty (1-2x),0.5521628498727735,income,2362
Mexican American,0.475,race,2363
Non-Hispanic Asian,0.38271604938271603,race,2363
Non-Hispanic Black,0.5581395348837209,race,2363
Non-Hispanic White,0.5287569573283859,race,2363
Other Hispanic,0.5352112676056338,race,2363
Other Race - Including Multi-Racial,0.49206349206349204,race,2363
Above 4x poverty line,0.32947976878612717,income,2363
Below poverty line,0.6310975609756098,income,2363
Middle (2-4x),0.4351145038167939,income,2363
Near poverty (1-2x),0.583547557840617,income,2363
Mexican American,0.495,race,2364
Non-Hispanic Asian,0.25925925925925924,race,2364
Non-Hispanic Black,0.5542635658914729,race,2364
Non-Hispanic White,0.549165120593692,race,2364
Other Hispanic,0.5704225352112676,race,2364
Other Race - Including Multi-Racial,0.5079365079365079,race,2364
Above 4x poverty line,0.3218390804597701,income,2364
Below poverty line,0.6112759643916914,income,2364
Middle (2-4x),0.5230024213075061,income,2364
Near poverty (1-2x),0.5403899721448467,income,2364
Mexican American,0.43,race,2365
Non-Hispanic Asian,0.35802469135802467,race,2365
Non-Hispanic Black,0.5813953488372093,race,2365
Non-Hispanic White,0.5435992578849722,race,2365
Other Hispanic,0.528169014084507,race,2365
Other Race - Including Multi-Racial,0.49206349206349204,race,2365
Above 4x poverty line,0.29333333333333333,income,2365
Below poverty line,0.5786516853932584,income,2365
Middle (2-4x),0.46949602122015915,income,2365
Near poverty (1-2x),0.5925,income,2365
Mexican American,0.47,race,2366
Non-Hispanic Asian,0.3950617283950617,race,2366
Non-Hispanic Black,0.5697674418604651,race,2366
Non-Hispanic White,0.5788497217068646,race,2366
Other Hispanic,0.5211267605633803,race,2366
Other Race - Including Multi-Racial,0.5714285714285714,race,2366
Above 4x poverty line,0.36075949367088606,income,2366
Below poverty line,0.6135693215339233,income,2366
Middle (2-4x),0.4950980392156863,income,2366
Near poverty (1-2x),0.6031746031746031,income,2366
Mexican American,0.44,race,2367
Non-Hispanic Asian,0.2962962962962963,race,2367
Non-Hispanic Black,0.5077519379844961,race,2367
Non-Hispanic White,0.5602968460111317,race,2367
Other Hispanic,0.5211267605633803,race,2367
Other Race - Including Multi-Racial,0.5873015873015873,race,2367
Above 4x poverty line,0.3375796178343949,income,2367
Below poverty line,0.60932944606414,income,2367
Middle (2-4x),0.4175,income,2367
Near poverty (1-2x),0.5926892950391645,income,2367
Mexican American,0.475,race,2368
Non-Hispanic Asian,0.35802469135802467,race,2368
Non-Hispanic Black,0.5697674418604651,race,2368
Non-Hispanic White,0.5343228200371057,race,2368
Other Hispanic,0.5140845070422535,race,2368
Other Race - Including Multi-Racial,0.49206349206349204,race,2368
Above 4x poverty line,0.3148148148148148,income,2368
Below poverty line,0.6107784431137725,income,2368
Middle (2-4x),0.43781094527363185,income,2368
Near poverty (1-2x),0.6025974025974026,income,2368
Mexican American,0.445,race,2369
Non-Hispanic Asian,0.35802469135802467,race,2369
Non-Hispanic Black,0.4728682170542636,race,2369
Non-Hispanic White,0.5398886827458256,race,2369
Other Hispanic,0.5211267605633803,race,2369
Other Race - Including Multi-Racial,0.4444444444444444,race,2369
Above 4x poverty line,0.3067484662576687,income,2369
Below poverty line,0.5583333333333333,income,2369
Middle (2-4x),0.46153846153846156,income,2369
Near poverty (1-2x),0.5490196078431373,income,2369
Mexican American,0.475,race,2370
Non-Hispanic Asian,0.30864197530864196,race,2370
Non-Hispanic Black,0.5542635658914729,race,2370
Non-Hispanic White,0.5435992578849722,race,2370
Other Hispanic,0.5070422535211268,race,2370
Other Race - Including Multi-Racial,0.4603174603174603,race,2370
Above 4x poverty line,0.25625,income,2370
Below poverty line,0.6175637393767706,income,2370
Middle (2-4x),0.43846153846153846,income,2370
Near poverty (1-2x),0.5973684210526315,income,2370
Mexican American,0.45,race,2371
Non-Hispanic Asian,0.2839506172839506,race,2371
Non-Hispanic Black,0.5193798449612403,race,2371
Non-Hispanic White,0.5528756957328386,race,2371
Other Hispanic,0.5211267605633803,race,2371
Other Race - Including Multi-Racial,0.5714285714285714,race,2371
Above 4x poverty line,0.3583815028901734,income,2371
Below poverty line,0.5899705014749262,income,2371
Middle (2-4x),0.46851385390428213,income,2371
Near poverty (1-2x),0.553475935828877,income,2371
Mexican American,0.425,race,2372
Non-Hispanic Asian,0.32098765432098764,race,2372
Non-Hispanic Black,0.5271317829457365,race,2372
Non-Hispanic White,0.5157699443413729,race,2372
Other Hispanic,0.6056338028169014,race,2372
Other Race - Including Multi-Racial,0.6507936507936508,race,2372
Above 4x poverty line,0.3045977011494253,income,2372
Below poverty line,0.5909090909090909,income,2372
Middle (2-4x),0.4908616187989556,income,2372
Near poverty (1-2x),0.5454545454545454,income,2372
Mexican American,0.465,race,2373
Non-Hispanic Asian,0.30864197530864196,race,2373
Non-Hispanic Black,0.5232558139534884,race,2373
Non-Hispanic White,0.5380333951762524,race,2373
Other Hispanic,0.5492957746478874,race,2373
Other Race - Including Multi-Racial,0.6349206349206349,race,2373
Above 4x poverty line,0.29651162790697677,income,2373
Below poverty line,0.5950413223140496,income,2373
Middle (2-4x),0.48055555555555557,income,2373
Near poverty (1-2x),0.5695876288659794,income,2373
Mexican American,0.48,race,2374
Non-Hispanic Asian,0.25925925925925924,race,2374
Non-Hispanic Black,0.5503875968992248,race,2374
Non-Hispanic White,0.5677179962894249,race,2374
Other Hispanic,0.49295774647887325,race,2374
Other Race - Including Multi-Racial,0.6031746031746031,race,2374
Above 4x poverty line,0.29375,income,2374
Below poverty line,0.5950413223140496,income,2374
Middle (2-4x),0.49731182795698925,income,2374
Near poverty (1-2x),0.5798969072164949,income,2374
Mexican American,0.48,race,2375
Non-Hispanic Asian,0.35802469135802467,race,2375
Non-Hispanic Black,0.5271317829457365,race,2375
Non-Hispanic White,0.5231910946196661,race,2375
Other Hispanic,0.5140845070422535,race,2375
Other Race - Including Multi-Racial,0.5714285714285714,race,2375
Above 4x poverty line,0.31788079470198677,income,2375
Below poverty line,0.5868263473053892,income,2375
Middle (2-4x),0.4765258215962441,income,2375
Near poverty (1-2x),0.5510752688172043,income,2375
Mexican American,0.435,race,2376
Non-Hispanic Asian,0.35802469135802467,race,2376
Non-Hispanic Black,0.5193798449612403,race,2376
Non-Hispanic White,0.5528756957328386,race,2376
Other Hispanic,0.528169014084507,race,2376
Other Race - Including Multi-Racial,0.47619047619047616,race,2376
Above 4x poverty line,0.3567251461988304,income,2376
Below poverty line,0.5824175824175825,income,2376
Middle (2-4x),0.496,income,2376
Near poverty (1-2x),0.5201072386058981,income,2376
Mexican American,0.395,race,2377
Non-Hispanic Asian,0.2839506172839506,race,2377
Non-Hispanic Black,0.5775193798449613,race,2377
Non-Hispanic White,0.5417439703153989,race,2377
Other Hispanic,0.5422535211267606,race,2377
Other Race - Including Multi-Racial,0.5396825396825397,race,2377
Above 4x poverty line,0.33548387096774196,income,2377
Below poverty line,0.5964391691394659,income,2377
Middle (2-4x),0.45038167938931295,income,2377
Near poverty (1-2x),0.5628140703517588,income,2377
Mexican American,0.465,race,2378
Non-Hispanic Asian,0.30864197530864196,race,2378
Non-Hispanic Black,0.5077519379844961,race,2378
Non-Hispanic White,0.5157699443413729,race,2378
Other Hispanic,0.5985915492957746,race,2378
Other Race - Including Multi-Racial,0.5555555555555556,race,2378
Above 4x poverty line,0.3219178082191781,income,2378
Below poverty line,0.590027700831025,income,2378
Middle (2-4x),0.43828715365239296,income,2378
Near poverty (1-2x),0.5620052770448549,income,2378
Mexican American,0.475,race,2379
Non-Hispanic Asian,0.2962962962962963,race,2379
Non-Hispanic Black,0.6007751937984496,race,2379
Non-Hispanic White,0.549165120593692,race,2379
Other Hispanic,0.5070422535211268,race,2379
Other Race - Including Multi-Racial,0.5555555555555556,race,2379
Above 4x poverty line,0.3333333333333333,income,2379
Below poverty line,0.5863095238095238,income,2379
Middle (2-4x),0.5,income,2379
Near poverty (1-2x),0.5871313672922251,income,2379
Mexican American,0.455,race,2380
Non-Hispanic Asian,0.35802469135802467,race,2380
Non-Hispanic Black,0.5503875968992248,race,2380
Non-Hispanic White,0.5510204081632653,race,2380
Other Hispanic,0.5352112676056338,race,2380
Other Race - Including Multi-Racial,0.47619047619047616,race,2380
Above 4x poverty line,0.35542168674698793,income,2380
Below poverty line,0.595108695652174,income,2380
Middle (2-4x),0.49870801033591733,income,2380
Near poverty (1-2x),0.5359116022099447,income,2380
Mexican American,0.505,race,2381
Non-Hispanic Asian,0.37037037037037035,race,2381
Non-Hispanic Black,0.5077519379844961,race,2381
Non-Hispanic White,0.5102040816326531,race,2381
Other Hispanic,0.5211267605633803,race,2381
Other Race - Including Multi-Racial,0.5714285714285714,race,2381
Above 4x poverty line,0.348993288590604,income,2381
Below poverty line,0.5654761904761905,income,2381
Middle (2-4x),0.4547677261613692,income,2381
Near poverty (1-2x),0.5629820051413882,income,2381
Mexican American,0.445,race,2382
Non-Hispanic Asian,0.345679012345679,race,2382
Non-Hispanic Black,0.5658914728682171,race,2382
Non-Hispanic White,0.5380333951762524,race,2382
Other Hispanic,0.6056338028169014,race,2382
Other Race - Including Multi-Racial,0.4444444444444444,race,2382
Above 4x poverty line,0.3125,income,2382
Below poverty line,0.5552699228791774,income,2382
Middle (2-4x),0.5394736842105263,income,2382
Near poverty (1-2x),0.5432432432432432,income,2382
Mexican American,0.455,race,2383
Non-Hispanic Asian,0.37037037037037035,race,2383
Non-Hispanic Black,0.5503875968992248,race,2383
Non-Hispanic White,0.5528756957328386,race,2383
Other Hispanic,0.5352112676056338,race,2383
Other Race - Including Multi-Racial,0.5079365079365079,race,2383
Above 4x poverty line,0.39473684210526316,income,2383
Below poverty line,0.5915492957746479,income,2383
Middle (2-4x),0.5036144578313253,income,2383
Near poverty (1-2x),0.5263157894736842,income,2383
Mexican American,0.45,race,2384
Non-Hispanic Asian,0.37037037037037035,race,2384
Non-Hispanic Black,0.5697674418604651,race,2384
Non-Hispanic White,0.5250463821892394,race,2384
Other Hispanic,0.528169014084507,race,2384
Other Race - Including Multi-Racial,0.5714285714285714,race,2384
Above 4x poverty line,0.3032258064516129,income,2384
Below poverty line,0.6314363143631436,income,2384
Middle (2-4x),0.4463840399002494,income,2384
Near poverty (1-2x),0.5642458100558659,income,2384
Mexican American,0.475,race,2385
Non-Hispanic Asian,0.38271604938271603,race,2385
Non-Hispanic Black,0.5697674418604651,race,2385
Non-Hispanic White,0.5380333951762524,race,2385
Other Hispanic,0.5845070422535211,race,2385
Other Race - Including Multi-Racial,0.6031746031746031,race,2385
Above 4x poverty line,0.363013698630137,income,2385
Below poverty line,0.6016713091922006,income,2385
Middle (2-4x),0.49264705882352944,income,2385
Near poverty (1-2x),0.5783783783783784,income,2385
Mexican American,0.455,race,2386
Non-Hispanic Asian,0.32098765432098764,race,2386
Non-Hispanic Black,0.5348837209302325,race,2386
Non-Hispanic White,0.5380333951762524,race,2386
Other Hispanic,0.6267605633802817,race,2386
Other Race - Including Multi-Racial,0.5873015873015873,race,2386
Above 4x poverty line,0.3248407643312102,income,2386
Below poverty line,0.6059701492537314,income,2386
Middle (2-4x),0.49740932642487046,income,2386
Near poverty (1-2x),0.5555555555555556,income,2386
Mexican American,0.44,race,2387
Non-Hispanic Asian,0.345679012345679,race,2387
Non-Hispanic Black,0.5116279069767442,race,2387
Non-Hispanic White,0.5547309833024119,race,2387
Other Hispanic,0.49295774647887325,race,2387
Other Race - Including Multi-Racial,0.42857142857142855,race,2387
Above 4x poverty line,0.3283582089552239,income,2387
Below poverty line,0.5515151515151515,income,2387
Middle (2-4x),0.49029126213592233,income,2387
Near poverty (1-2x),0.5307125307125307,income,2387
Mexican American,0.48,race,2388
Non-Hispanic Asian,0.35802469135802467,race,2388
Non-Hispanic Black,0.5193798449612403,race,2388
Non-Hispanic White,0.5064935064935064,race,2388
Other Hispanic,0.49295774647887325,race,2388
Other Race - Including Multi-Racial,0.5555555555555556,race,2388
Above 4x poverty line,0.3125,income,2388
Below poverty line,0.5531914893617021,income,2388
Middle (2-4x),0.4689119170984456,income,2388
Near poverty (1-2x),0.5490196078431373,income,2388
Mexican American,0.45,race,2389
Non-Hispanic Asian,0.38271604938271603,race,2389
Non-Hispanic Black,0.49612403100775193,race,2389
Non-Hispanic White,0.5435992578849722,race,2389
Other Hispanic,0.528169014084507,race,2389
Other Race - Including Multi-Racial,0.5079365079365079,race,2389
Above 4x poverty line,0.3559322033898305,income,2389
Below poverty line,0.615819209039548,income,2389
Middle (2-4x),0.4628099173553719,income,2389
Near poverty (1-2x),0.5141388174807198,income,2389
Mexican American,0.505,race,2390
Non-Hispanic Asian,0.2962962962962963,race,2390
Non-Hispanic Black,0.5465116279069767,race,2390
Non-Hispanic White,0.5213358070500927,race,2390
Other Hispanic,0.528169014084507,race,2390
Other Race - Including Multi-Racial,0.47619047619047616,race,2390
Above 4x poverty line,0.3202614379084967,income,2390
Below poverty line,0.5601092896174863,income,2390
Middle (2-4x),0.4835443037974684,income,2390
Near poverty (1-2x),0.5609756097560976,income,2390
Mexican American,0.435,race,2391
Non-Hispanic Asian,0.345679012345679,race,2391
Non-Hispanic Black,0.5348837209302325,race,2391
Non-Hispanic White,0.5380333951762524,race,2391
Other Hispanic,0.5492957746478874,race,2391
Other Race - Including Multi-Racial,0.5079365079365079,race,2391
Above 4x poverty line,0.2838709677419355,income,2391
Below poverty line,0.6083086053412463,income,2391
Middle (2-4x),0.4811083123425693,income,2391
Near poverty (1-2x),0.5406091370558376,income,2391
Mexican American,0.44,race,2392
Non-Hispanic Asian,0.20987654320987653,race,2392
Non-Hispanic Black,0.5775193798449613,race,2392
Non-Hispanic White,0.5547309833024119,race,2392
Other Hispanic,0.5774647887323944,race,2392
Other Race - Including Multi-Racial,0.5238095238095238,race,2392
Above 4x poverty line,0.3716216216216216,income,2392
Below poverty line,0.5826330532212886,income,2392
Middle (2-4x),0.49019607843137253,income,2392
Near poverty (1-2x),0.5540540540540541,income,2392
Mexican American,0.445,race,2393
Non-Hispanic Asian,0.38271604938271603,race,2393
Non-Hispanic Black,0.5891472868217055,race,2393
Non-Hispanic White,0.5473098330241187,race,2393
Other Hispanic,0.5211267605633803,race,2393
Other Race - Including Multi-Racial,0.4444444444444444,race,2393
Above 4x poverty line,0.3584905660377358,income,2393
Below poverty line,0.598314606741573,income,2393
Middle (2-4x),0.47738693467336685,income,2393
Near poverty (1-2x),0.5648648648648649,income,2393
Mexican American,0.43,race,2394
Non-Hispanic Asian,0.345679012345679,race,2394
Non-Hispanic Black,0.5503875968992248,race,2394
Non-Hispanic White,0.5380333951762524,race,2394
Other Hispanic,0.5492957746478874,race,2394
Other Race - Including Multi-Racial,0.5238095238095238,race,2394
Above 4x poverty line,0.32098765432098764,income,2394
Below poverty line,0.5882352941176471,income,2394
Middle (2-4x),0.47869674185463656,income,2394
Near poverty (1-2x),0.5614035087719298,income,2394
Mexican American,0.475,race,2395
Non-Hispanic Asian,0.3333333333333333,race,2395
Non-Hispanic Black,0.5465116279069767,race,2395
Non-Hispanic White,0.5510204081632653,race,2395
Other Hispanic,0.5563380281690141,race,2395
Other Race - Including Multi-Racial,0.49206349206349204,race,2395
Above 4x poverty line,0.35333333333333333,income,2395
Below poverty line,0.5730337078651685,income,2395
Middle (2-4x),0.5113924050632911,income,2395
Near poverty (1-2x),0.5523560209424084,income,2395
Mexican American,0.455,race,2396
Non-Hispanic Asian,0.3333333333333333,race,2396
Non-Hispanic Black,0.5930232558139535,race,2396
Non-Hispanic White,0.5157699443413729,race,2396
Other Hispanic,0.5,race,2396
Other Race - Including Multi-Racial,0.4444444444444444,race,2396
Above 4x poverty line,0.32051282051282054,income,2396
Below poverty line,0.595108695652174,income,2396
Middle (2-4x),0.4534005037783375,income,2396
Near poverty (1-2x),0.5497237569060773,income,2396
Mexican American,0.47,race,2397
Non-Hispanic Asian,0.2962962962962963,race,2397
Non-Hispanic Black,0.5813953488372093,race,2397
Non-Hispanic White,0.5565862708719852,race,2397
Other Hispanic,0.5704225352112676,race,2397
Other Race - Including Multi-Racial,0.47619047619047616,race,2397
Above 4x poverty line,0.33121019108280253,income,2397
Below poverty line,0.6239316239316239,income,2397
Middle (2-4x),0.4791666666666667,income,2397
Near poverty (1-2x),0.5728900255754475,income,2397
Mexican American,0.46,race,2398
Non-Hispanic Asian,0.4074074074074074,race,2398
Non-Hispanic Black,0.5775193798449613,race,2398
Non-Hispanic White,0.5473098330241187,race,2398
Other Hispanic,0.5352112676056338,race,2398
Other Race - Including Multi-Racial,0.5238095238095238,race,2398
Above 4x poverty line,0.3275862068965517,income,2398
Below poverty line,0.6368876080691642,income,2398
Middle (2-4x),0.47229551451187335,income,2398
Near poverty (1-2x),0.577023498694517,income,2398
Mexican American,0.435,race,2399
Non-Hispanic Asian,0.345679012345679,race,2399
Non-Hispanic Black,0.5891472868217055,race,2399
Non-Hispanic White,0.5306122448979592,race,2399
Other Hispanic,0.5140845070422535,race,2399
Other Race - Including Multi-Racial,0.6349206349206349,race,2399
Above 4x poverty line,0.40229885057471265,income,2399
Below poverty line,0.5765765765765766,income,2399
Middle (2-4x),0.4844559585492228,income,2399
Near poverty (1-2x),0.5564102564102564,income,2399
Mexican American,0.465,race,2400
Non-Hispanic Asian,0.3333333333333333,race,2400
Non-Hispanic Black,0.562015503875969,race,2400
Non-Hispanic White,0.5547309833024119,race,2400
Other Hispanic,0.49295774647887325,race,2400
Other Race - Including Multi-Racial,0.5396825396825397,race,2400
Above 4x poverty line,0.38823529411764707,income,2400
Below poverty line,0.6191860465116279,income,2400
Middle (2-4x),0.44696969696969696,income,2400
Near poverty (1-2x),0.5683646112600537,income,2400
Mexican American,0.45,race,2401
Non-Hispanic Asian,0.38271604938271603,race,2401
Non-Hispanic Black,0.5077519379844961,race,2401
Non-Hispanic White,0.5528756957328386,race,2401
Other Hispanic,0.4859154929577465,race,2401
Other Race - Including Multi-Racial,0.5238095238095238,race,2401
Above 4x poverty line,0.31693989071038253,income,2401
Below poverty line,0.6271676300578035,income,2401
Middle (2-4x),0.46842105263157896,income,2401
Near poverty (1-2x),0.5320855614973262,income,2401
Mexican American,0.525,race,2402
Non-Hispanic Asian,0.30864197530864196,race,2402
Non-Hispanic Black,0.5542635658914729,race,2402
Non-Hispanic White,0.575139146567718,race,2402
Other Hispanic,0.5845070422535211,race,2402
Other Race - Including Multi-Racial,0.49206349206349204,race,2402
Above 4x poverty line,0.33544303797468356,income,2402
Below poverty line,0.6059701492537314,income,2402
Middle (2-4x),0.523936170212766,income,2402
Near poverty (1-2x),0.5893719806763285,income,2402
Mexican American,0.415,race,2403
Non-Hispanic Asian,0.2962962962962963,race,2403
Non-Hispanic Black,0.49612403100775193,race,2403
Non-Hispanic White,0.5454545454545454,race,2403
Other Hispanic,0.6197183098591549,race,2403
Other Race - Including Multi-Racial,0.5873015873015873,race,2403
Above 4x poverty line,0.30357142857142855,income,2403
Below poverty line,0.615606936416185,income,2403
Middle (2-4x),0.4531645569620253,income,2403
Near poverty (1-2x),0.5641711229946524,income,2403
Mexican American,0.45,race,2404
Non-Hispanic Asian,0.35802469135802467,race,2404
Non-Hispanic Black,0.5465116279069767,race,2404
Non-Hispanic White,0.5269016697588126,race,2404
Other Hispanic,0.528169014084507,race,2404
Other Race - Including Multi-Racial,0.4126984126984127,race,2404
Above 4x poverty line,0.31788079470198677,income,2404
Below poverty line,0.5965909090909091,income,2404
Middle (2-4x),0.4679334916864608,income,2404
Near poverty (1-2x),0.5292479108635098,income,2404
Mexican American,0.44,race,2405
Non-Hispanic Asian,0.37037037037037035,race,2405
Non-Hispanic Black,0.5581395348837209,race,2405
Non-Hispanic White,0.5602968460111317,race,2405
Other Hispanic,0.5845070422535211,race,2405
Other Race - Including Multi-Racial,0.5396825396825397,race,2405
Above 4x poverty line,0.36538461538461536,income,2405
Below poverty line,0.6151685393258427,income,2405
Middle (2-4x),0.4833759590792839,income,2405
Near poverty (1-2x),0.5684210526315789,income,2405
Mexican American,0.475,race,2406
Non-Hispanic Asian,0.345679012345679,race,2406
Non-Hispanic Black,0.6124031007751938,race,2406
Non-Hispanic White,0.5417439703153989,race,2406
Other Hispanic,0.5633802816901409,race,2406
Other Race - Including Multi-Racial,0.5079365079365079,race,2406
Above 4x poverty line,0.3869047619047619,income,2406
Below poverty line,0.584958217270195,income,2406
Middle (2-4x),0.47733333333333333,income,2406
Near poverty (1-2x),0.6062992125984252,income,2406
Mexican American,0.425,race,2407
Non-Hispanic Asian,0.2839506172839506,race,2407
Non-Hispanic Black,0.5426356589147286,race,2407
Non-Hispanic White,0.5584415584415584,race,2407
Other Hispanic,0.5422535211267606,race,2407
Other Race - Including Multi-Racial,0.6190476190476191,race,2407
Above 4x poverty line,0.36477987421383645,income,2407
Below poverty line,0.5880597014925373,income,2407
Middle (2-4x),0.4709976798143852,income,2407
Near poverty (1-2x),0.5782122905027933,income,2407
Mexican American,0.405,race,2408
Non-Hispanic Asian,0.32098765432098764,race,2408
Non-Hispanic Black,0.5930232558139535,race,2408
Non-Hispanic White,0.549165120593692,race,2408
Other Hispanic,0.5633802816901409,race,2408
Other Race - Including Multi-Racial,0.5873015873015873,race,2408
Above 4x poverty line,0.3588235294117647,income,2408
Below poverty line,0.6138328530259366,income,2408
Middle (2-4x),0.4975247524752475,income,2408
Near poverty (1-2x),0.5469613259668509,income,2408
Mexican American,0.475,race,2409
Non-Hispanic Asian,0.38271604938271603,race,2409
Non-Hispanic Black,0.5,race,2409
Non-Hispanic White,0.5677179962894249,race,2409
Other Hispanic,0.5563380281690141,race,2409
Other Race - Including Multi-Racial,0.5238095238095238,race,2409
Above 4x poverty line,0.3630573248407643,income,2409
Below poverty line,0.632768361581921,income,2409
Middle (2-4x),0.4486486486486487,income,2409
Near poverty (1-2x),0.5621890547263682,income,2409
Mexican American,0.43,race,2410
Non-Hispanic Asian,0.25925925925925924,race,2410
Non-Hispanic Black,0.5155038759689923,race,2410
Non-Hispanic White,0.5510204081632653,race,2410
Other Hispanic,0.528169014084507,race,2410
Other Race - Including Multi-Racial,0.5079365079365079,race,2410
Above 4x poverty line,0.35119047619047616,income,2410
Below poverty line,0.5701754385964912,income,2410
Middle (2-4x),0.46115288220551376,income,2410
Near poverty (1-2x),0.5508021390374331,income,2410
Mexican American,0.43,race,2411
Non-Hispanic Asian,0.35802469135802467,race,2411
Non-Hispanic Black,0.5077519379844961,race,2411
Non-Hispanic White,0.5380333951762524,race,2411
Other Hispanic,0.5563380281690141,race,2411
Other Race - Including Multi-Racial,0.47619047619047616,race,2411
Above 4x poverty line,0.35625,income,2411
Below poverty line,0.5674931129476584,income,2411
Middle (2-4x),0.46981627296587924,income,2411
Near poverty (1-2x),0.5356200527704486,income,2411
Mexican American,0.43,race,2412
Non-Hispanic Asian,0.3333333333333333,race,2412
Non-Hispanic Black,0.5542635658914729,race,2412
Non-Hispanic White,0.588126159554731,race,2412
Other Hispanic,0.5704225352112676,race,2412
Other Race - Including Multi-Racial,0.49206349206349204,race,2412
Above 4x poverty line,0.3288590604026846,income,2412
Below poverty line,0.6267806267806267,income,2412
Middle (2-4x),0.5084745762711864,income,2412
Near poverty (1-2x),0.5567567567567567,income,2412
Mexican American,0.445,race,2413
Non-Hispanic Asian,0.2962962962962963,race,2413
Non-Hispanic Black,0.5775193798449613,race,2413
Non-Hispanic White,0.5528756957328386,race,2413
Other Hispanic,0.528169014084507,race,2413
Other Race - Including Multi-Racial,0.5079365079365079,race,2413
Above 4x poverty line,0.3202614379084967,income,2413
Below poverty line,0.6,income,2413
Middle (2-4x),0.4491315136476427,income,2413
Near poverty (1-2x),0.6021505376344086,income,2413
Mexican American,0.44,race,2414
Non-Hispanic Asian,0.38271604938271603,race,2414
Non-Hispanic Black,0.5387596899224806,race,2414
Non-Hispanic White,0.5250463821892394,race,2414
Other Hispanic,0.5774647887323944,race,2414
Other Race - Including Multi-Racial,0.5238095238095238,race,2414
Above 4x poverty line,0.32075471698113206,income,2414
Below poverty line,0.5918918918918918,income,2414
Middle (2-4x),0.4675324675324675,income,2414
Near poverty (1-2x),0.5582655826558266,income,2414
Mexican American,0.48,race,2415
Non-Hispanic Asian,0.30864197530864196,race,2415
Non-Hispanic Black,0.562015503875969,race,2415
Non-Hispanic White,0.5417439703153989,race,2415
Other Hispanic,0.5211267605633803,race,2415
Other Race - Including Multi-Racial,0.47619047619047616,race,2415
Above 4x poverty line,0.2777777777777778,income,2415
Below poverty line,0.5835694050991501,income,2415
Middle (2-4x),0.4975609756097561,income,2415
Near poverty (1-2x),0.5638297872340425,income,2415
Mexican American,0.445,race,2416
Non-Hispanic Asian,0.32098765432098764,race,2416
Non-Hispanic Black,0.5581395348837209,race,2416
Non-Hispanic White,0.549165120593692,race,2416
Other Hispanic,0.5211267605633803,race,2416
Other Race - Including Multi-Racial,0.5873015873015873,race,2416
Above 4x poverty line,0.3448275862068966,income,2416
Below poverty line,0.5964391691394659,income,2416
Middle (2-4x),0.48877805486284287,income,2416
Near poverty (1-2x),0.5475,income,2416
Mexican American,0.465,race,2417
Non-Hispanic Asian,0.2962962962962963,race,2417
Non-Hispanic Black,0.5581395348837209,race,2417
Non-Hispanic White,0.549165120593692,race,2417
Other Hispanic,0.4859154929577465,race,2417
Other Race - Including Multi-Racial,0.4603174603174603,race,2417
Above 4x poverty line,0.33774834437086093,income,2417
Below poverty line,0.5718654434250765,income,2417
Middle (2-4x),0.4987405541561713,income,2417
Near poverty (1-2x),0.5367647058823529,income,2417
Mexican American,0.525,race,2418
Non-Hispanic Asian,0.3333333333333333,race,2418
Non-Hispanic Black,0.5387596899224806,race,2418
Non-Hispanic White,0.5658627087198516,race,2418
Other Hispanic,0.528169014084507,race,2418
Other Race - Including Multi-Racial,0.49206349206349204,race,2418
Above 4x poverty line,0.34810126582278483,income,2418
Below poverty line,0.5701754385964912,income,2418
Middle (2-4x),0.4872448979591837,income,2418
Near poverty (1-2x),0.6163682864450127,income,2418
Mexican American,0.475,race,2419
Non-Hispanic Asian,0.35802469135802467,race,2419
Non-Hispanic Black,0.562015503875969,race,2419
Non-Hispanic White,0.536178107606679,race,2419
Other Hispanic,0.5915492957746479,race,2419
Other Race - Including Multi-Racial,0.5396825396825397,race,2419
Above 4x poverty line,0.31645569620253167,income,2419
Below poverty line,0.592814371257485,income,2419
Middle (2-4x),0.5208845208845209,income,2419
Near poverty (1-2x),0.5625,income,2419
Mexican American,0.48,race,2420
Non-Hispanic Asian,0.35802469135802467,race,2420
Non-Hispanic Black,0.5465116279069767,race,2420
Non-Hispanic White,0.5417439703153989,race,2420
Other Hispanic,0.5352112676056338,race,2420
Other Race - Including Multi-Racial,0.6190476190476191,race,2420
Above 4x poverty line,0.2822085889570552,income,2420
Below poverty line,0.60790273556231,income,2420
Middle (2-4x),0.49746192893401014,income,2420
Near poverty (1-2x),0.5818639798488665,income,2420
Mexican American,0.485,race,2421
Non-Hispanic Asian,0.345679012345679,race,2421
Non-Hispanic Black,0.5232558139534884,race,2421
Non-Hispanic White,0.536178107606679,race,2421
Other Hispanic,0.5633802816901409,race,2421
Other Race - Including Multi-Racial,0.5079365079365079,race,2421
Above 4x poverty line,0.3108108108108108,income,2421
Below poverty line,0.5892351274787535,income,2421
Middle (2-4x),0.48223350253807107,income,2421
Near poverty (1-2x),0.5592783505154639,income,2421
Mexican American,0.405,race,2422
Non-Hispanic Asian,0.32098765432098764,race,2422
Non-Hispanic Black,0.5503875968992248,race,2422
Non-Hispanic White,0.5640074211502782,race,2422
Other Hispanic,0.5492957746478874,race,2422
Other Race - Including Multi-Racial,0.47619047619047616,race,2422
Above 4x poverty line,0.3390804597701149,income,2422
Below poverty line,0.5896656534954408,income,2422
Middle (2-4x),0.48947368421052634,income,2422
Near poverty (1-2x),0.555,income,2422
Mexican American,0.445,race,2423
Non-Hispanic Asian,0.4074074074074074,race,2423
Non-Hispanic Black,0.5271317829457365,race,2423
Non-Hispanic White,0.5120593692022264,race,2423
Other Hispanic,0.5352112676056338,race,2423
Other Race - Including Multi-Racial,0.47619047619047616,race,2423
Above 4x poverty line,0.3422818791946309,income,2423
Below poverty line,0.5738161559888579,income,2423
Middle (2-4x),0.45454545454545453,income,2423
Near poverty (1-2x),0.5356200527704486,income,2423
Mexican American,0.435,race,2424
Non-Hispanic Asian,0.25925925925925924,race,2424
Non-Hispanic Black,0.5852713178294574,race,2424
Non-Hispanic White,0.5417439703153989,race,2424
Other Hispanic,0.528169014084507,race,2424
Other Race - Including Multi-Racial,0.5396825396825397,race,2424
Above 4x poverty line,0.35,income,2424
Below poverty line,0.6067415730337079,income,2424
Middle (2-4x),0.4746987951807229,income,2424
Near poverty (1-2x),0.5426136363636364,income,2424
Mexican American,0.46,race,2425
Non-Hispanic Asian,0.41975308641975306,race,2425
Non-Hispanic Black,0.5310077519379846,race,2425
Non-Hispanic White,0.5343228200371057,race,2425
Other Hispanic,0.5,race,2425
Other Race - Including Multi-Racial,0.6190476190476191,race,2425
Above 4x poverty line,0.31756756756756754,income,2425
Below poverty line,0.5912806539509536,income,2425
Middle (2-4x),0.46616541353383456,income,2425
Near poverty (1-2x),0.5718157181571816,income,2425
Mexican American,0.45,race,2426
Non-Hispanic Asian,0.25925925925925924,race,2426
Non-Hispanic Black,0.5581395348837209,race,2426
Non-Hispanic White,0.5695732838589982,race,2426
Other Hispanic,0.45774647887323944,race,2426
Other Race - Including Multi-Racial,0.5555555555555556,race,2426
Above 4x poverty line,0.3546099290780142,income,2426
Below poverty line,0.5801749271137027,income,2426
Middle (2-4x),0.4669926650366748,income,2426
Near poverty (1-2x),0.5692307692307692,income,2426
Mexican American,0.425,race,2427
Non-Hispanic Asian,0.35802469135802467,race,2427
Non-Hispanic Black,0.5426356589147286,race,2427
Non-Hispanic White,0.5157699443413729,race,2427
Other Hispanic,0.5915492957746479,race,2427
Other Race - Including Multi-Racial,0.5396825396825397,race,2427
Above 4x poverty line,0.34,income,2427
Below poverty line,0.6040462427745664,income,2427
Middle (2-4x),0.44554455445544555,income,2427
Near poverty (1-2x),0.5483028720626631,income,2427
Mexican American,0.46,race,2428
Non-Hispanic Asian,0.345679012345679,race,2428
Non-Hispanic Black,0.5968992248062015,race,2428
Non-Hispanic White,0.5454545454545454,race,2428
Other Hispanic,0.5422535211267606,race,2428
Other Race - Including Multi-Racial,0.47619047619047616,race,2428
Above 4x poverty line,0.34210526315789475,income,2428
Below poverty line,0.5971830985915493,income,2428
Middle (2-4x),0.4584450402144772,income,2428
Near poverty (1-2x),0.5955334987593052,income,2428
Mexican American,0.43,race,2429
Non-Hispanic Asian,0.345679012345679,race,2429
Non-Hispanic Black,0.624031007751938,race,2429
Non-Hispanic White,0.5844155844155844,race,2429
Other Hispanic,0.5352112676056338,race,2429
Other Race - Including Multi-Racial,0.5714285714285714,race,2429
Above 4x poverty line,0.3617021276595745,income,2429
Below poverty line,0.6151685393258427,income,2429
Middle (2-4x),0.5,income,2429
Near poverty (1-2x),0.5951219512195122,income,2429
Mexican American,0.42,race,2430
Non-Hispanic Asian,0.345679012345679,race,2430
Non-Hispanic Black,0.5503875968992248,race,2430
Non-Hispanic White,0.5380333951762524,race,2430
Other Hispanic,0.5774647887323944,race,2430
Other Race - Including Multi-Racial,0.5079365079365079,race,2430
Above 4x poverty line,0.3125,income,2430
Below poverty line,0.5789473684210527,income,2430
Middle (2-4x),0.4888888888888889,income,2430
Near poverty (1-2x),0.56476683937823835,income,2430
Mexican American,0.405,race,2431
Non-Hispanic Asian,0.35802469135802467,race,2431
Non-Hispanic Black,0.5116279069767442,race,2431
Non-Hispanic White,0.5584415584415584,race,2431
Other Hispanic,0.47183098591549294,race,2431
Other Race - Including Multi-Racial,0.4603174603174603,race,2431
Above 4x poverty line,0.3312883435582822,income,2431
Below poverty line,0.5705882352941176,income,2431
Middle (2-4x),0.5106951871657754,income,2431
Near poverty (1-2x),0.49261083743842365,income,2431
Mexican American,0.4,race,2432
Non-Hispanic Asian,0.38271604938271603,race,2432
Non-Hispanic Black,0.5813953488372093,race,2432
Non-Hispanic White,0.5602968460111317,race,2432
Other Hispanic,0.5352112676056338,race,2432
Other Race - Including Multi-Racial,0.5714285714285714,race,2432
Above 4x poverty line,0.3588235294117647,income,2432
Below poverty line,0.6226415094339622,income,2432
Middle (2-4x),0.4878048780487805,income,2432
Near poverty (1-2x),0.561038961038961,income,2432
Mexican American,0.485,race,2433
Non-Hispanic Asian,0.30864197530864196,race,2433
Non-Hispanic Black,0.5348837209302325,race,2433
Non-Hispanic White,0.5120593692022264,race,2433
Other Hispanic,0.5422535211267606,race,2433
Other Race - Including Multi-Racial,0.4603174603174603,race,2433
Above 4x poverty line,0.26785714285714285,income,2433
Below poverty line,0.5857988165680473,income,2433
Middle (2-4x),0.49264705882352944,income,2433
Near poverty (1-2x),0.5365853658536586,income,2433
Mexican American,0.455,race,2434
Non-Hispanic Asian,0.345679012345679,race,2434
Non-Hispanic Black,0.5503875968992248,race,2434
Non-Hispanic White,0.5714285714285714,race,2434
Other Hispanic,0.5070422535211268,race,2434
Other Race - Including Multi-Racial,0.5079365079365079,race,2434
Above 4x poverty line,0.4,income,2434
Below poverty line,0.5977337110481586,income,2434
Middle (2-4x),0.4572192513368984,income,2434
Near poverty (1-2x),0.5777202072538861,income,2434
Mexican American,0.43,race,2435
Non-Hispanic Asian,0.32098765432098764,race,2435
Non-Hispanic Black,0.5697674418604651,race,2435
Non-Hispanic White,0.5640074211502782,race,2435
Other Hispanic,0.5070422535211268,race,2435
Other Race - Including Multi-Racial,0.49206349206349204,race,2435
Above 4x poverty line,0.38650306748466257,income,2435
Below poverty line,0.5953079178885631,income,2435
Middle (2-4x),0.4498714652956298,income,2435
Near poverty (1-2x),0.5769230769230769,income,2435
Mexican American,0.52,race,2436
Non-Hispanic Asian,0.3333333333333333,race,2436
Non-Hispanic Black,0.5271317829457365,race,2436
Non-Hispanic White,0.5306122448979592,race,2436
Other Hispanic,0.5422535211267606,race,2436
Other Race - Including Multi-Racial,0.5238095238095238,race,2436
Above 4x poverty line,0.34177215189873417,income,2436
Below poverty line,0.6122448979591837,income,2436
Middle (2-4x),0.4723618090452261,income,2436
Near poverty (1-2x),0.5494791666666666,income,2436
Mexican American,0.445,race,2437
Non-Hispanic Asian,0.3333333333333333,race,2437
Non-Hispanic Black,0.5503875968992248,race,2437
Non-Hispanic White,0.5547309833024119,race,2437
Other Hispanic,0.5352112676056338,race,2437
Other Race - Including Multi-Racial,0.5079365079365079,race,2437
Above 4x poverty line,0.33532934131736525,income,2437
Below poverty line,0.6160714285714286,income,2437
Middle (2-4x),0.4949748743718593,income,2437
Near poverty (1-2x),0.5366492146596858,income,2437
Mexican American,0.42,race,2438
Non-Hispanic Asian,0.4074074074074074,race,2438
Non-Hispanic Black,0.5503875968992248,race,2438
Non-Hispanic White,0.5769944341372912,race,2438
Other Hispanic,0.5704225352112676,race,2438
Other Race - Including Multi-Racial,0.47619047619047616,race,2438
Above 4x poverty line,0.34210526315789475,income,2438
Below poverty line,0.6046511627906976,income,2438
Middle (2-4x),0.5139240506329114,income,2438
Near poverty (1-2x),0.5561224489795918,income,2438
Mexican American,0.45,race,2439
Non-Hispanic Asian,0.3333333333333333,race,2439
Non-Hispanic Black,0.5155038759689923,race,2439
Non-Hispanic White,0.5417439703153989,race,2439
Other Hispanic,0.6056338028169014,race,2439
Other Race - Including Multi-Racial,0.5079365079365079,race,2439
Above 4x poverty line,0.3231707317073171,income,2439
Below poverty line,0.6235632183908046,income,2439
Middle (2-4x),0.44358974358974357,income,2439
Near poverty (1-2x),0.5695538057742782,income,2439
Mexican American,0.475,race,2440
Non-Hispanic Asian,0.32098765432098764,race,2440
Non-Hispanic Black,0.562015503875969,race,2440
Non-Hispanic White,0.5658627087198516,race,2440
Other Hispanic,0.5,race,2440
Other Race - Including Multi-Racial,0.4444444444444444,race,2440
Above 4x poverty line,0.304635761589404,income,2440
Below poverty line,0.5978260869565217,income,2440
Middle (2-4x),0.4792746113989637,income,2440
Near poverty (1-2x),0.5793650793650794,income,2440
Mexican American,0.48,race,2441
Non-Hispanic Asian,0.35802469135802467,race,2441
Non-Hispanic Black,0.5387596899224806,race,2441
Non-Hispanic White,0.5398886827458256,race,2441
Other Hispanic,0.5704225352112676,race,2441
Other Race - Including Multi-Racial,0.5396825396825397,race,2441
Above 4x poverty line,0.3269230769230769,income,2441
Below poverty line,0.587431693989071,income,2441
Middle (2-4x),0.4602739726027397,income,2441
Near poverty (1-2x),0.5959595959595959,income,2441
Mexican American,0.435,race,2442
Non-Hispanic Asian,0.3950617283950617,race,2442
Non-Hispanic Black,0.5387596899224806,race,2442
Non-Hispanic White,0.5046382189239332,race,2442
Other Hispanic,0.5070422535211268,race,2442
Other Race - Including Multi-Racial,0.5873015873015873,race,2442
Above 4x poverty line,0.39622641509433965,income,2442
Below poverty line,0.5522788203753352,income,2442
Middle (2-4x),0.4920212765957447,income,2442
Near poverty (1-2x),0.49333333333333335,income,2442
Mexican American,0.42,race,2443
Non-Hispanic Asian,0.345679012345679,race,2443
Non-Hispanic Black,0.5310077519379846,race,2443
Non-Hispanic White,0.5788497217068646,race,2443
Other Hispanic,0.5492957746478874,race,2443
Other Race - Including Multi-Racial,0.5714285714285714,race,2443
Above 4x poverty line,0.3422818791946309,income,2443
Below poverty line,0.5754985754985755,income,2443
Middle (2-4x),0.5,income,2443
Near poverty (1-2x),0.5784061696658098,income,2443
Mexican American,0.415,race,2444
Non-Hispanic Asian,0.41975308641975306,race,2444
Non-Hispanic Black,0.5193798449612403,race,2444
Non-Hispanic White,0.5287569573283859,race,2444
Other Hispanic,0.5633802816901409,race,2444
Other Race - Including Multi-Racial,0.5238095238095238,race,2444
Above 4x poverty line,0.3950617283950617,income,2444
Below poverty line,0.5791044776119403,income,2444
Middle (2-4x),0.4375,income,2444
Near poverty (1-2x),0.5648648648648649,income,2444
Mexican American,0.47,race,2445
Non-Hispanic Asian,0.30864197530864196,race,2445
Non-Hispanic Black,0.5581395348837209,race,2445
Non-Hispanic White,0.5695732838589982,race,2445
Other Hispanic,0.528169014084507,race,2445
Other Race - Including Multi-Racial,0.47619047619047616,race,2445
Above 4x poverty line,0.40816326530612246,income,2445
Below poverty line,0.6263736263736264,income,2445
Middle (2-4x),0.4489795918367347,income,2445
Near poverty (1-2x),0.5552631578947368,income,2445
Mexican American,0.445,race,2446
Non-Hispanic Asian,0.25925925925925924,race,2446
Non-Hispanic Black,0.6317829457364341,race,2446
Non-Hispanic White,0.5565862708719852,race,2446
Other Hispanic,0.5845070422535211,race,2446
Other Race - Including Multi-Racial,0.4444444444444444,race,2446
Above 4x poverty line,0.3333333333333333,income,2446
Below poverty line,0.6153846153846154,income,2446
Middle (2-4x),0.48009950248756217,income,2446
Near poverty (1-2x),0.5871313672922251,income,2446
Mexican American,0.46,race,2447
Non-Hispanic Asian,0.38271604938271603,race,2447
Non-Hispanic Black,0.5348837209302325,race,2447
Non-Hispanic White,0.5343228200371057,race,2447
Other Hispanic,0.5704225352112676,race,2447
Other Race - Including Multi-Racial,0.5079365079365079,race,2447
Above 4x poverty line,0.32967032967032966,income,2447
Below poverty line,0.5953757225433526,income,2447
Middle (2-4x),0.4897435897435897,income,2447
Near poverty (1-2x),0.5616438356164384,income,2447
Mexican American,0.43,race,2448
Non-Hispanic Asian,0.37037037037037035,race,2448
Non-Hispanic Black,0.5775193798449613,race,2448
Non-Hispanic White,0.5528756957328386,race,2448
Other Hispanic,0.5704225352112676,race,2448
Other Race - Including Multi-Racial,0.5238095238095238,race,2448
Above 4x poverty line,0.38650306748466257,income,2448
Below poverty line,0.6347305389221557,income,2448
Middle (2-4x),0.4665012406947891,income,2448
Near poverty (1-2x),0.5587467362924282,income,2448
Mexican American,0.46,race,2449
Non-Hispanic Asian,0.2962962962962963,race,2449
Non-Hispanic Black,0.562015503875969,race,2449
Non-Hispanic White,0.5064935064935064,race,2449
Other Hispanic,0.5774647887323944,race,2449
Other Race - Including Multi-Racial,0.5714285714285714,race,2449
Above 4x poverty line,0.3597122302158273,income,2449
Below poverty line,0.5882352941176471,income,2449
Middle (2-4x),0.4524421593830334,income,2449
Near poverty (1-2x),0.5406824146981627,income,2449
Mexican American,0.485,race,2450
Non-Hispanic Asian,0.35802469135802467,race,2450
Non-Hispanic Black,0.5542635658914729,race,2450
Non-Hispanic White,0.5435992578849722,race,2450
Other Hispanic,0.5352112676056338,race,2450
Other Race - Including Multi-Racial,0.6825396825396826,race,2450
Above 4x poverty line,0.3668639053254438,income,2450
Below poverty line,0.5865102639296188,income,2450
Middle (2-4x),0.4832904884318766,income,2450
Near poverty (1-2x),0.6015625,income,2450
Mexican American,0.49,race,2451
Non-Hispanic Asian,0.3333333333333333,race,2451
Non-Hispanic Black,0.5581395348837209,race,2451
Non-Hispanic White,0.5343228200371057,race,2451
Other Hispanic,0.528169014084507,race,2451
Other Race - Including Multi-Racial,0.49206349206349204,race,2451
Above 4x poverty line,0.37735849056603776,income,2451
Below poverty line,0.5909090909090909,income,2451
Middle (2-4x),0.4574468085106383,income,2451
Near poverty (1-2x),0.5631313131313131,income,2451
Mexican American,0.49,race,2452
Non-Hispanic Asian,0.2962962962962963,race,2452
Non-Hispanic Black,0.5426356589147286,race,2452
Non-Hispanic White,0.5120593692022264,race,2452
Other Hispanic,0.5774647887323944,race,2452
Other Race - Including Multi-Racial,0.6031746031746031,race,2452
Above 4x poverty line,0.2625,income,2452
Below poverty line,0.5946745562130178,income,2452
Middle (2-4x),0.4975845410628019,income,2452
Near poverty (1-2x),0.5633423180592992,income,2452
Mexican American,0.435,race,2453
Non-Hispanic Asian,0.37037037037037035,race,2453
Non-Hispanic Black,0.5271317829457365,race,2453
Non-Hispanic White,0.5584415584415584,race,2453
Other Hispanic,0.4647887323943662,race,2453
Other Race - Including Multi-Racial,0.5396825396825397,race,2453
Above 4x poverty line,0.3473053892215569,income,2453
Below poverty line,0.5749235474006116,income,2453
Middle (2-4x),0.4599483204134367,income,2453
Near poverty (1-2x),0.572139303482587,income,2453
Mexican American,0.425,race,2454
Non-Hispanic Asian,0.345679012345679,race,2454
Non-Hispanic Black,0.5503875968992248,race,2454
Non-Hispanic White,0.5213358070500927,race,2454
Other Hispanic,0.5211267605633803,race,2454
Other Race - Including Multi-Racial,0.5238095238095238,race,2454
Above 4x poverty line,0.29012345679012347,income,2454
Below poverty line,0.5880758807588076,income,2454
Middle (2-4x),0.48346055979643765,income,2454
Near poverty (1-2x),0.5264623955431755,income,2454
Mexican American,0.47,race,2455
Non-Hispanic Asian,0.345679012345679,race,2455
Non-Hispanic Black,0.5348837209302325,race,2455
Non-Hispanic White,0.5454545454545454,race,2455
Other Hispanic,0.5563380281690141,race,2455
Other Race - Including Multi-Racial,0.5079365079365079,race,2455
Above 4x poverty line,0.36363636363636365,income,2455
Below poverty line,0.6342182890855457,income,2455
Middle (2-4x),0.46472019464720193,income,2455
Near poverty (1-2x),0.5407608695652174,income,2455
Mexican American,0.415,race,2456
Non-Hispanic Asian,0.3950617283950617,race,2456
Non-Hispanic Black,0.5271317829457365,race,2456
Non-Hispanic White,0.5454545454545454,race,2456
Other Hispanic,0.5774647887323944,race,2456
Other Race - Including Multi-Racial,0.5555555555555556,race,2456
Above 4x poverty line,0.3588235294117647,income,2456
Below poverty line,0.5870786516853933,income,2456
Middle (2-4x),0.4730077120822622,income,2456
Near poverty (1-2x),0.5652173913043478,income,2456
Mexican American,0.46,race,2457
Non-Hispanic Asian,0.30864197530864196,race,2457
Non-Hispanic Black,0.5852713178294574,race,2457
Non-Hispanic White,0.5454545454545454,race,2457
Other Hispanic,0.5492957746478874,race,2457
Other Race - Including Multi-Racial,0.47619047619047616,race,2457
Above 4x poverty line,0.2994011976047904,income,2457
Below poverty line,0.6210826210826211,income,2457
Middle (2-4x),0.48091603053435117,income,2457
Near poverty (1-2x),0.5725806451612904,income,2457
Mexican American,0.395,race,2458
Non-Hispanic Asian,0.35802469135802467,race,2458
Non-Hispanic Black,0.562015503875969,race,2458
Non-Hispanic White,0.5714285714285714,race,2458
Other Hispanic,0.5211267605633803,race,2458
Other Race - Including Multi-Racial,0.5238095238095238,race,2458
Above 4x poverty line,0.3821656050955414,income,2458
Below poverty line,0.5833333333333334,income,2458
Middle (2-4x),0.5111111111111111,income,2458
Near poverty (1-2x),0.5253807106598984,income,2458
Mexican American,0.48,race,2459
Non-Hispanic Asian,0.25925925925925924,race,2459
Non-Hispanic Black,0.5116279069767442,race,2459
Non-Hispanic White,0.5064935064935064,race,2459
Other Hispanic,0.5563380281690141,race,2459
Other Race - Including Multi-Racial,0.5238095238095238,race,2459
Above 4x poverty line,0.3092105263157895,income,2459
Below poverty line,0.5821325648414986,income,2459
Middle (2-4x),0.4356955380577428,income,2459
Near poverty (1-2x),0.543424317617866,income,2459
Mexican American,0.475,race,2460
Non-Hispanic Asian,0.345679012345679,race,2460
Non-Hispanic Black,0.5813953488372093,race,2460
Non-Hispanic White,0.5677179962894249,race,2460
Other Hispanic,0.528169014084507,race,2460
Other Race - Including Multi-Racial,0.49206349206349204,race,2460
Above 4x poverty line,0.39869281045751637,income,2460
Below poverty line,0.6065573770491803,income,2460
Middle (2-4x),0.48257372654155495,income,2460
Near poverty (1-2x),0.5677749360613811,income,2460
Mexican American,0.435,race,2461
Non-Hispanic Asian,0.32098765432098764,race,2461
Non-Hispanic Black,0.6124031007751938,race,2461
Non-Hispanic White,0.5287569573283859,race,2461
Other Hispanic,0.4507042253521127,race,2461
Other Race - Including Multi-Racial,0.5555555555555556,race,2461
Above 4x poverty line,0.33879781420765026,income,2461
Below poverty line,0.5924932975871313,income,2461
Middle (2-4x),0.48484848484848486,income,2461
Near poverty (1-2x),0.5384615384615384,income,2461
Mexican American,0.425,race,2462
Non-Hispanic Asian,0.2962962962962963,race,2462
Non-Hispanic Black,0.6085271317829457,race,2462
Non-Hispanic White,0.5306122448979592,race,2462
Other Hispanic,0.5422535211267606,race,2462
Other Race - Including Multi-Racial,0.5079365079365079,race,2462
Above 4x poverty line,0.30952380952380953,income,2462
Below poverty line,0.6100278551532033,income,2462
Middle (2-4x),0.4642857142857143,income,2462
Near poverty (1-2x),0.5637755102040817,income,2462
Mexican American,0.475,race,2463
Non-Hispanic Asian,0.345679012345679,race,2463
Non-Hispanic Black,0.5503875968992248,race,2463
Non-Hispanic White,0.5510204081632653,race,2463
Other Hispanic,0.5352112676056338,race,2463
Other Race - Including Multi-Racial,0.5238095238095238,race,2463
Above 4x poverty line,0.3067484662576687,income,2463
Below poverty line,0.623229461756374,income,2463
Middle (2-4x),0.49869451697127937,income,2463
Near poverty (1-2x),0.546875,income,2463
Mexican American,0.465,race,2464
Non-Hispanic Asian,0.345679012345679,race,2464
Non-Hispanic Black,0.5581395348837209,race,2464
Non-Hispanic White,0.5231910946196661,race,2464
Other Hispanic,0.49295774647887325,race,2464
Other Race - Including Multi-Racial,0.4603174603174603,race,2464
Above 4x poverty line,0.33125,income,2464
Below poverty line,0.6156156156156156,income,2464
Middle (2-4x),0.424390243902439,income,2464
Near poverty (1-2x),0.5631578947368421,income,2464
Mexican American,0.495,race,2465
Non-Hispanic Asian,0.37037037037037035,race,2465
Non-Hispanic Black,0.5193798449612403,race,2465
Non-Hispanic White,0.5473098330241187,race,2465
Other Hispanic,0.5915492957746479,race,2465
Other Race - Including Multi-Racial,0.5714285714285714,race,2465
Above 4x poverty line,0.2987012987012987,income,2465
Below poverty line,0.6147540983606558,income,2465
Middle (2-4x),0.4702842377260982,income,2465
Near poverty (1-2x),0.598404255319149,income,2465
Mexican American,0.46,race,2466
Non-Hispanic Asian,0.38271604938271603,race,2466
Non-Hispanic Black,0.5736434108527132,race,2466
Non-Hispanic White,0.5194805194805194,race,2466
Other Hispanic,0.5140845070422535,race,2466
Other Race - Including Multi-Racial,0.5555555555555556,race,2466
Above 4x poverty line,0.3783783783783784,income,2466
Below poverty line,0.5813953488372093,income,2466
Middle (2-4x),0.4585492227979275,income,2466
Near poverty (1-2x),0.5580246913580247,income,2466
Mexican American,0.47,race,2467
Non-Hispanic Asian,0.32098765432098764,race,2467
Non-Hispanic Black,0.5348837209302325,race,2467
Non-Hispanic White,0.536178107606679,race,2467
Other Hispanic,0.5422535211267606,race,2467
Other Race - Including Multi-Racial,0.47619047619047616,race,2467
Above 4x poverty line,0.2875,income,2467
Below poverty line,0.5982658959537572,income,2467
Middle (2-4x),0.4935400516795866,income,2467
Near poverty (1-2x),0.5384615384615384,income,2467
Mexican American,0.455,race,2468
Non-Hispanic Asian,0.345679012345679,race,2468
Non-Hispanic Black,0.5348837209302325,race,2468
Non-Hispanic White,0.5306122448979592,race,2468
Other Hispanic,0.5,race,2468
Other Race - Including Multi-Racial,0.5238095238095238,race,2468
Above 4x poverty line,0.2967032967032967,income,2468
Below poverty line,0.553314121037464,income,2468
Middle (2-4x),0.47580645161290325,income,2468
Near poverty (1-2x),0.5863874345549738,income,2468
Mexican American,0.435,race,2469
Non-Hispanic Asian,0.2962962962962963,race,2469
Non-Hispanic Black,0.5387596899224806,race,2469
Non-Hispanic White,0.5602968460111317,race,2469
Other Hispanic,0.528169014084507,race,2469
Other Race - Including Multi-Racial,0.6190476190476191,race,2469
Above 4x poverty line,0.3785310734463277,income,2469
Below poverty line,0.5975609756097561,income,2469
Middle (2-4x),0.4621409921671018,income,2469
Near poverty (1-2x),0.5721518987341773,income,2469
Mexican American,0.465,race,2470
Non-Hispanic Asian,0.37037037037037035,race,2470
Non-Hispanic Black,0.5658914728682171,race,2470
Non-Hispanic White,0.5231910946196661,race,2470
Other Hispanic,0.5352112676056338,race,2470
Other Race - Including Multi-Racial,0.4603174603174603,race,2470
Above 4x poverty line,0.29559748427672955,income,2470
Below poverty line,0.5710306406685237,income,2470
Middle (2-4x),0.46616541353383456,income,2470
Near poverty (1-2x),0.5956284153005464,income,2470
Mexican American,0.415,race,2471
Non-Hispanic Asian,0.30864197530864196,race,2471
Non-Hispanic Black,0.5271317829457365,race,2471
Non-Hispanic White,0.5269016697588126,race,2471
Other Hispanic,0.49295774647887325,race,2471
Other Race - Including Multi-Racial,0.4444444444444444,race,2471
Above 4x poverty line,0.3051948051948052,income,2471
Below poverty line,0.5791044776119403,income,2471
Middle (2-4x),0.4300254452926209,income,2471
Near poverty (1-2x),0.5386533665835411,income,2471
Mexican American,0.455,race,2472
Non-Hispanic Asian,0.43209876543209874,race,2472
Non-Hispanic Black,0.5542635658914729,race,2472
Non-Hispanic White,0.5473098330241187,race,2472
Other Hispanic,0.5,race,2472
Other Race - Including Multi-Racial,0.5396825396825397,race,2472
Above 4x poverty line,0.33783783783783783,income,2472
Below poverty line,0.5901639344262295,income,2472
Middle (2-4x),0.4688279301745636,income,2472
Near poverty (1-2x),0.5842391304347826,income,2472
Mexican American,0.46,race,2473
Non-Hispanic Asian,0.3333333333333333,race,2473
Non-Hispanic Black,0.5465116279069767,race,2473
Non-Hispanic White,0.5510204081632653,race,2473
Other Hispanic,0.6267605633802817,race,2473
Other Race - Including Multi-Racial,0.4603174603174603,race,2473
Above 4x poverty line,0.3235294117647059,income,2473
Below poverty line,0.5826330532212886,income,2473
Middle (2-4x),0.4987146529562982,income,2473
Near poverty (1-2x),0.571072319201995,income,2473
Mexican American,0.41,race,2474
Non-Hispanic Asian,0.37037037037037035,race,2474
Non-Hispanic Black,0.4844961240310077,race,2474
Non-Hispanic White,0.5306122448979592,race,2474
Other Hispanic,0.5140845070422535,race,2474
Other Race - Including Multi-Racial,0.5714285714285714,race,2474
Above 4x poverty line,0.32926829268292684,income,2474
Below poverty line,0.5649546827794562,income,2474
Middle (2-4x),0.45219638242894056,income,2474
Near poverty (1-2x),0.5386533665835411,income,2474
Mexican American,0.485,race,2475
Non-Hispanic Asian,0.35802469135802467,race,2475
Non-Hispanic Black,0.5852713178294574,race,2475
Non-Hispanic White,0.49165120593692024,race,2475
Other Hispanic,0.5352112676056338,race,2475
Other Race - Including Multi-Racial,0.5238095238095238,race,2475
Above 4x poverty line,0.26011560693641617,income,2475
Below poverty line,0.5982905982905983,income,2475
Middle (2-4x),0.4739583333333333,income,2475
Near poverty (1-2x),0.5706666666666667,income,2475
Mexican American,0.475,race,2476
Non-Hispanic Asian,0.3333333333333333,race,2476
Non-Hispanic Black,0.5465116279069767,race,2476
Non-Hispanic White,0.5844155844155844,race,2476
Other Hispanic,0.528169014084507,race,2476
Other Race - Including Multi-Racial,0.42857142857142855,race,2476
Above 4x poverty line,0.3464052287581699,income,2476
Below poverty line,0.6348773841961853,income,2476
Middle (2-4x),0.45866666666666667,income,2476
Near poverty (1-2x),0.5721649484536082,income,2476
Mexican American,0.445,race,2477
Non-Hispanic Asian,0.38271604938271603,race,2477
Non-Hispanic Black,0.5310077519379846,race,2477
Non-Hispanic White,0.5120593692022264,race,2477
Other Hispanic,0.38028169014084506,race,2477
Other Race - Including Multi-Racial,0.5555555555555556,race,2477
Above 4x poverty line,0.3089887640449438,income,2477
Below poverty line,0.5636363636363636,income,2477
Middle (2-4x),0.43846153846153846,income,2477
Near poverty (1-2x),0.5454545454545454,income,2477
Mexican American,0.41,race,2478
Non-Hispanic Asian,0.35802469135802467,race,2478
Non-Hispanic Black,0.5232558139534884,race,2478
Non-Hispanic White,0.5769944341372912,race,2478
Other Hispanic,0.647887323943662,race,2478
Other Race - Including Multi-Racial,0.49206349206349204,race,2478
Above 4x poverty line,0.35877862595419846,income,2478
Below poverty line,0.5768115942028985,income,2478
Middle (2-4x),0.46522781774580335,income,2478
Near poverty (1-2x),0.6153846153846154,income,2478
Mexican American,0.41,race,2479
Non-Hispanic Asian,0.38271604938271603,race,2479
Non-Hispanic Black,0.5310077519379846,race,2479
Non-Hispanic White,0.5435992578849722,race,2479
Other Hispanic,0.5492957746478874,race,2479
Other Race - Including Multi-Racial,0.5238095238095238,race,2479
Above 4x poverty line,0.389937106918239,income,2479
Below poverty line,0.5863013698630137,income,2479
Middle (2-4x),0.43832020997375326,income,2479
Near poverty (1-2x),0.5582010582010583,income,2479
Mexican American,0.39,race,2480
Non-Hispanic Asian,0.345679012345679,race,2480
Non-Hispanic Black,0.5542635658914729,race,2480
Non-Hispanic White,0.5102040816326531,race,2480
Other Hispanic,0.6126760563380281,race,2480
Other Race - Including Multi-Racial,0.47619047619047616,race,2480
Above 4x poverty line,0.3333333333333333,income,2480
Below poverty line,0.5733333333333334,income,2480
Middle (2-4x),0.4725848563968668,income,2480
Near poverty (1-2x),0.5245901639344263,income,2480
Mexican American,0.45,race,2481
Non-Hispanic Asian,0.3333333333333333,race,2481
Non-Hispanic Black,0.5891472868217055,race,2481
Non-Hispanic White,0.549165120593692,race,2481
Other Hispanic,0.5915492957746479,race,2481
Other Race - Including Multi-Racial,0.5079365079365079,race,2481
Above 4x poverty line,0.39263803680981596,income,2481
Below poverty line,0.5910364145658263,income,2481
Middle (2-4x),0.5305039787798409,income,2481
Near poverty (1-2x),0.533678756476684,income,2481
Mexican American,0.51,race,2482
Non-Hispanic Asian,0.30864197530864196,race,2482
Non-Hispanic Black,0.5697674418604651,race,2482
Non-Hispanic White,0.5510204081632653,race,2482
Other Hispanic,0.44366197183098594,race,2482
Other Race - Including Multi-Racial,0.6190476190476191,race,2482
Above 4x poverty line,0.35714285714285715,income,2482
Below poverty line,0.6470588235294118,income,2482
Middle (2-4x),0.47381546134663344,income,2482
Near poverty (1-2x),0.5427807486631016,income,2482
Mexican American,0.39,race,2483
Non-Hispanic Asian,0.4074074074074074,race,2483
Non-Hispanic Black,0.6007751937984496,race,2483
Non-Hispanic White,0.5640074211502782,race,2483
Other Hispanic,0.49295774647887325,race,2483
Other Race - Including Multi-Racial,0.6031746031746031,race,2483
Above 4x poverty line,0.2857142857142857,income,2483
Below poverty line,0.6067415730337079,income,2483
Middle (2-4x),0.5117493472584856,income,2483
Near poverty (1-2x),0.5744125326370757,income,2483
Mexican American,0.395,race,2484
Non-Hispanic Asian,0.38271604938271603,race,2484
Non-Hispanic Black,0.5271317829457365,race,2484
Non-Hispanic White,0.5324675324675324,race,2484
Other Hispanic,0.6197183098591549,race,2484
Other Race - Including Multi-Racial,0.6031746031746031,race,2484
Above 4x poverty line,0.3684210526315789,income,2484
Below poverty line,0.6108108108108108,income,2484
Middle (2-4x),0.46134020618556704,income,2484
Near poverty (1-2x),0.5308310991957105,income,2484
Mexican American,0.48,race,2485
Non-Hispanic Asian,0.2962962962962963,race,2485
Non-Hispanic Black,0.5736434108527132,race,2485
Non-Hispanic White,0.5547309833024119,race,2485
Other Hispanic,0.5422535211267606,race,2485
Other Race - Including Multi-Racial,0.5396825396825397,race,2485
Above 4x poverty line,0.3137254901960784,income,2485
Below poverty line,0.6162464985994398,income,2485
Middle (2-4x),0.48128342245989303,income,2485
Near poverty (1-2x),0.5764411027568922,income,2485
Mexican American,0.435,race,2486
Non-Hispanic Asian,0.345679012345679,race,2486
Non-Hispanic Black,0.5038759689922481,race,2486
Non-Hispanic White,0.5473098330241187,race,2486
Other Hispanic,0.5492957746478874,race,2486
Other Race - Including Multi-Racial,0.5396825396825397,race,2486
Above 4x poverty line,0.3223684210526316,income,2486
Below poverty line,0.5734463276836158,income,2486
Middle (2-4x),0.48205128205128206,income,2486
Near poverty (1-2x),0.5478036175710594,income,2486
Mexican American,0.48,race,2487
Non-Hispanic Asian,0.345679012345679,race,2487
Non-Hispanic Black,0.5426356589147286,race,2487
Non-Hispanic White,0.5343228200371057,race,2487
Other Hispanic,0.4788732394366197,race,2487
Other Race - Including Multi-Racial,0.5238095238095238,race,2487
Above 4x poverty line,0.3129251700680272,income,2487
Below poverty line,0.5577464788732395,income,2487
Middle (2-4x),0.46981627296587924,income,2487
Near poverty (1-2x),0.575,income,2487
Mexican American,0.415,race,2488
Non-Hispanic Asian,0.37037037037037035,race,2488
Non-Hispanic Black,0.5503875968992248,race,2488
Non-Hispanic White,0.5064935064935064,race,2488
Other Hispanic,0.5422535211267606,race,2488
Other Race - Including Multi-Racial,0.5079365079365079,race,2488
Above 4x poverty line,0.2709677419354839,income,2488
Below poverty line,0.5755813953488372,income,2488
Middle (2-4x),0.44607843137254904,income,2488
Near poverty (1-2x),0.5718085106382979,income,2488
Mexican American,0.49,race,2489
Non-Hispanic Asian,0.37037037037037035,race,2489
Non-Hispanic Black,0.5658914728682171,race,2489
Non-Hispanic White,0.5176252319109462,race,2489
Other Hispanic,0.4788732394366197,race,2489
Other Race - Including Multi-Racial,0.49206349206349204,race,2489
Above 4x poverty line,0.3202614379084967,income,2489
Below poverty line,0.5754985754985755,income,2489
Middle (2-4x),0.45918367346938777,income,2489
Near poverty (1-2x),0.5710594315245479,income,2489
Mexican American,0.465,race,2490
Non-Hispanic Asian,0.3950617283950617,race,2490
Non-Hispanic Black,0.5503875968992248,race,2490
Non-Hispanic White,0.5269016697588126,race,2490
Other Hispanic,0.528169014084507,race,2490
Other Race - Including Multi-Racial,0.49206349206349204,race,2490
Above 4x poverty line,0.35374149659863946,income,2490
Below poverty line,0.6011396011396012,income,2490
Middle (2-4x),0.4625322997416021,income,2490
Near poverty (1-2x),0.5402010050251256,income,2490
Mexican American,0.47,race,2491
Non-Hispanic Asian,0.345679012345679,race,2491
Non-Hispanic Black,0.5116279069767442,race,2491
Non-Hispanic White,0.5565862708719852,race,2491
Other Hispanic,0.5352112676056338,race,2491
Other Race - Including Multi-Racial,0.5396825396825397,race,2491
Above 4x poverty line,0.3488372093023256,income,2491
Below poverty line,0.5848484848484848,income,2491
Middle (2-4x),0.49625935162094764,income,2491
Near poverty (1-2x),0.5578947368421052,income,2491
Mexican American,0.47,race,2492
Non-Hispanic Asian,0.25925925925925924,race,2492
Non-Hispanic Black,0.5775193798449613,race,2492
Non-Hispanic White,0.536178107606679,race,2492
Other Hispanic,0.5704225352112676,race,2492
Other Race - Including Multi-Racial,0.49206349206349204,race,2492
Above 4x poverty line,0.36477987421383645,income,2492
Below poverty line,0.5795795795795796,income,2492
Middle (2-4x),0.5012345679012346,income,2492
Near poverty (1-2x),0.5466321243523317,income,2492
Mexican American,0.445,race,2493
Non-Hispanic Asian,0.3333333333333333,race,2493
Non-Hispanic Black,0.5193798449612403,race,2493
Non-Hispanic White,0.5250463821892394,race,2493
Other Hispanic,0.4859154929577465,race,2493
Other Race - Including Multi-Racial,0.5238095238095238,race,2493
Above 4x poverty line,0.3116883116883117,income,2493
Below poverty line,0.6016713091922006,income,2493
Middle (2-4x),0.46904761904761905,income,2493
Near poverty (1-2x),0.49714285714285716,income,2493
Mexican American,0.44,race,2494
Non-Hispanic Asian,0.3333333333333333,race,2494
Non-Hispanic Black,0.5387596899224806,race,2494
Non-Hispanic White,0.5269016697588126,race,2494
Other Hispanic,0.5352112676056338,race,2494
Other Race - Including Multi-Racial,0.5079365079365079,race,2494
Above 4x poverty line,0.26282051282051283,income,2494
Below poverty line,0.6,income,2494
Middle (2-4x),0.5096618357487923,income,2494
Near poverty (1-2x),0.5093833780160858,income,2494
Mexican American,0.36,race,2495
Non-Hispanic Asian,0.32098765432098764,race,2495
Non-Hispanic Black,0.5658914728682171,race,2495
Non-Hispanic White,0.5343228200371057,race,2495
Other Hispanic,0.5422535211267606,race,2495
Other Race - Including Multi-Racial,0.5873015873015873,race,2495
Above 4x poverty line,0.36477987421383645,income,2495
Below poverty line,0.5982658959537572,income,2495
Middle (2-4x),0.4824120603015075,income,2495
Near poverty (1-2x),0.49736842105263157,income,2495
Mexican American,0.435,race,2496
Non-Hispanic Asian,0.3333333333333333,race,2496
Non-Hispanic Black,0.5116279069767442,race,2496
Non-Hispanic White,0.5380333951762524,race,2496
Other Hispanic,0.4647887323943662,race,2496
Other Race - Including Multi-Racial,0.5079365079365079,race,2496
Above 4x poverty line,0.3446327683615819,income,2496
Below poverty line,0.56797583081571,income,2496
Middle (2-4x),0.4744525547445255,income,2496
Near poverty (1-2x),0.521978021978022,income,2496
Mexican American,0.43,race,2497
Non-Hispanic Asian,0.4074074074074074,race,2497
Non-Hispanic Black,0.6201550387596899,race,2497
Non-Hispanic White,0.5584415584415584,race,2497
Other Hispanic,0.44366197183098594,race,2497
Other Race - Including Multi-Racial,0.5238095238095238,race,2497
Above 4x poverty line,0.34594594594594597,income,2497
Below poverty line,0.5891238670694864,income,2497
Middle (2-4x),0.5013054830287206,income,2497
Near poverty (1-2x),0.5859375,income,2497
Mexican American,0.46,race,2498
Non-Hispanic Asian,0.37037037037037035,race,2498
Non-Hispanic Black,0.5310077519379846,race,2498
Non-Hispanic White,0.5417439703153989,race,2498
Other Hispanic,0.5070422535211268,race,2498
Other Race - Including Multi-Racial,0.6190476190476191,race,2498
Above 4x poverty line,0.32051282051282054,income,2498
Below poverty line,0.5686274509803921,income,2498
Middle (2-4x),0.5050761421319797,income,2498
Near poverty (1-2x),0.5585106382978723,income,2498
Mexican American,0.455,race,2499
Non-Hispanic Asian,0.38271604938271603,race,2499
Non-Hispanic Black,0.5542635658914729,race,2499
Non-Hispanic White,0.5176252319109462,race,2499
Other Hispanic,0.5140845070422535,race,2499
Other Race - Including Multi-Racial,0.5555555555555556,race,2499
Above 4x poverty line,0.2751677852348993,income,2499
Below poverty line,0.5988200589970502,income,2499
Middle (2-4x),0.49014778325123154,income,2499
Near poverty (1-2x),0.5372750642673522,income,2499
Mexican American,0.425,race,2500
Non-Hispanic Asian,0.345679012345679,race,2500
Non-Hispanic Black,0.5232558139534884,race,2500
Non-Hispanic White,0.5231910946196661,race,2500
Other Hispanic,0.5352112676056338,race,2500
Other Race - Including Multi-Racial,0.5079365079365079,race,2500
Above 4x poverty line,0.32142857142857145,income,2500
Below poverty line,0.6017441860465116,income,2500
Middle (2-4x),0.4564102564102564,income,2500
Near poverty (1-2x),0.5223097112860893,income,2500
Mexican American,0.475,race,2501
Non-Hispanic Asian,0.35802469135802467,race,2501
Non-Hispanic Black,0.5503875968992248,race,2501
Non-Hispanic White,0.5732838589981447,race,2501
Other Hispanic,0.4859154929577465,race,2501
Other Race - Including Multi-Racial,0.47619047619047616,race,2501
Above 4x poverty line,0.4121212121212121,income,2501
Below poverty line,0.5872093023255814,income,2501
Middle (2-4x),0.4713541666666667,income,2501
Near poverty (1-2x),0.5717948717948718,income,2501
Mexican American,0.41,race,2502
Non-Hispanic Asian,0.2716049382716049,race,2502
Non-Hispanic Black,0.5193798449612403,race,2502
Non-Hispanic White,0.5658627087198516,race,2502
Other Hispanic,0.5774647887323944,race,2502
Other Race - Including Multi-Racial,0.5079365079365079,race,2502
Above 4x poverty line,0.36363636363636365,income,2502
Below poverty line,0.5516304347826086,income,2502
Middle (2-4x),0.4592391304347826,income,2502
Near poverty (1-2x),0.5956873315363881,income,2502
Mexican American,0.45,race,2503
Non-Hispanic Asian,0.2962962962962963,race,2503
Non-Hispanic Black,0.5310077519379846,race,2503
Non-Hispanic White,0.5528756957328386,race,2503
Other Hispanic,0.5422535211267606,race,2503
Other Race - Including Multi-Racial,0.3968253968253968,race,2503
Above 4x poverty line,0.3148148148148148,income,2503
Below poverty line,0.5640243902439024,income,2503
Middle (2-4x),0.4728682170542636,income,2503
Near poverty (1-2x),0.5714285714285714,income,2503
Mexican American,0.455,race,2504
Non-Hispanic Asian,0.30864197530864196,race,2504
Non-Hispanic Black,0.5503875968992248,race,2504
Non-Hispanic White,0.5046382189239332,race,2504
Other Hispanic,0.528169014084507,race,2504
Other Race - Including Multi-Racial,0.5555555555555556,race,2504
Above 4x poverty line,0.31543624161073824,income,2504
Below poverty line,0.5702479338842975,income,2504
Middle (2-4x),0.48091603053435117,income,2504
Near poverty (1-2x),0.5211640211640212,income,2504
Mexican American,0.395,race,2505
Non-Hispanic Asian,0.3333333333333333,race,2505
Non-Hispanic Black,0.5658914728682171,race,2505
Non-Hispanic White,0.5454545454545454,race,2505
Other Hispanic,0.5492957746478874,race,2505
Other Race - Including Multi-Racial,0.5396825396825397,race,2505
Above 4x poverty line,0.3313253012048193,income,2505
Below poverty line,0.5769230769230769,income,2505
Middle (2-4x),0.4876847290640394,income,2505
Near poverty (1-2x),0.5630026809651475,income,2505
Mexican American,0.47,race,2506
Non-Hispanic Asian,0.345679012345679,race,2506
Non-Hispanic Black,0.5465116279069767,race,2506
Non-Hispanic White,0.5380333951762524,race,2506
Other Hispanic,0.5563380281690141,race,2506
Other Race - Including Multi-Racial,0.5396825396825397,race,2506
Above 4x poverty line,0.3142857142857143,income,2506
Below poverty line,0.5893333333333334,income,2506
Middle (2-4x),0.4557291666666667,income,2506
Near poverty (1-2x),0.5885416666666666,income,2506
Mexican American,0.43,race,2507
Non-Hispanic Asian,0.30864197530864196,race,2507
Non-Hispanic Black,0.5387596899224806,race,2507
Non-Hispanic White,0.5306122448979592,race,2507
Other Hispanic,0.5492957746478874,race,2507
Other Race - Including Multi-Racial,0.5079365079365079,race,2507
Above 4x poverty line,0.3076923076923077,income,2507
Below poverty line,0.5861111111111111,income,2507
Middle (2-4x),0.4794871794871795,income,2507
Near poverty (1-2x),0.5384615384615384,income,2507
Mexican American,0.435,race,2508
Non-Hispanic Asian,0.30864197530864196,race,2508
Non-Hispanic Black,0.49224806201550386,race,2508
Non-Hispanic White,0.5473098330241187,race,2508
Other Hispanic,0.5492957746478874,race,2508
Other Race - Including Multi-Racial,0.5238095238095238,race,2508
Above 4x poverty line,0.3072289156626506,income,2508
Below poverty line,0.5971428571428572,income,2508
Middle (2-4x),0.46851385390428213,income,2508
Near poverty (1-2x),0.5378378378378378,income,2508
Mexican American,0.425,race,2509
Non-Hispanic Asian,0.3333333333333333,race,2509
Non-Hispanic Black,0.562015503875969,race,2509
Non-Hispanic White,0.5306122448979592,race,2509
Other Hispanic,0.5985915492957746,race,2509
Other Race - Including Multi-Racial,0.5238095238095238,race,2509
Above 4x poverty line,0.3028571428571429,income,2509
Below poverty line,0.5608308605341247,income,2509
Middle (2-4x),0.5129533678756477,income,2509
Near poverty (1-2x),0.574025974025974,income,2509
Mexican American,0.455,race,2510
Non-Hispanic Asian,0.2839506172839506,race,2510
Non-Hispanic Black,0.5736434108527132,race,2510
Non-Hispanic White,0.549165120593692,race,2510
Other Hispanic,0.5352112676056338,race,2510
Other Race - Including Multi-Racial,0.4603174603174603,race,2510
Above 4x poverty line,0.2909090909090909,income,2510
Below poverty line,0.6107594936708861,income,2510
Middle (2-4x),0.48905109489051096,income,2510
Near poverty (1-2x),0.5652173913043478,income,2510
Mexican American,0.44,race,2511
Non-Hispanic Asian,0.345679012345679,race,2511
Non-Hispanic Black,0.5697674418604651,race,2511
Non-Hispanic White,0.5454545454545454,race,2511
Other Hispanic,0.5915492957746479,race,2511
Other Race - Including Multi-Racial,0.4603174603174603,race,2511
Above 4x poverty line,0.3223684210526316,income,2511
Below poverty line,0.6408839779005525,income,2511
Middle (2-4x),0.4680306905370844,income,2511
Near poverty (1-2x),0.544973544973545,income,2511
Mexican American,0.43,race,2512
Non-Hispanic Asian,0.37037037037037035,race,2512
Non-Hispanic Black,0.5387596899224806,race,2512
Non-Hispanic White,0.5380333951762524,race,2512
Other Hispanic,0.6056338028169014,race,2512
Other Race - Including Multi-Racial,0.5714285714285714,race,2512
Above 4x poverty line,0.34810126582278483,income,2512
Below poverty line,0.5967302452316077,income,2512
Middle (2-4x),0.46851385390428213,income,2512
Near poverty (1-2x),0.5734072022160664,income,2512
Mexican American,0.52,race,2513
Non-Hispanic Asian,0.32098765432098764,race,2513
Non-Hispanic Black,0.5891472868217055,race,2513
Non-Hispanic White,0.5732838589981447,race,2513
Other Hispanic,0.5492957746478874,race,2513
Other Race - Including Multi-Racial,0.4603174603174603,race,2513
Above 4x poverty line,0.391025641025641,income,2513
Below poverty line,0.6243093922651933,income,2513
Middle (2-4x),0.5038363171355499,income,2513
Near poverty (1-2x),0.5721925133689839,income,2513
Mexican American,0.505,race,2514
Non-Hispanic Asian,0.3950617283950617,race,2514
Non-Hispanic Black,0.5891472868217055,race,2514
Non-Hispanic White,0.5547309833024119,race,2514
Other Hispanic,0.5,race,2514
Other Race - Including Multi-Racial,0.5714285714285714,race,2514
Above 4x poverty line,0.3401360544217687,income,2514
Below poverty line,0.6160714285714286,income,2514
Middle (2-4x),0.4847715736040609,income,2514
Near poverty (1-2x),0.5985221674876847,income,2514
Mexican American,0.46,race,2515
Non-Hispanic Asian,0.4074074074074074,race,2515
Non-Hispanic Black,0.5348837209302325,race,2515
Non-Hispanic White,0.5565862708719852,race,2515
Other Hispanic,0.5,race,2515
Other Race - Including Multi-Racial,0.5714285714285714,race,2515
Above 4x poverty line,0.3197278911564626,income,2515
Below poverty line,0.555256064690027,income,2515
Middle (2-4x),0.5303430079155673,income,2515
Near poverty (1-2x),0.5595854922279793,income,2515
Mexican American,0.4,race,2516
Non-Hispanic Asian,0.35802469135802467,race,2516
Non-Hispanic Black,0.5348837209302325,race,2516
Non-Hispanic White,0.5176252319109462,race,2516
Other Hispanic,0.4788732394366197,race,2516
Other Race - Including Multi-Racial,0.5555555555555556,race,2516
Above 4x poverty line,0.26618705035971224,income,2516
Below poverty line,0.5747126436781609,income,2516
Middle (2-4x),0.4433249370277078,income,2516
Near poverty (1-2x),0.5413533834586466,income,2516
Mexican American,0.45,race,2517
Non-Hispanic Asian,0.38271604938271603,race,2517
Non-Hispanic Black,0.5736434108527132,race,2517
Non-Hispanic White,0.5528756957328386,race,2517
Other Hispanic,0.528169014084507,race,2517
Other Race - Including Multi-Racial,0.6031746031746031,race,2517
Above 4x poverty line,0.31016042780748665,income,2517
Below poverty line,0.6099706744868035,income,2517
Middle (2-4x),0.5292553191489362,income,2517
Near poverty (1-2x),0.5672823218997362,income,2517
Mexican American,0.47,race,2518
Non-Hispanic Asian,0.4074074074074074,race,2518
Non-Hispanic Black,0.5542635658914729,race,2518
Non-Hispanic White,0.5454545454545454,race,2518
Other Hispanic,0.5352112676056338,race,2518
Other Race - Including Multi-Racial,0.47619047619047616,race,2518
Above 4x poverty line,0.32142857142857145,income,2518
Below poverty line,0.6268656716417911,income,2518
Middle (2-4x),0.5037593984962406,income,2518
Near poverty (1-2x),0.5380577427821522,income,2518
Mexican American,0.495,race,2519
Non-Hispanic Asian,0.2839506172839506,race,2519
Non-Hispanic Black,0.562015503875969,race,2519
Non-Hispanic White,0.5454545454545454,race,2519
Other Hispanic,0.5633802816901409,race,2519
Other Race - Including Multi-Racial,0.5396825396825397,race,2519
Above 4x poverty line,0.2716049382716049,income,2519
Below poverty line,0.6213872832369942,income,2519
Middle (2-4x),0.4935400516795866,income,2519
Near poverty (1-2x),0.5798969072164949,income,2519
Mexican American,0.415,race,2520
Non-Hispanic Asian,0.2962962962962963,race,2520
Non-Hispanic Black,0.5116279069767442,race,2520
Non-Hispanic White,0.5287569573283859,race,2520
Other Hispanic,0.5422535211267606,race,2520
Other Race - Including Multi-Racial,0.5238095238095238,race,2520
Above 4x poverty line,0.3333333333333333,income,2520
Below poverty line,0.589041095890411,income,2520
Middle (2-4x),0.43535620052770446,income,2520
Near poverty (1-2x),0.5274151436031331,income,2520
Mexican American,0.51,race,2521
Non-Hispanic Asian,0.345679012345679,race,2521
Non-Hispanic Black,0.5232558139534884,race,2521
Non-Hispanic White,0.5250463821892394,race,2521
Other Hispanic,0.5633802816901409,race,2521
Other Race - Including Multi-Racial,0.5079365079365079,race,2521
Above 4x poverty line,0.3374233128834356,income,2521
Below poverty line,0.5633802816901409,income,2521
Middle (2-4x),0.49318801089918257,income,2521
Near poverty (1-2x),0.5628140703517588,income,2521
Mexican American,0.495,race,2522
Non-Hispanic Asian,0.32098765432098764,race,2522
Non-Hispanic Black,0.5155038759689923,race,2522
Non-Hispanic White,0.5658627087198516,race,2522
Other Hispanic,0.5070422535211268,race,2522
Other Race - Including Multi-Racial,0.5396825396825397,race,2522
Above 4x poverty line,0.3592814371257485,income,2522
Below poverty line,0.6041666666666666,income,2522
Middle (2-4x),0.484375,income,2522
Near poverty (1-2x),0.5555555555555556,income,2522
Mexican American,0.415,race,2523
Non-Hispanic Asian,0.2962962962962963,race,2523
Non-Hispanic Black,0.5387596899224806,race,2523
Non-Hispanic White,0.5435992578849722,race,2523
Other Hispanic,0.5633802816901409,race,2523
Other Race - Including Multi-Racial,0.42857142857142855,race,2523
Above 4x poverty line,0.3132530120481928,income,2523
Below poverty line,0.568,income,2523
Middle (2-4x),0.48097826086956524,income,2523
Near poverty (1-2x),0.5454545454545454,income,2523
Mexican American,0.465,race,2524
Non-Hispanic Asian,0.48148148148148145,race,2524
Non-Hispanic Black,0.5503875968992248,race,2524
Non-Hispanic White,0.5473098330241187,race,2524
Other Hispanic,0.49295774647887325,race,2524
Other Race - Including Multi-Racial,0.5079365079365079,race,2524
Above 4x poverty line,0.36666666666666664,income,2524
Below poverty line,0.6061452513966481,income,2524
Middle (2-4x),0.48936170212765956,income,2524
Near poverty (1-2x),0.5388471177944862,income,2524
Mexican American,0.465,race,2525
Non-Hispanic Asian,0.30864197530864196,race,2525
Non-Hispanic Black,0.5310077519379846,race,2525
Non-Hispanic White,0.5528756957328386,race,2525
Other Hispanic,0.47183098591549294,race,2525
Other Race - Including Multi-Racial,0.5555555555555556,race,2525
Above 4x poverty line,0.35542168674698793,income,2525
Below poverty line,0.5791044776119403,income,2525
Middle (2-4x),0.4648241206030151,income,2525
Near poverty (1-2x),0.5651041666666666,income,2525
Mexican American,0.48,race,2526
Non-Hispanic Asian,0.3950617283950617,race,2526
Non-Hispanic Black,0.5658914728682171,race,2526
Non-Hispanic White,0.5640074211502782,race,2526
Other Hispanic,0.5422535211267606,race,2526
Other Race - Including Multi-Racial,0.49206349206349204,race,2526
Above 4x poverty line,0.3269230769230769,income,2526
Below poverty line,0.6011904761904762,income,2526
Middle (2-4x),0.4813895781637717,income,2526
Near poverty (1-2x),0.615979381443299,income,2526
Mexican American,0.44,race,2527
Non-Hispanic Asian,0.30864197530864196,race,2527
Non-Hispanic Black,0.49612403100775193,race,2527
Non-Hispanic White,0.47680890538033394,race,2527
Other Hispanic,0.49295774647887325,race,2527
Other Race - Including Multi-Racial,0.5079365079365079,race,2527
Above 4x poverty line,0.32044198895027626,income,2527
Below poverty line,0.5174603174603175,income,2527
Middle (2-4x),0.4707379134860051,income,2527
Near poverty (1-2x),0.49238578680203043,income,2527
Mexican American,0.48,race,2528
Non-Hispanic Asian,0.35802469135802467,race,2528
Non-Hispanic Black,0.5581395348837209,race,2528
Non-Hispanic White,0.5565862708719852,race,2528
Other Hispanic,0.5492957746478874,race,2528
Other Race - Including Multi-Racial,0.49206349206349204,race,2528
Above 4x poverty line,0.3522012578616352,income,2528
Below poverty line,0.5806451612903226,income,2528
Middle (2-4x),0.476303317535545,income,2528
Near poverty (1-2x),0.6177285318559557,income,2528
Mexican American,0.43,race,2529
Non-Hispanic Asian,0.30864197530864196,race,2529
Non-Hispanic Black,0.5232558139534884,race,2529
Non-Hispanic White,0.5269016697588126,race,2529
Other Hispanic,0.5211267605633803,race,2529
Other Race - Including Multi-Racial,0.5714285714285714,race,2529
Above 4x poverty line,0.24836601307189543,income,2529
Below poverty line,0.5706051873198847,income,2529
Middle (2-4x),0.4959349593495935,income,2529
Near poverty (1-2x),0.533816425120773,income,2529
Mexican American,0.5,race,2530
Non-Hispanic Asian,0.345679012345679,race,2530
Non-Hispanic Black,0.5,race,2530
Non-Hispanic White,0.5102040816326531,race,2530
Other Hispanic,0.5774647887323944,race,2530
Other Race - Including Multi-Racial,0.5873015873015873,race,2530
Above 4x poverty line,0.323943661971831,income,2530
Below poverty line,0.615819209039548,income,2530
Middle (2-4x),0.4643734643734644,income,2530
Near poverty (1-2x),0.5210526315789473,income,2530
Mexican American,0.41,race,2531
Non-Hispanic Asian,0.3333333333333333,race,2531
Non-Hispanic Black,0.5581395348837209,race,2531
Non-Hispanic White,0.536178107606679,race,2531
Other Hispanic,0.5492957746478874,race,2531
Other Race - Including Multi-Racial,0.4444444444444444,race,2531
Above 4x poverty line,0.348993288590604,income,2531
Below poverty line,0.5628571428571428,income,2531
Middle (2-4x),0.4543269230769231,income,2531
Near poverty (1-2x),0.5706521739130435,income,2531
Mexican American,0.41,race,2532
Non-Hispanic Asian,0.30864197530864196,race,2532
Non-Hispanic Black,0.562015503875969,race,2532
Non-Hispanic White,0.5732838589981447,race,2532
Other Hispanic,0.5915492957746479,race,2532
Other Race - Including Multi-Racial,0.49206349206349204,race,2532
Above 4x poverty line,0.30405405405405406,income,2532
Below poverty line,0.6314285714285715,income,2532
Middle (2-4x),0.47103274559193953,income,2532
Near poverty (1-2x),0.5747422680412371,income,2532
Mexican American,0.47,race,2533
Non-Hispanic Asian,0.41975308641975306,race,2533
Non-Hispanic Black,0.562015503875969,race,2533
Non-Hispanic White,0.5324675324675324,race,2533
Other Hispanic,0.4859154929577465,race,2533
Other Race - Including Multi-Racial,0.47619047619047616,race,2533
Above 4x poverty line,0.32515337423312884,income,2533
Below poverty line,0.6217765042979942,income,2533
Middle (2-4x),0.4540682414698163,income,2533
Near poverty (1-2x),0.5538461538461539,income,2533
Mexican American,0.39,race,2534
Non-Hispanic Asian,0.3950617283950617,race,2534
Non-Hispanic Black,0.5503875968992248,race,2534
Non-Hispanic White,0.5732838589981447,race,2534
Other Hispanic,0.5211267605633803,race,2534
Other Race - Including Multi-Racial,0.47619047619047616,race,2534
Above 4x poverty line,0.36423841059602646,income,2534
Below poverty line,0.5722713864306784,income,2534
Middle (2-4x),0.47117794486215536,income,2534
Near poverty (1-2x),0.5786802030456852,income,2534
Mexican American,0.455,race,2535
Non-Hispanic Asian,0.43209876543209874,race,2535
Non-Hispanic Black,0.5348837209302325,race,2535
Non-Hispanic White,0.5454545454545454,race,2535
Other Hispanic,0.5845070422535211,race,2535
Other Race - Including Multi-Racial,0.49206349206349204,race,2535
Above 4x poverty line,0.33974358974358976,income,2535
Below poverty line,0.5896656534954408,income,2535
Middle (2-4x),0.5023474178403756,income,2535
Near poverty (1-2x),0.5672043010752689,income,2535
Mexican American,0.415,race,2536
Non-Hispanic Asian,0.2962962962962963,race,2536
Non-Hispanic Black,0.5426356589147286,race,2536
Non-Hispanic White,0.549165120593692,race,2536
Other Hispanic,0.5211267605633803,race,2536
Other Race - Including Multi-Racial,0.5238095238095238,race,2536
Above 4x poverty line,0.2887323943661972,income,2536
Below poverty line,0.5605633802816902,income,2536
Middle (2-4x),0.47848101265822784,income,2536
Near poverty (1-2x),0.5652173913043478,income,2536
Mexican American,0.46,race,2537
Non-Hispanic Asian,0.35802469135802467,race,2537
Non-Hispanic Black,0.5387596899224806,race,2537
Non-Hispanic White,0.5027829313543599,race,2537
Other Hispanic,0.4859154929577465,race,2537
Other Race - Including Multi-Racial,0.5396825396825397,race,2537
Above 4x poverty line,0.3105590062111801,income,2537
Below poverty line,0.6297376093294461,income,2537
Middle (2-4x),0.4489795918367347,income,2537
Near poverty (1-2x),0.49612403100775193,income,2537
Mexican American,0.42,race,2538
Non-Hispanic Asian,0.3950617283950617,race,2538
Non-Hispanic Black,0.5813953488372093,race,2538
Non-Hispanic White,0.5324675324675324,race,2538
Other Hispanic,0.5422535211267606,race,2538
Other Race - Including Multi-Racial,0.49206349206349204,race,2538
Above 4x poverty line,0.3146067415730337,income,2538
Below poverty line,0.6084507042253521,income,2538
Middle (2-4x),0.48548812664907653,income,2538
Near poverty (1-2x),0.5525606469002695,income,2538
Mexican American,0.455,race,2539
Non-Hispanic Asian,0.30864197530864196,race,2539
Non-Hispanic Black,0.5348837209302325,race,2539
Non-Hispanic White,0.5435992578849722,race,2539
Other Hispanic,0.5352112676056338,race,2539
Other Race - Including Multi-Racial,0.5714285714285714,race,2539
Above 4x poverty line,0.3614457831325301,income,2539
Below poverty line,0.6086956521739131,income,2539
Middle (2-4x),0.4680306905370844,income,2539
Near poverty (1-2x),0.5363128491620112,income,2539
Mexican American,0.415,race,2540
Non-Hispanic Asian,0.2345679012345679,race,2540
Non-Hispanic Black,0.4883720930232558,race,2540
Non-Hispanic White,0.5435992578849722,race,2540
Other Hispanic,0.5352112676056338,race,2540
Other Race - Including Multi-Racial,0.49206349206349204,race,2540
Above 4x poverty line,0.2536231884057971,income,2540
Below poverty line,0.5527065527065527,income,2540
Middle (2-4x),0.4474327628361858,income,2540
Near poverty (1-2x),0.561038961038961,income,2540
Mexican American,0.41,race,2541
Non-Hispanic Asian,0.30864197530864196,race,2541
Non-Hispanic Black,0.5581395348837209,race,2541
Non-Hispanic White,0.5473098330241187,race,2541
Other Hispanic,0.5633802816901409,race,2541
Other Race - Including Multi-Racial,0.47619047619047616,race,2541
Above 4x poverty line,0.32515337423312884,income,2541
Below poverty line,0.6197183098591549,income,2541
Middle (2-4x),0.47474747474747475,income,2541
Near poverty (1-2x),0.5284552845528455,income,2541
Mexican American,0.47,race,2542
Non-Hispanic Asian,0.35802469135802467,race,2542
Non-Hispanic Black,0.5348837209302325,race,2542
Non-Hispanic White,0.5528756957328386,race,2542
Other Hispanic,0.5140845070422535,race,2542
Other Race - Including Multi-Racial,0.5396825396825397,race,2542
Above 4x poverty line,0.33793103448275863,income,2542
Below poverty line,0.641399416909621,income,2542
Middle (2-4x),0.45496535796766746,income,2542
Near poverty (1-2x),0.5524861878453039,income,2542
Mexican American,0.455,race,2543
Non-Hispanic Asian,0.35802469135802467,race,2543
Non-Hispanic Black,0.562015503875969,race,2543
Non-Hispanic White,0.5732838589981447,race,2543
Other Hispanic,0.528169014084507,race,2543
Other Race - Including Multi-Racial,0.49206349206349204,race,2543
Above 4x poverty line,0.391304347826087,income,2543
Below poverty line,0.6272189349112426,income,2543
Middle (2-4x),0.4743276283618582,income,2543
Near poverty (1-2x),0.5626666666666666,income,2543
Mexican American,0.465,race,2544
Non-Hispanic Asian,0.2839506172839506,race,2544
Non-Hispanic Black,0.5348837209302325,race,2544
Non-Hispanic White,0.5250463821892394,race,2544
Other Hispanic,0.4788732394366197,race,2544
Other Race - Including Multi-Racial,0.5555555555555556,race,2544
Above 4x poverty line,0.35542168674698793,income,2544
Below poverty line,0.5527065527065527,income,2544
Middle (2-4x),0.44559585492227977,income,2544
Near poverty (1-2x),0.5657894736842105,income,2544
Mexican American,0.385,race,2545
Non-Hispanic Asian,0.3333333333333333,race,2545
Non-Hispanic Black,0.5852713178294574,race,2545
Non-Hispanic White,0.5231910946196661,race,2545
Other Hispanic,0.49295774647887325,race,2545
Other Race - Including Multi-Racial,0.3968253968253968,race,2545
Above 4x poverty line,0.3026315789473684,income,2545
Below poverty line,0.5889212827988338,income,2545
Middle (2-4x),0.4581151832460733,income,2545
Near poverty (1-2x),0.5147783251231527,income,2545
Mexican American,0.445,race,2546
Non-Hispanic Asian,0.37037037037037035,race,2546
Non-Hispanic Black,0.5232558139534884,race,2546
Non-Hispanic White,0.5176252319109462,race,2546
Other Hispanic,0.5492957746478874,race,2546
Other Race - Including Multi-Racial,0.5396825396825397,race,2546
Above 4x poverty line,0.3048780487804878,income,2546
Below poverty line,0.601123595505618,income,2546
Middle (2-4x),0.46454767726161367,income,2546
Near poverty (1-2x),0.53954802259887,income,2546
Mexican American,0.51,race,2547
Non-Hispanic Asian,0.37037037037037035,race,2547
Non-Hispanic Black,0.5426356589147286,race,2547
Non-Hispanic White,0.5454545454545454,race,2547
Other Hispanic,0.5985915492957746,race,2547
Other Race - Including Multi-Racial,0.5555555555555556,race,2547
Above 4x poverty line,0.35135135135135137,income,2547
Below poverty line,0.5814606741573034,income,2547
Middle (2-4x),0.48984771573604063,income,2547
Near poverty (1-2x),0.6077922077922078,income,2547
Mexican American,0.485,race,2548
Non-Hispanic Asian,0.32098765432098764,race,2548
Non-Hispanic Black,0.5503875968992248,race,2548
Non-Hispanic White,0.5176252319109462,race,2548
Other Hispanic,0.5070422535211268,race,2548
Other Race - Including Multi-Racial,0.5396825396825397,race,2548
Above 4x poverty line,0.37583892617449666,income,2548
Below poverty line,0.5786666666666667,income,2548
Middle (2-4x),0.46578947368421053,income,2548
Near poverty (1-2x),0.5277044854881267,income,2548
Mexican American,0.475,race,2549
Non-Hispanic Asian,0.38271604938271603,race,2549
Non-Hispanic Black,0.5503875968992248,race,2549
Non-Hispanic White,0.5269016697588126,race,2549
Other Hispanic,0.528169014084507,race,2549
Other Race - Including Multi-Racial,0.4444444444444444,race,2549
Above 4x poverty line,0.3558282208588957,income,2549
Below poverty line,0.6023391812865497,income,2549
Middle (2-4x),0.4424552429667519,income,2549
Near poverty (1-2x),0.5633074935400517,income,2549
Mexican American,0.415,race,2550
Non-Hispanic Asian,0.37037037037037035,race,2550
Non-Hispanic Black,0.5542635658914729,race,2550
Non-Hispanic White,0.5380333951762524,race,2550
Other Hispanic,0.5422535211267606,race,2550
Other Race - Including Multi-Racial,0.5079365079365079,race,2550
Above 4x poverty line,0.37254901960784315,income,2550
Below poverty line,0.5423728813559322,income,2550
Middle (2-4x),0.47117794486215536,income,2550
Near poverty (1-2x),0.5782493368700266,income,2550
Mexican American,0.46,race,2551
Non-Hispanic Asian,0.345679012345679,race,2551
Non-Hispanic Black,0.5968992248062015,race,2551
Non-Hispanic White,0.5102040816326531,race,2551
Other Hispanic,0.5422535211267606,race,2551
Other Race - Including Multi-Racial,0.6190476190476191,race,2551
Above 4x poverty line,0.30303030303030304,income,2551
Below poverty line,0.5911602209944752,income,2551
Middle (2-4x),0.5075757575757576,income,2551
Near poverty (1-2x),0.5555555555555556,income,2551
Mexican American,0.425,race,2552
Non-Hispanic Asian,0.43209876543209874,race,2552
Non-Hispanic Black,0.5155038759689923,race,2552
Non-Hispanic White,0.5269016697588126,race,2552
Other Hispanic,0.4788732394366197,race,2552
Other Race - Including Multi-Racial,0.5555555555555556,race,2552
Above 4x poverty line,0.3253012048192771,income,2552
Below poverty line,0.5176470588235295,income,2552
Middle (2-4x),0.48984771573604063,income,2552
Near poverty (1-2x),0.566579634464752,income,2552
Mexican American,0.48,race,2553
Non-Hispanic Asian,0.3950617283950617,race,2553
Non-Hispanic Black,0.5155038759689923,race,2553
Non-Hispanic White,0.5510204081632653,race,2553
Other Hispanic,0.5,race,2553
Other Race - Including Multi-Racial,0.5396825396825397,race,2553
Above 4x poverty line,0.294478527607362,income,2553
Below poverty line,0.5863013698630137,income,2553
Middle (2-4x),0.4808743169398907,income,2553
Near poverty (1-2x),0.5784061696658098,income,2553
Mexican American,0.49,race,2554
Non-Hispanic Asian,0.41975308641975306,race,2554
Non-Hispanic Black,0.5465116279069767,race,2554
Non-Hispanic White,0.5510204081632653,race,2554
Other Hispanic,0.4859154929577465,race,2554
Other Race - Including Multi-Racial,0.6190476190476191,race,2554
Above 4x poverty line,0.3375,income,2554
Below poverty line,0.5893854748603352,income,2554
Middle (2-4x),0.4854111405835544,income,2554
Near poverty (1-2x),0.5927835051546392,income,2554
Mexican American,0.425,race,2555
Non-Hispanic Asian,0.38271604938271603,race,2555
Non-Hispanic Black,0.5271317829457365,race,2555
Non-Hispanic White,0.5473098330241187,race,2555
Other Hispanic,0.5633802816901409,race,2555
Other Race - Including Multi-Racial,0.47619047619047616,race,2555
Above 4x poverty line,0.36423841059602646,income,2555
Below poverty line,0.6017191977077364,income,2555
Middle (2-4x),0.46808510638297873,income,2555
Near poverty (1-2x),0.5388888888888889,income,2555
Mexican American,0.455,race,2556
Non-Hispanic Asian,0.3333333333333333,race,2556
Non-Hispanic Black,0.5736434108527132,race,2556
Non-Hispanic White,0.5380333951762524,race,2556
Other Hispanic,0.5492957746478874,race,2556
Other Race - Including Multi-Racial,0.5238095238095238,race,2556
Above 4x poverty line,0.36645962732919257,income,2556
Below poverty line,0.5786516853932584,income,2556
Middle (2-4x),0.5065963060686016,income,2556
Near poverty (1-2x),0.5426356589147286,income,2556
Mexican American,0.45,race,2557
Non-Hispanic Asian,0.3950617283950617,race,2557
Non-Hispanic Black,0.5465116279069767,race,2557
Non-Hispanic White,0.5955473098330241,race,2557
Other Hispanic,0.5211267605633803,race,2557
Other Race - Including Multi-Racial,0.5396825396825397,race,2557
Above 4x poverty line,0.3352941176470588,income,2557
Below poverty line,0.6005830903790087,income,2557
Middle (2-4x),0.5,income,2557
Near poverty (1-2x),0.6105527638190955,income,2557
Mexican American,0.49,race,2558
Non-Hispanic Asian,0.3950617283950617,race,2558
Non-Hispanic Black,0.5503875968992248,race,2558
Non-Hispanic White,0.5602968460111317,race,2558
Other Hispanic,0.5492957746478874,race,2558
Other Race - Including Multi-Racial,0.49206349206349204,race,2558
Above 4x poverty line,0.34911242603550297,income,2558
Below poverty line,0.6109510086455331,income,2558
Middle (2-4x),0.48635235732009924,income,2558
Near poverty (1-2x),0.5934065934065934,income,2558
Mexican American,0.49,race,2559
Non-Hispanic Asian,0.32098765432098764,race,2559
Non-Hispanic Black,0.5465116279069767,race,2559
Non-Hispanic White,0.5602968460111317,race,2559
Other Hispanic,0.5352112676056338,race,2559
Other Race - Including Multi-Racial,0.5555555555555556,race,2559
Above 4x poverty line,0.3374233128834356,income,2559
Below poverty line,0.5758426966292135,income,2559
Middle (2-4x),0.5035971223021583,income,2559
Near poverty (1-2x),0.5994236311239193,income,2559
Mexican American,0.45,race,2560
Non-Hispanic Asian,0.37037037037037035,race,2560
Non-Hispanic Black,0.5116279069767442,race,2560
Non-Hispanic White,0.5510204081632653,race,2560
Other Hispanic,0.6056338028169014,race,2560
Other Race - Including Multi-Racial,0.5873015873015873,race,2560
Above 4x poverty line,0.35403726708074534,income,2560
Below poverty line,0.6104651162790697,income,2560
Middle (2-4x),0.4765625,income,2560
Near poverty (1-2x),0.5634517766497462,income,2560
Mexican American,0.44,race,2561
Non-Hispanic Asian,0.24691358024691357,race,2561
Non-Hispanic Black,0.5387596899224806,race,2561
Non-Hispanic White,0.5602968460111317,race,2561
Other Hispanic,0.5633802816901409,race,2561
Other Race - Including Multi-Racial,0.5873015873015873,race,2561
Above 4x poverty line,0.35135135135135137,income,2561
Below poverty line,0.5552486187845304,income,2561
Middle (2-4x),0.4745308310991957,income,2561
Near poverty (1-2x),0.59,income,2561
Mexican American,0.455,race,2562
Non-Hispanic Asian,0.345679012345679,race,2562
Non-Hispanic Black,0.5310077519379846,race,2562
Non-Hispanic White,0.5788497217068646,race,2562
Other Hispanic,0.5985915492957746,race,2562
Other Race - Including Multi-Racial,0.5079365079365079,race,2562
Above 4x poverty line,0.3223684210526316,income,2562
Below poverty line,0.6326530612244898,income,2562
Middle (2-4x),0.4508816120906801,income,2562
Near poverty (1-2x),0.6138107416879796,income,2562
Mexican American,0.505,race,2563
Non-Hispanic Asian,0.38271604938271603,race,2563
Non-Hispanic Black,0.562015503875969,race,2563
Non-Hispanic White,0.5306122448979592,race,2563
Other Hispanic,0.528169014084507,race,2563
Other Race - Including Multi-Racial,0.49206349206349204,race,2563
Above 4x poverty line,0.33974358974358976,income,2563
Below poverty line,0.6132596685082873,income,2563
Middle (2-4x),0.4621409921671018,income,2563
Near poverty (1-2x),0.5680628272251309,income,2563
Mexican American,0.445,race,2564
Non-Hispanic Asian,0.2962962962962963,race,2564
Non-Hispanic Black,0.5581395348837209,race,2564
Non-Hispanic White,0.5269016697588126,race,2564
Other Hispanic,0.5563380281690141,race,2564
Other Race - Including Multi-Racial,0.6190476190476191,race,2564
Above 4x poverty line,0.3674698795180723,income,2564
Below poverty line,0.5958083832335329,income,2564
Middle (2-4x),0.4595959595959596,income,2564
Near poverty (1-2x),0.5607235142118863,income,2564
Mexican American,0.45,race,2565
Non-Hispanic Asian,0.32098765432098764,race,2565
Non-Hispanic Black,0.5038759689922481,race,2565
Non-Hispanic White,0.536178107606679,race,2565
Other Hispanic,0.5070422535211268,race,2565
Other Race - Including Multi-Racial,0.5714285714285714,race,2565
Above 4x poverty line,0.29375,income,2565
Below poverty line,0.5686274509803921,income,2565
Middle (2-4x),0.4631578947368421,income,2565
Near poverty (1-2x),0.5621761658031088,income,2565
Mexican American,0.465,race,2566
Non-Hispanic Asian,0.345679012345679,race,2566
Non-Hispanic Black,0.5697674418604651,race,2566
Non-Hispanic White,0.5417439703153989,race,2566
Other Hispanic,0.5915492957746479,race,2566
Other Race - Including Multi-Racial,0.42857142857142855,race,2566
Above 4x poverty line,0.35507246376811596,income,2566
Below poverty line,0.5906432748538012,income,2566
Middle (2-4x),0.46228710462287104,income,2566
Near poverty (1-2x),0.5867346938775511,income,2566
Mexican American,0.495,race,2567
Non-Hispanic Asian,0.3333333333333333,race,2567
Non-Hispanic Black,0.5426356589147286,race,2567
Non-Hispanic White,0.5435992578849722,race,2567
Other Hispanic,0.528169014084507,race,2567
Other Race - Including Multi-Racial,0.5079365079365079,race,2567
Above 4x poverty line,0.3401360544217687,income,2567
Below poverty line,0.6132596685082873,income,2567
Middle (2-4x),0.48737373737373735,income,2567
Near poverty (1-2x),0.5317460317460317,income,2567
Mexican American,0.47,race,2568
Non-Hispanic Asian,0.32098765432098764,race,2568
Non-Hispanic Black,0.5387596899224806,race,2568
Non-Hispanic White,0.5899814471243042,race,2568
Other Hispanic,0.5422535211267606,race,2568
Other Race - Including Multi-Racial,0.6666666666666666,race,2568
Above 4x poverty line,0.3532934131736527,income,2568
Below poverty line,0.6195965417867435,income,2568
Middle (2-4x),0.49873417721518987,income,2568
Near poverty (1-2x),0.6016042780748663,income,2568
Mexican American,0.44,race,2569
Non-Hispanic Asian,0.2716049382716049,race,2569
Non-Hispanic Black,0.5232558139534884,race,2569
Non-Hispanic White,0.549165120593692,race,2569
Other Hispanic,0.49295774647887325,race,2569
Other Race - Including Multi-Racial,0.5714285714285714,race,2569
Above 4x poverty line,0.32,income,2569
Below poverty line,0.5668449197860963,income,2569
Middle (2-4x),0.4450402144772118,income,2569
Near poverty (1-2x),0.572538860103627,income,2569
Mexican American,0.475,race,2570
Non-Hispanic Asian,0.3950617283950617,race,2570
Non-Hispanic Black,0.5348837209302325,race,2570
Non-Hispanic White,0.5547309833024119,race,2570
Other Hispanic,0.5140845070422535,race,2570
Other Race - Including Multi-Racial,0.5238095238095238,race,2570
Above 4x poverty line,0.35119047619047616,income,2570
Below poverty line,0.6040462427745664,income,2570
Middle (2-4x),0.4772727272727273,income,2570
Near poverty (1-2x),0.5710455764075067,income,2570
Mexican American,0.445,race,2571
Non-Hispanic Asian,0.30864197530864196,race,2571
Non-Hispanic Black,0.5503875968992248,race,2571
Non-Hispanic White,0.5027829313543599,race,2571
Other Hispanic,0.5704225352112676,race,2571
Other Race - Including Multi-Racial,0.5238095238095238,race,2571
Above 4x poverty line,0.3466666666666667,income,2571
Below poverty line,0.6224188790560472,income,2571
Middle (2-4x),0.43283582089552236,income,2571
Near poverty (1-2x),0.5204081632653061,income,2571
Mexican American,0.43,race,2572
Non-Hispanic Asian,0.38271604938271603,race,2572
Non-Hispanic Black,0.4806201550387597,race,2572
Non-Hispanic White,0.5231910946196661,race,2572
Other Hispanic,0.47183098591549294,race,2572
Other Race - Including Multi-Racial,0.42857142857142855,race,2572
Above 4x poverty line,0.2802547770700637,income,2572
Below poverty line,0.5542521994134897,income,2572
Middle (2-4x),0.40153452685422,income,2572
Near poverty (1-2x),0.5761421319796954,income,2572
Mexican American,0.51,race,2573
Non-Hispanic Asian,0.2962962962962963,race,2573
Non-Hispanic Black,0.5503875968992248,race,2573
Non-Hispanic White,0.5602968460111317,race,2573
Other Hispanic,0.5211267605633803,race,2573
Other Race - Including Multi-Racial,0.6349206349206349,race,2573
Above 4x poverty line,0.3803680981595092,income,2573
Below poverty line,0.581039755351682,income,2573
Middle (2-4x),0.5109489051094891,income,2573
Near poverty (1-2x),0.581151832460733,income,2573
Mexican American,0.445,race,2574
Non-Hispanic Asian,0.38271604938271603,race,2574
Non-Hispanic Black,0.5310077519379846,race,2574
Non-Hispanic White,0.5510204081632653,race,2574
Other Hispanic,0.5352112676056338,race,2574
Other Race - Including Multi-Racial,0.5555555555555556,race,2574
Above 4x poverty line,0.36129032258064514,income,2574
Below poverty line,0.6049382716049383,income,2574
Middle (2-4x),0.47002398081534774,income,2574
Near poverty (1-2x),0.5607235142118863,income,2574
Mexican American,0.425,race,2575
Non-Hispanic Asian,0.32098765432098764,race,2575
Non-Hispanic Black,0.5581395348837209,race,2575
Non-Hispanic White,0.5176252319109462,race,2575
Other Hispanic,0.5704225352112676,race,2575
Other Race - Including Multi-Racial,0.36507936507936506,race,2575
Above 4x poverty line,0.3313253012048193,income,2575
Below poverty line,0.5589887640449438,income,2575
Middle (2-4x),0.4418604651162791,income,2575
Near poverty (1-2x),0.56951871657754,income,2575
Mexican American,0.425,race,2576
Non-Hispanic Asian,0.30864197530864196,race,2576
Non-Hispanic Black,0.5387596899224806,race,2576
Non-Hispanic White,0.5714285714285714,race,2576
Other Hispanic,0.4859154929577465,race,2576
Other Race - Including Multi-Racial,0.4603174603174603,race,2576
Above 4x poverty line,0.3333333333333333,income,2576
Below poverty line,0.5797101449275363,income,2576
Middle (2-4x),0.48104265402843605,income,2576
Near poverty (1-2x),0.5555555555555556,income,2576
Mexican American,0.465,race,2577
Non-Hispanic Asian,0.32098765432098764,race,2577
Non-Hispanic Black,0.5155038759689923,race,2577
Non-Hispanic White,0.5120593692022264,race,2577
Other Hispanic,0.5352112676056338,race,2577
Other Race - Including Multi-Racial,0.47619047619047616,race,2577
Above 4x poverty line,0.28,income,2577
Below poverty line,0.5844504021447721,income,2577
Middle (2-4x),0.4770408163265306,income,2577
Near poverty (1-2x),0.5081521739130435,income,2577
Mexican American,0.545,race,2578
Non-Hispanic Asian,0.35802469135802467,race,2578
Non-Hispanic Black,0.5387596899224806,race,2578
Non-Hispanic White,0.5677179962894249,race,2578
Other Hispanic,0.5211267605633803,race,2578
Other Race - Including Multi-Racial,0.5714285714285714,race,2578
Above 4x poverty line,0.3221476510067114,income,2578
Below poverty line,0.6145251396648045,income,2578
Middle (2-4x),0.5116883116883116,income,2578
Near poverty (1-2x),0.5831202046035806,income,2578
Mexican American,0.425,race,2579
Non-Hispanic Asian,0.3950617283950617,race,2579
Non-Hispanic Black,0.5426356589147286,race,2579
Non-Hispanic White,0.5194805194805194,race,2579
Other Hispanic,0.47183098591549294,race,2579
Other Race - Including Multi-Racial,0.49206349206349204,race,2579
Above 4x poverty line,0.294478527607362,income,2579
Below poverty line,0.565597667638484,income,2579
Middle (2-4x),0.4713216957605985,income,2579
Near poverty (1-2x),0.5425531914893617,income,2579
Mexican American,0.445,race,2580
Non-Hispanic Asian,0.3333333333333333,race,2580
Non-Hispanic Black,0.562015503875969,race,2580
Non-Hispanic White,0.5269016697588126,race,2580
Other Hispanic,0.5070422535211268,race,2580
Other Race - Including Multi-Racial,0.6666666666666666,race,2580
Above 4x poverty line,0.32098765432098764,income,2580
Below poverty line,0.616519174041298,income,2580
Middle (2-4x),0.475,income,2580
Near poverty (1-2x),0.5445026178010471,income,2580
Mexican American,0.415,race,2581
Non-Hispanic Asian,0.32098765432098764,race,2581
Non-Hispanic Black,0.562015503875969,race,2581
Non-Hispanic White,0.5343228200371057,race,2581
Other Hispanic,0.5563380281690141,race,2581
Other Race - Including Multi-Racial,0.6349206349206349,race,2581
Above 4x poverty line,0.35625,income,2581
Below poverty line,0.6041666666666666,income,2581
Middle (2-4x),0.4658536585365854,income,2581
Near poverty (1-2x),0.5570291777188329,income,2581
Mexican American,0.445,race,2582
Non-Hispanic Asian,0.24691358024691357,race,2582
Non-Hispanic Black,0.5387596899224806,race,2582
Non-Hispanic White,0.5602968460111317,race,2582
Other Hispanic,0.528169014084507,race,2582
Other Race - Including Multi-Racial,0.6666666666666666,race,2582
Above 4x poverty line,0.32947976878612717,income,2582
Below poverty line,0.606508875739645,income,2582
Middle (2-4x),0.47619047619047616,income,2582
Near poverty (1-2x),0.5764075067024129,income,2582
Mexican American,0.44,race,2583
Non-Hispanic Asian,0.3950617283950617,race,2583
Non-Hispanic Black,0.5271317829457365,race,2583
Non-Hispanic White,0.5231910946196661,race,2583
Other Hispanic,0.49295774647887325,race,2583
Other Race - Including Multi-Racial,0.6190476190476191,race,2583
Above 4x poverty line,0.32051282051282054,income,2583
Below poverty line,0.5830815709969789,income,2583
Middle (2-4x),0.45560747663551404,income,2583
Near poverty (1-2x),0.5679347826086957,income,2583
Mexican American,0.49,race,2584
Non-Hispanic Asian,0.38271604938271603,race,2584
Non-Hispanic Black,0.5581395348837209,race,2584
Non-Hispanic White,0.5306122448979592,race,2584
Other Hispanic,0.5563380281690141,race,2584
Other Race - Including Multi-Racial,0.5555555555555556,race,2584
Above 4x poverty line,0.42105263157894735,income,2584
Below poverty line,0.6136363636363636,income,2584
Middle (2-4x),0.47815533980582525,income,2584
Near poverty (1-2x),0.5340599455040872,income,2584
Mexican American,0.47,race,2585
Non-Hispanic Asian,0.2839506172839506,race,2585
Non-Hispanic Black,0.5930232558139535,race,2585
Non-Hispanic White,0.575139146567718,race,2585
Other Hispanic,0.5492957746478874,race,2585
Other Race - Including Multi-Racial,0.5714285714285714,race,2585
Above 4x poverty line,0.3881578947368421,income,2585
Below poverty line,0.6088154269972452,income,2585
Middle (2-4x),0.4935064935064935,income,2585
Near poverty (1-2x),0.5848563968668408,income,2585
Mexican American,0.45,race,2586
Non-Hispanic Asian,0.2839506172839506,race,2586
Non-Hispanic Black,0.5852713178294574,race,2586
Non-Hispanic White,0.536178107606679,race,2586
Other Hispanic,0.5563380281690141,race,2586
Other Race - Including Multi-Racial,0.5396825396825397,race,2586
Above 4x poverty line,0.3333333333333333,income,2586
Below poverty line,0.6172106824925816,income,2586
Middle (2-4x),0.4793814432989691,income,2586
Near poverty (1-2x),0.5572916666666666,income,2586
Mexican American,0.53,race,2587
Non-Hispanic Asian,0.2962962962962963,race,2587
Non-Hispanic Black,0.5775193798449613,race,2587
Non-Hispanic White,0.536178107606679,race,2587
Other Hispanic,0.5774647887323944,race,2587
Other Race - Including Multi-Racial,0.6349206349206349,race,2587
Above 4x poverty line,0.3270440251572327,income,2587
Below poverty line,0.6181818181818182,income,2587
Middle (2-4x),0.5075757575757576,income,2587
Near poverty (1-2x),0.585427135678392,income,2587
Mexican American,0.45,race,2588
Non-Hispanic Asian,0.3333333333333333,race,2588
Non-Hispanic Black,0.5426356589147286,race,2588
Non-Hispanic White,0.5176252319109462,race,2588
Other Hispanic,0.5492957746478874,race,2588
Other Race - Including Multi-Racial,0.5873015873015873,race,2588
Above 4x poverty line,0.2485207100591716,income,2588
Below poverty line,0.6232686980609419,income,2588
Middle (2-4x),0.46272493573264784,income,2588
Near poverty (1-2x),0.5604395604395604,income,2588
Mexican American,0.45,race,2589
Non-Hispanic Asian,0.2716049382716049,race,2589
Non-Hispanic Black,0.5271317829457365,race,2589
Non-Hispanic White,0.5473098330241187,race,2589
Other Hispanic,0.528169014084507,race,2589
Other Race - Including Multi-Racial,0.5396825396825397,race,2589
Above 4x poverty line,0.3287671232876712,income,2589
Below poverty line,0.5738161559888579,income,2589
Middle (2-4x),0.48292682926829267,income,2589
Near poverty (1-2x),0.5434782608695652,income,2589
Mexican American,0.415,race,2590
Non-Hispanic Asian,0.38271604938271603,race,2590
Non-Hispanic Black,0.5387596899224806,race,2590
Non-Hispanic White,0.5640074211502782,race,2590
Other Hispanic,0.5422535211267606,race,2590
Other Race - Including Multi-Racial,0.5079365079365079,race,2590
Above 4x poverty line,0.3352941176470588,income,2590
Below poverty line,0.6055045871559633,income,2590
Middle (2-4x),0.5089514066496164,income,2590
Near poverty (1-2x),0.5367088607594936,income,2590
Mexican American,0.405,race,2591
Non-Hispanic Asian,0.2839506172839506,race,2591
Non-Hispanic Black,0.562015503875969,race,2591
Non-Hispanic White,0.5454545454545454,race,2591
Other Hispanic,0.49295774647887325,race,2591
Other Race - Including Multi-Racial,0.5396825396825397,race,2591
Above 4x poverty line,0.26666666666666666,income,2591
Below poverty line,0.5652173913043478,income,2591
Middle (2-4x),0.48514851485148514,income,2591
Near poverty (1-2x),0.5745257452574526,income,2591
Mexican American,0.485,race,2592
Non-Hispanic Asian,0.38271604938271603,race,2592
Non-Hispanic Black,0.5503875968992248,race,2592
Non-Hispanic White,0.5306122448979592,race,2592
Other Hispanic,0.5070422535211268,race,2592
Other Race - Including Multi-Racial,0.6031746031746031,race,2592
Above 4x poverty line,0.32934131736526945,income,2592
Below poverty line,0.6108108108108108,income,2592
Middle (2-4x),0.4804177545691906,income,2592
Near poverty (1-2x),0.5537190082644629,income,2592
Mexican American,0.445,race,2593
Non-Hispanic Asian,0.37037037037037035,race,2593
Non-Hispanic Black,0.5503875968992248,race,2593
Non-Hispanic White,0.5176252319109462,race,2593
Other Hispanic,0.528169014084507,race,2593
Other Race - Including Multi-Racial,0.49206349206349204,race,2593
Above 4x poverty line,0.3546511627906977,income,2593
Below poverty line,0.5661538461538461,income,2593
Middle (2-4x),0.4753246753246753,income,2593
Near poverty (1-2x),0.543640897755611,income,2593
Mexican American,0.435,race,2594
Non-Hispanic Asian,0.2962962962962963,race,2594
Non-Hispanic Black,0.5658914728682171,race,2594
Non-Hispanic White,0.5658627087198516,race,2594
Other Hispanic,0.528169014084507,race,2594
Other Race - Including Multi-Racial,0.5714285714285714,race,2594
Above 4x poverty line,0.40828402366863903,income,2594
Below poverty line,0.5614525139664804,income,2594
Middle (2-4x),0.49066666666666664,income,2594
Near poverty (1-2x),0.5748031496062992,income,2594
Mexican American,0.54,race,2595
Non-Hispanic Asian,0.25925925925925924,race,2595
Non-Hispanic Black,0.5542635658914729,race,2595
Non-Hispanic White,0.5269016697588126,race,2595
Other Hispanic,0.5704225352112676,race,2595
Other Race - Including Multi-Racial,0.4603174603174603,race,2595
Above 4x poverty line,0.30386740331491713,income,2595
Below poverty line,0.6286549707602339,income,2595
Middle (2-4x),0.4827586206896552,income,2595
Near poverty (1-2x),0.5587467362924282,income,2595
Mexican American,0.39,race,2596
Non-Hispanic Asian,0.2839506172839506,race,2596
Non-Hispanic Black,0.5271317829457365,race,2596
Non-Hispanic White,0.5510204081632653,race,2596
Other Hispanic,0.5070422535211268,race,2596
Other Race - Including Multi-Racial,0.5555555555555556,race,2596
Above 4x poverty line,0.3057324840764331,income,2596
Below poverty line,0.5920679886685553,income,2596
Middle (2-4x),0.4476439790575916,income,2596
Near poverty (1-2x),0.5447570332480819,income,2596
Mexican American,0.435,race,2597
Non-Hispanic Asian,0.32098765432098764,race,2597
Non-Hispanic Black,0.5465116279069767,race,2597
Non-Hispanic White,0.562152133580705,race,2597
Other Hispanic,0.5563380281690141,race,2597
Other Race - Including Multi-Racial,0.5555555555555556,race,2597
Above 4x poverty line,0.34415584415584416,income,2597
Below poverty line,0.5982142857142857,income,2597
Middle (2-4x),0.4755784061696658,income,2597
Near poverty (1-2x),0.5742574257425742,income,2597
Mexican American,0.425,race,2598
Non-Hispanic Asian,0.37037037037037035,race,2598
Non-Hispanic Black,0.5813953488372093,race,2598
Non-Hispanic White,0.549165120593692,race,2598
Other Hispanic,0.5211267605633803,race,2598
Other Race - Including Multi-Racial,0.5714285714285714,race,2598
Above 4x poverty line,0.35507246376811596,income,2598
Below poverty line,0.5876923076923077,income,2598
Middle (2-4x),0.46116504854368934,income,2598
Near poverty (1-2x),0.5906862745098039,income,2598
Mexican American,0.49,race,2599
Non-Hispanic Asian,0.30864197530864196,race,2599
Non-Hispanic Black,0.5348837209302325,race,2599
Non-Hispanic White,0.5473098330241187,race,2599
Other Hispanic,0.5211267605633803,race,2599
Other Race - Including Multi-Racial,0.49206349206349204,race,2599
Above 4x poverty line,0.31756756756756754,income,2599
Below poverty line,0.5754985754985755,income,2599
Middle (2-4x),0.4702842377260982,income,2599
Near poverty (1-2x),0.5793450881612091,income,2599
Mexican American,0.485,race,2600
Non-Hispanic Asian,0.37037037037037035,race,2600
Non-Hispanic Black,0.6007751937984496,race,2600
Non-Hispanic White,0.5417439703153989,race,2600
Other Hispanic,0.5140845070422535,race,2600
Other Race - Including Multi-Racial,0.5555555555555556,race,2600
Above 4x poverty line,0.31736526946107785,income,2600
Below poverty line,0.6309859154929578,income,2600
Middle (2-4x),0.49747474747474746,income,2600
Near poverty (1-2x),0.5698630136986301,income,2600
Mexican American,0.415,race,2601
Non-Hispanic Asian,0.35802469135802467,race,2601
Non-Hispanic Black,0.6085271317829457,race,2601
Non-Hispanic White,0.5306122448979592,race,2601
Other Hispanic,0.4788732394366197,race,2601
Other Race - Including Multi-Racial,0.6031746031746031,race,2601
Above 4x poverty line,0.4090909090909091,income,2601
Below poverty line,0.6046511627906976,income,2601
Middle (2-4x),0.4547738693467337,income,2601
Near poverty (1-2x),0.5400516795865633,income,2601
Mexican American,0.43,race,2602
Non-Hispanic Asian,0.37037037037037035,race,2602
Non-Hispanic Black,0.5348837209302325,race,2602
Non-Hispanic White,0.5139146567717996,race,2602
Other Hispanic,0.5422535211267606,race,2602
Other Race - Including Multi-Racial,0.49206349206349204,race,2602
Above 4x poverty line,0.3370165745856354,income,2602
Below poverty line,0.5779036827195467,income,2602
Middle (2-4x),0.46296296296296297,income,2602
Near poverty (1-2x),0.5363881401617251,income,2602
Mexican American,0.43,race,2603
Non-Hispanic Asian,0.2839506172839506,race,2603
Non-Hispanic Black,0.5930232558139535,race,2603
Non-Hispanic White,0.5343228200371057,race,2603
Other Hispanic,0.49295774647887325,race,2603
Other Race - Including Multi-Racial,0.5714285714285714,race,2603
Above 4x poverty line,0.4,income,2603
Below poverty line,0.5552486187845304,income,2603
Middle (2-4x),0.4630541871921182,income,2603
Near poverty (1-2x),0.5648648648648649,income,2603
Mexican American,0.45,race,2604
Non-Hispanic Asian,0.3333333333333333,race,2604
Non-Hispanic Black,0.5310077519379846,race,2604
Non-Hispanic White,0.536178107606679,race,2604
Other Hispanic,0.528169014084507,race,2604
Other Race - Including Multi-Racial,0.5555555555555556,race,2604
Above 4x poverty line,0.35260115606936415,income,2604
Below poverty line,0.5988023952095808,income,2604
Middle (2-4x),0.47890818858560796,income,2604
Near poverty (1-2x),0.5335120643431636,income,2604
Mexican American,0.45,race,2605
Non-Hispanic Asian,0.3333333333333333,race,2605
Non-Hispanic Black,0.5116279069767442,race,2605
Non-Hispanic White,0.5528756957328386,race,2605
Other Hispanic,0.49295774647887325,race,2605
Other Race - Including Multi-Racial,0.5873015873015873,race,2605
Above 4x poverty line,0.36477987421383645,income,2605
Below poverty line,0.5894428152492669,income,2605
Middle (2-4x),0.43455497382198954,income,2605
Near poverty (1-2x),0.571072319201995,income,2605
Mexican American,0.465,race,2606
Non-Hispanic Asian,0.345679012345679,race,2606
Non-Hispanic Black,0.5968992248062015,race,2606
Non-Hispanic White,0.5435992578849722,race,2606
Other Hispanic,0.5140845070422535,race,2606
Other Race - Including Multi-Racial,0.6190476190476191,race,2606
Above 4x poverty line,0.3825136612021858,income,2606
Below poverty line,0.6296296296296297,income,2606
Middle (2-4x),0.49591280653950953,income,2606
Near poverty (1-2x),0.5418848167539267,income,2606
Mexican American,0.42,race,2607
Non-Hispanic Asian,0.43209876543209874,race,2607
Non-Hispanic Black,0.5193798449612403,race,2607
Non-Hispanic White,0.5343228200371057,race,2607
Other Hispanic,0.6056338028169014,race,2607
Other Race - Including Multi-Racial,0.5079365079365079,race,2607
Above 4x poverty line,0.34269662921348315,income,2607
Below poverty line,0.6129943502824858,income,2607
Middle (2-4x),0.45604395604395603,income,2607
Near poverty (1-2x),0.5555555555555556,income,2607
Mexican American,0.475,race,2608
Non-Hispanic Asian,0.3950617283950617,race,2608
Non-Hispanic Black,0.5465116279069767,race,2608
Non-Hispanic White,0.5343228200371057,race,2608
Other Hispanic,0.6197183098591549,race,2608
Other Race - Including Multi-Racial,0.47619047619047616,race,2608
Above 4x poverty line,0.38461538461538464,income,2608
Below poverty line,0.5925925925925926,income,2608
Middle (2-4x),0.4797979797979798,income,2608
Near poverty (1-2x),0.5684210526315789,income,2608
Mexican American,0.41,race,2609
Non-Hispanic Asian,0.35802469135802467,race,2609
Non-Hispanic Black,0.5465116279069767,race,2609
Non-Hispanic White,0.5120593692022264,race,2609
Other Hispanic,0.5,race,2609
Other Race - Including Multi-Racial,0.5714285714285714,race,2609
Above 4x poverty line,0.3253012048192771,income,2609
Below poverty line,0.5335276967930029,income,2609
Middle (2-4x),0.4507042253521127,income,2609
Near poverty (1-2x),0.568019093078759,income,2609
Mexican American,0.455,race,2610
Non-Hispanic Asian,0.32098765432098764,race,2610
Non-Hispanic Black,0.5465116279069767,race,2610
Non-Hispanic White,0.5454545454545454,race,2610
Other Hispanic,0.5422535211267606,race,2610
Other Race - Including Multi-Racial,0.5714285714285714,race,2610
Above 4x poverty line,0.35555555555555557,income,2610
Below poverty line,0.6112676056338028,income,2610
Middle (2-4x),0.4716981132075472,income,2610
Near poverty (1-2x),0.5543766578249337,income,2610
Mexican American,0.465,race,2611
Non-Hispanic Asian,0.32098765432098764,race,2611
Non-Hispanic Black,0.5658914728682171,race,2611
Non-Hispanic White,0.5584415584415584,race,2611
Other Hispanic,0.5422535211267606,race,2611
Other Race - Including Multi-Racial,0.5238095238095238,race,2611
Above 4x poverty line,0.36904761904761907,income,2611
Below poverty line,0.5747126436781609,income,2611
Middle (2-4x),0.49,income,2611
Near poverty (1-2x),0.5940054495912807,income,2611
Mexican American,0.54,race,2612
Non-Hispanic Asian,0.24691358024691357,race,2612
Non-Hispanic Black,0.5775193798449613,race,2612
Non-Hispanic White,0.5213358070500927,race,2612
Other Hispanic,0.5422535211267606,race,2612
Other Race - Including Multi-Racial,0.6190476190476191,race,2612
Above 4x poverty line,0.3279569892473118,income,2612
Below poverty line,0.6207951070336392,income,2612
Middle (2-4x),0.4891891891891892,income,2612
Near poverty (1-2x),0.5725,income,2612
Mexican American,0.465,race,2613
Non-Hispanic Asian,0.345679012345679,race,2613
Non-Hispanic Black,0.5426356589147286,race,2613
Non-Hispanic White,0.5269016697588126,race,2613
Other Hispanic,0.5070422535211268,race,2613
Other Race - Including Multi-Racial,0.5396825396825397,race,2613
Above 4x poverty line,0.3548387096774194,income,2613
Below poverty line,0.5524861878453039,income,2613
Middle (2-4x),0.5013054830287206,income,2613
Near poverty (1-2x),0.5326370757180157,income,2613
Mexican American,0.45,race,2614
Non-Hispanic Asian,0.3333333333333333,race,2614
Non-Hispanic Black,0.5426356589147286,race,2614
Non-Hispanic White,0.5287569573283859,race,2614
Other Hispanic,0.5492957746478874,race,2614
Other Race - Including Multi-Racial,0.5714285714285714,race,2614
Above 4x poverty line,0.3081761006289308,income,2614
Below poverty line,0.6336336336336337,income,2614
Middle (2-4x),0.467005076142132,income,2614
Near poverty (1-2x),0.5340050377833753,income,2614
Mexican American,0.42,race,2615
Non-Hispanic Asian,0.38271604938271603,race,2615
Non-Hispanic Black,0.5542635658914729,race,2615
Non-Hispanic White,0.5398886827458256,race,2615
Other Hispanic,0.5422535211267606,race,2615
Other Race - Including Multi-Racial,0.5714285714285714,race,2615
Above 4x poverty line,0.32432432432432434,income,2615
Below poverty line,0.5988200589970502,income,2615
Middle (2-4x),0.47642679900744417,income,2615
Near poverty (1-2x),0.5572519083969466,income,2615
Mexican American,0.395,race,2616
Non-Hispanic Asian,0.2962962962962963,race,2616
Non-Hispanic Black,0.49612403100775193,race,2616
Non-Hispanic White,0.5176252319109462,race,2616
Other Hispanic,0.5422535211267606,race,2616
Other Race - Including Multi-Racial,0.5714285714285714,race,2616
Above 4x poverty line,0.33532934131736525,income,2616
Below poverty line,0.597667638483965,income,2616
Middle (2-4x),0.4424552429667519,income,2616
Near poverty (1-2x),0.49476439790575916,income,2616
Mexican American,0.425,race,2617
Non-Hispanic Asian,0.32098765432098764,race,2617
Non-Hispanic Black,0.5852713178294574,race,2617
Non-Hispanic White,0.5565862708719852,race,2617
Other Hispanic,0.5563380281690141,race,2617
Other Race - Including Multi-Racial,0.47619047619047616,race,2617
Above 4x poverty line,0.35294117647058826,income,2617
Below poverty line,0.5857142857142857,income,2617
Middle (2-4x),0.4913151364764268,income,2617
Near poverty (1-2x),0.5676392572944297,income,2617
Mexican American,0.475,race,2618
Non-Hispanic Asian,0.345679012345679,race,2618
Non-Hispanic Black,0.4883720930232558,race,2618
Non-Hispanic White,0.5602968460111317,race,2618
Other Hispanic,0.5070422535211268,race,2618
Other Race - Including Multi-Racial,0.5079365079365079,race,2618
Above 4x poverty line,0.34375,income,2618
Below poverty line,0.5870206489675516,income,2618
Middle (2-4x),0.464,income,2618
Near poverty (1-2x),0.5550122249388753,income,2618
Mexican American,0.465,race,2619
Non-Hispanic Asian,0.35802469135802467,race,2619
Non-Hispanic Black,0.5387596899224806,race,2619
Non-Hispanic White,0.536178107606679,race,2619
Other Hispanic,0.4507042253521127,race,2619
Other Race - Including Multi-Racial,0.6507936507936508,race,2619
Above 4x poverty line,0.31543624161073824,income,2619
Below poverty line,0.5945945945945946,income,2619
Middle (2-4x),0.4987951807228916,income,2619
Near poverty (1-2x),0.5259067357512953,income,2619
Mexican American,0.45,race,2620
Non-Hispanic Asian,0.3333333333333333,race,2620
Non-Hispanic Black,0.5852713178294574,race,2620
Non-Hispanic White,0.5473098330241187,race,2620
Other Hispanic,0.5563380281690141,race,2620
Other Race - Including Multi-Racial,0.6190476190476191,race,2620
Above 4x poverty line,0.3356164383561644,income,2620
Below poverty line,0.6368876080691642,income,2620
Middle (2-4x),0.4517766497461929,income,2620
Near poverty (1-2x),0.5883838383838383,income,2620
Mexican American,0.46,race,2621
Non-Hispanic Asian,0.38271604938271603,race,2621
Non-Hispanic Black,0.5658914728682171,race,2621
Non-Hispanic White,0.5528756957328386,race,2621
Other Hispanic,0.5352112676056338,race,2621
Other Race - Including Multi-Racial,0.5555555555555556,race,2621
Above 4x poverty line,0.2981366459627329,income,2621
Below poverty line,0.6310975609756098,income,2621
Middle (2-4x),0.4878048780487805,income,2621
Near poverty (1-2x),0.5807291666666666,income,2621
Mexican American,0.43,race,2622
Non-Hispanic Asian,0.3333333333333333,race,2622
Non-Hispanic Black,0.5852713178294574,race,2622
Non-Hispanic White,0.5380333951762524,race,2622
Other Hispanic,0.5845070422535211,race,2622
Other Race - Including Multi-Racial,0.5873015873015873,race,2622
Above 4x poverty line,0.3231707317073171,income,2622
Below poverty line,0.5815384615384616,income,2622
Middle (2-4x),0.5120772946859904,income,2622
Near poverty (1-2x),0.5789473684210527,income,2622
Mexican American,0.54,race,2623
Non-Hispanic Asian,0.24691358024691357,race,2623
Non-Hispanic Black,0.562015503875969,race,2623
Non-Hispanic White,0.5324675324675324,race,2623
Other Hispanic,0.5070422535211268,race,2623
Other Race - Including Multi-Racial,0.6031746031746031,race,2623
Above 4x poverty line,0.2909090909090909,income,2623
Below poverty line,0.5709876543209876,income,2623
Middle (2-4x),0.48641975308641977,income,2623
Near poverty (1-2x),0.6169665809768637,income,2623
Mexican American,0.495,race,2624
Non-Hispanic Asian,0.3333333333333333,race,2624
Non-Hispanic Black,0.5852713178294574,race,2624
Non-Hispanic White,0.5324675324675324,race,2624
Other Hispanic,0.4859154929577465,race,2624
Other Race - Including Multi-Racial,0.5396825396825397,race,2624
Above 4x poverty line,0.3881578947368421,income,2624
Below poverty line,0.6032171581769437,income,2624
Middle (2-4x),0.43859649122807015,income,2624
Near poverty (1-2x),0.5793871866295265,income,2624
Mexican American,0.45,race,2625
Non-Hispanic Asian,0.345679012345679,race,2625
Non-Hispanic Black,0.5736434108527132,race,2625
Non-Hispanic White,0.5324675324675324,race,2625
Other Hispanic,0.5633802816901409,race,2625
Other Race - Including Multi-Racial,0.6349206349206349,race,2625
Above 4x poverty line,0.36231884057971014,income,2625
Below poverty line,0.6236263736263736,income,2625
Middle (2-4x),0.4373401534526854,income,2625
Near poverty (1-2x),0.5769230769230769,income,2625
Mexican American,0.435,race,2626
Non-Hispanic Asian,0.30864197530864196,race,2626
Non-Hispanic Black,0.5697674418604651,race,2626
Non-Hispanic White,0.5732838589981447,race,2626
Other Hispanic,0.5845070422535211,race,2626
Other Race - Including Multi-Racial,0.49206349206349204,race,2626
Above 4x poverty line,0.34074074074074073,income,2626
Below poverty line,0.6084507042253521,income,2626
Middle (2-4x),0.48905109489051096,income,2626
Near poverty (1-2x),0.5732984293193717,income,2626
Mexican American,0.475,race,2627
Non-Hispanic Asian,0.37037037037037035,race,2627
Non-Hispanic Black,0.5116279069767442,race,2627
Non-Hispanic White,0.5380333951762524,race,2627
Other Hispanic,0.5352112676056338,race,2627
Other Race - Including Multi-Racial,0.6031746031746031,race,2627
Above 4x poverty line,0.33548387096774196,income,2627
Below poverty line,0.5701754385964912,income,2627
Middle (2-4x),0.5012531328320802,income,2627
Near poverty (1-2x),0.5529715762273901,income,2627
Mexican American,0.44,race,2628
Non-Hispanic Asian,0.30864197530864196,race,2628
Non-Hispanic Black,0.5697674418604651,race,2628
Non-Hispanic White,0.5658627087198516,race,2628
Other Hispanic,0.5704225352112676,race,2628
Other Race - Including Multi-Racial,0.5555555555555556,race,2628
Above 4x poverty line,0.3782051282051282,income,2628
Below poverty line,0.5546448087431693,income,2628
Middle (2-4x),0.5287958115183246,income,2628
Near poverty (1-2x),0.5725593667546174,income,2628
Mexican American,0.495,race,2629
Non-Hispanic Asian,0.32098765432098764,race,2629
Non-Hispanic Black,0.5658914728682171,race,2629
Non-Hispanic White,0.5083487940630798,race,2629
Other Hispanic,0.5211267605633803,race,2629
Other Race - Including Multi-Racial,0.49206349206349204,race,2629
Above 4x poverty line,0.30994152046783624,income,2629
Below poverty line,0.6005434782608695,income,2629
Middle (2-4x),0.45714285714285713,income,2629
Near poverty (1-2x),0.5571030640668524,income,2629
Mexican American,0.47,race,2630
Non-Hispanic Asian,0.2962962962962963,race,2630
Non-Hispanic Black,0.5736434108527132,race,2630
Non-Hispanic White,0.5547309833024119,race,2630
Other Hispanic,0.5,race,2630
Other Race - Including Multi-Racial,0.5714285714285714,race,2630
Above 4x poverty line,0.3333333333333333,income,2630
Below poverty line,0.5649717514124294,income,2630
Middle (2-4x),0.5,income,2630
Near poverty (1-2x),0.5789473684210527,income,2630
Mexican American,0.465,race,2631
Non-Hispanic Asian,0.35802469135802467,race,2631
Non-Hispanic Black,0.49224806201550386,race,2631
Non-Hispanic White,0.5231910946196661,race,2631
Other Hispanic,0.5211267605633803,race,2631
Other Race - Including Multi-Racial,0.5396825396825397,race,2631
Above 4x poverty line,0.28888888888888886,income,2631
Below poverty line,0.5602409638554217,income,2631
Middle (2-4x),0.47164948453608246,income,2631
Near poverty (1-2x),0.5691906005221932,income,2631
Mexican American,0.52,race,2632
Non-Hispanic Asian,0.2839506172839506,race,2632
Non-Hispanic Black,0.5503875968992248,race,2632
Non-Hispanic White,0.5435992578849722,race,2632
Other Hispanic,0.5915492957746479,race,2632
Other Race - Including Multi-Racial,0.6825396825396826,race,2632
Above 4x poverty line,0.3625,income,2632
Below poverty line,0.6094674556213018,income,2632
Middle (2-4x),0.4875,income,2632
Near poverty (1-2x),0.5974025974025974,income,2632
Mexican American,0.48,race,2633
Non-Hispanic Asian,0.37037037037037035,race,2633
Non-Hispanic Black,0.5581395348837209,race,2633
Non-Hispanic White,0.5584415584415584,race,2633
Other Hispanic,0.5985915492957746,race,2633
Other Race - Including Multi-Racial,0.4444444444444444,race,2633
Above 4x poverty line,0.3393939393939394,income,2633
Below poverty line,0.6202898550724638,income,2633
Middle (2-4x),0.49604221635883905,income,2633
Near poverty (1-2x),0.5736040609137056,income,2633
Mexican American,0.47,race,2634
Non-Hispanic Asian,0.30864197530864196,race,2634
Non-Hispanic Black,0.5116279069767442,race,2634
Non-Hispanic White,0.5417439703153989,race,2634
Other Hispanic,0.5492957746478874,race,2634
Other Race - Including Multi-Racial,0.6031746031746031,race,2634
Above 4x poverty line,0.3072289156626506,income,2634
Below poverty line,0.6067415730337079,income,2634
Middle (2-4x),0.49382716049382713,income,2634
Near poverty (1-2x),0.5393258426966292,income,2634
Mexican American,0.45,race,2635
Non-Hispanic Asian,0.32098765432098764,race,2635
Non-Hispanic Black,0.5155038759689923,race,2635
Non-Hispanic White,0.536178107606679,race,2635
Other Hispanic,0.5774647887323944,race,2635
Other Race - Including Multi-Racial,0.47619047619047616,race,2635
Above 4x poverty line,0.33766233766233766,income,2635
Below poverty line,0.5768115942028985,income,2635
Middle (2-4x),0.48157894736842105,income,2635
Near poverty (1-2x),0.5346534653465347,income,2635
Mexican American,0.445,race,2636
Non-Hispanic Asian,0.37037037037037035,race,2636
Non-Hispanic Black,0.5116279069767442,race,2636
Non-Hispanic White,0.5510204081632653,race,2636
Other Hispanic,0.5422535211267606,race,2636
Other Race - Including Multi-Racial,0.6190476190476191,race,2636
Above 4x poverty line,0.3576158940397351,income,2636
Below poverty line,0.6096866096866097,income,2636
Middle (2-4x),0.445,income,2636
Near poverty (1-2x),0.5721784776902887,income,2636
Mexican American,0.44,race,2637
Non-Hispanic Asian,0.38271604938271603,race,2637
Non-Hispanic Black,0.5271317829457365,race,2637
Non-Hispanic White,0.5287569573283859,race,2637
Other Hispanic,0.5211267605633803,race,2637
Other Race - Including Multi-Racial,0.49206349206349204,race,2637
Above 4x poverty line,0.2792207792207792,income,2637
Below poverty line,0.5942857142857143,income,2637
Middle (2-4x),0.4418604651162791,income,2637
Near poverty (1-2x),0.5688775510204082,income,2637
Mexican American,0.51,race,2638
Non-Hispanic Asian,0.2962962962962963,race,2638
Non-Hispanic Black,0.5542635658914729,race,2638
Non-Hispanic White,0.562152133580705,race,2638
Other Hispanic,0.5140845070422535,race,2638
Other Race - Including Multi-Racial,0.49206349206349204,race,2638
Above 4x poverty line,0.375,income,2638
Below poverty line,0.6045197740112994,income,2638
Middle (2-4x),0.4921052631578947,income,2638
Near poverty (1-2x),0.5526992287917738,income,2638
Mexican American,0.48,race,2639
Non-Hispanic Asian,0.2962962962962963,race,2639
Non-Hispanic Black,0.5387596899224806,race,2639
Non-Hispanic White,0.5398886827458256,race,2639
Other Hispanic,0.6126760563380281,race,2639
Other Race - Including Multi-Racial,0.5873015873015873,race,2639
Above 4x poverty line,0.31901840490797545,income,2639
Below poverty line,0.6550724637681159,income,2639
Middle (2-4x),0.44155844155844154,income,2639
Near poverty (1-2x),0.5794871794871795,income,2639
Mexican American,0.495,race,2640
Non-Hispanic Asian,0.345679012345679,race,2640
Non-Hispanic Black,0.5387596899224806,race,2640
Non-Hispanic White,0.5269016697588126,race,2640
Other Hispanic,0.5563380281690141,race,2640
Other Race - Including Multi-Racial,0.6190476190476191,race,2640
Above 4x poverty line,0.3619631901840491,income,2640
Below poverty line,0.6186440677966102,income,2640
Middle (2-4x),0.47150259067357514,income,2640
Near poverty (1-2x),0.5473684210526316,income,2640
Mexican American,0.415,race,2641
Non-Hispanic Asian,0.38271604938271603,race,2641
Non-Hispanic Black,0.5232558139534884,race,2641
Non-Hispanic White,0.5046382189239332,race,2641
Other Hispanic,0.4788732394366197,race,2641
Other Race - Including Multi-Racial,0.5396825396825397,race,2641
Above 4x poverty line,0.2983425414364641,income,2641
Below poverty line,0.547112462006079,income,2641
Middle (2-4x),0.44110275689223055,income,2641
Near poverty (1-2x),0.56951871657754,income,2641
Mexican American,0.445,race,2642
Non-Hispanic Asian,0.2962962962962963,race,2642
Non-Hispanic Black,0.5271317829457365,race,2642
Non-Hispanic White,0.5398886827458256,race,2642
Other Hispanic,0.5352112676056338,race,2642
Other Race - Including Multi-Racial,0.5714285714285714,race,2642
Above 4x poverty line,0.3181818181818182,income,2642
Below poverty line,0.546875,income,2642
Middle (2-4x),0.4860759493670886,income,2642
Near poverty (1-2x),0.5841836734693877,income,2642
Mexican American,0.495,race,2643
Non-Hispanic Asian,0.30864197530864196,race,2643
Non-Hispanic Black,0.5348837209302325,race,2643
Non-Hispanic White,0.5176252319109462,race,2643
Other Hispanic,0.5633802816901409,race,2643
Other Race - Including Multi-Racial,0.47619047619047616,race,2643
Above 4x poverty line,0.30666666666666664,income,2643
Below poverty line,0.6388140161725068,income,2643
Middle (2-4x),0.43010752688172044,income,2643
Near poverty (1-2x),0.5333333333333333,income,2643
Mexican American,0.47,race,2644
Non-Hispanic Asian,0.3333333333333333,race,2644
Non-Hispanic Black,0.5193798449612403,race,2644
Non-Hispanic White,0.5343228200371057,race,2644
Other Hispanic,0.5211267605633803,race,2644
Other Race - Including Multi-Racial,0.6666666666666666,race,2644
Above 4x poverty line,0.3270440251572327,income,2644
Below poverty line,0.5905044510385756,income,2644
Middle (2-4x),0.46954314720812185,income,2644
Near poverty (1-2x),0.5674300254452926,income,2644
Mexican American,0.47,race,2645
Non-Hispanic Asian,0.41975308641975306,race,2645
Non-Hispanic Black,0.5077519379844961,race,2645
Non-Hispanic White,0.5547309833024119,race,2645
Other Hispanic,0.5422535211267606,race,2645
Other Race - Including Multi-Racial,0.47619047619047616,race,2645
Above 4x poverty line,0.36,income,2645
Below poverty line,0.6023054755043228,income,2645
Middle (2-4x),0.49326145552560646,income,2645
Near poverty (1-2x),0.5384615384615384,income,2645
Mexican American,0.39,race,2646
Non-Hispanic Asian,0.4074074074074074,race,2646
Non-Hispanic Black,0.5930232558139535,race,2646
Non-Hispanic White,0.5343228200371057,race,2646
Other Hispanic,0.5915492957746479,race,2646
Other Race - Including Multi-Racial,0.47619047619047616,race,2646
Above 4x poverty line,0.33112582781456956,income,2646
Below poverty line,0.5988538681948424,income,2646
Middle (2-4x),0.5115740740740741,income,2646
Near poverty (1-2x),0.5299145299145299,income,2646
Mexican American,0.435,race,2647
Non-Hispanic Asian,0.35802469135802467,race,2647
Non-Hispanic Black,0.5387596899224806,race,2647
Non-Hispanic White,0.5640074211502782,race,2647
Other Hispanic,0.5352112676056338,race,2647
Other Race - Including Multi-Racial,0.6031746031746031,race,2647
Above 4x poverty line,0.3448275862068966,income,2647
Below poverty line,0.5905292479108635,income,2647
Middle (2-4x),0.45931758530183725,income,2647
Near poverty (1-2x),0.592964824120603,income,2647
Mexican American,0.4,race,2648
Non-Hispanic Asian,0.32098765432098764,race,2648
Non-Hispanic Black,0.5775193798449613,race,2648
Non-Hispanic White,0.5435992578849722,race,2648
Other Hispanic,0.5985915492957746,race,2648
Other Race - Including Multi-Racial,0.5873015873015873,race,2648
Above 4x poverty line,0.2848101265822785,income,2648
Below poverty line,0.6101694915254238,income,2648
Middle (2-4x),0.4867021276595745,income,2648
Near poverty (1-2x),0.5721518987341773,income,2648
Mexican American,0.485,race,2649
Non-Hispanic Asian,0.32098765432098764,race,2649
Non-Hispanic Black,0.5852713178294574,race,2649
Non-Hispanic White,0.5454545454545454,race,2649
Other Hispanic,0.5492957746478874,race,2649
Other Race - Including Multi-Racial,0.5079365079365079,race,2649
Above 4x poverty line,0.37888198757763975,income,2649
Below poverty line,0.5846994535519126,income,2649
Middle (2-4x),0.4921875,income,2649
Near poverty (1-2x),0.5752688172043011,income,2649
Mexican American,0.51,race,2650
Non-Hispanic Asian,0.3333333333333333,race,2650
Non-Hispanic Black,0.5852713178294574,race,2650
Non-Hispanic White,0.5510204081632653,race,2650
Other Hispanic,0.528169014084507,race,2650
Other Race - Including Multi-Racial,0.5238095238095238,race,2650
Above 4x poverty line,0.3032258064516129,income,2650
Below poverty line,0.6396648044692738,income,2650
Middle (2-4x),0.4585492227979275,income,2650
Near poverty (1-2x),0.6041666666666666,income,2650
Mexican American,0.485,race,2651
Non-Hispanic Asian,0.3950617283950617,race,2651
Non-Hispanic Black,0.5891472868217055,race,2651
Non-Hispanic White,0.5602968460111317,race,2651
Other Hispanic,0.5211267605633803,race,2651
Other Race - Including Multi-Racial,0.5079365079365079,race,2651
Above 4x poverty line,0.3625,income,2651
Below poverty line,0.5902578796561605,income,2651
Middle (2-4x),0.5088161209068011,income,2651
Near poverty (1-2x),0.5915119363395226,income,2651
Mexican American,0.485,race,2652
Non-Hispanic Asian,0.43209876543209874,race,2652
Non-Hispanic Black,0.624031007751938,race,2652
Non-Hispanic White,0.5435992578849722,race,2652
Other Hispanic,0.5140845070422535,race,2652
Other Race - Including Multi-Racial,0.5079365079365079,race,2652
Above 4x poverty line,0.3312883435582822,income,2652
Below poverty line,0.6284916201117319,income,2652
Middle (2-4x),0.4713541666666667,income,2652
Near poverty (1-2x),0.6111111111111112,income,2652
Mexican American,0.47,race,2653
Non-Hispanic Asian,0.3333333333333333,race,2653
Non-Hispanic Black,0.5891472868217055,race,2653
Non-Hispanic White,0.5398886827458256,race,2653
Other Hispanic,0.5422535211267606,race,2653
Other Race - Including Multi-Racial,0.47619047619047616,race,2653
Above 4x poverty line,0.34782608695652173,income,2653
Below poverty line,0.6347826086956522,income,2653
Middle (2-4x),0.4641025641025641,income,2653
Near poverty (1-2x),0.5555555555555556,income,2653
Mexican American,0.375,race,2654
Non-Hispanic Asian,0.37037037037037035,race,2654
Non-Hispanic Black,0.49224806201550386,race,2654
Non-Hispanic White,0.5677179962894249,race,2654
Other Hispanic,0.528169014084507,race,2654
Other Race - Including Multi-Racial,0.5238095238095238,race,2654
Above 4x poverty line,0.3584905660377358,income,2654
Below poverty line,0.556497175141243,income,2654
Middle (2-4x),0.4869791666666667,income,2654
Near poverty (1-2x),0.5310880829015544,income,2654
Mexican American,0.485,race,2655
Non-Hispanic Asian,0.30864197530864196,race,2655
Non-Hispanic Black,0.5465116279069767,race,2655
Non-Hispanic White,0.5547309833024119,race,2655
Other Hispanic,0.5422535211267606,race,2655
Other Race - Including Multi-Racial,0.49206349206349204,race,2655
Above 4x poverty line,0.36,income,2655
Below poverty line,0.5955056179775281,income,2655
Middle (2-4x),0.4791666666666667,income,2655
Near poverty (1-2x),0.5597964376590331,income,2655
Mexican American,0.435,race,2656
Non-Hispanic Asian,0.38271604938271603,race,2656
Non-Hispanic Black,0.5387596899224806,race,2656
Non-Hispanic White,0.5918367346938775,race,2656
Other Hispanic,0.5985915492957746,race,2656
Other Race - Including Multi-Racial,0.47619047619047616,race,2656
Above 4x poverty line,0.375,income,2656
Below poverty line,0.6353276353276354,income,2656
Middle (2-4x),0.4975124378109453,income,2656
Near poverty (1-2x),0.5621621621621622,income,2656
Mexican American,0.465,race,2657
Non-Hispanic Asian,0.32098765432098764,race,2657
Non-Hispanic Black,0.5387596899224806,race,2657
Non-Hispanic White,0.5231910946196661,race,2657
Other Hispanic,0.5422535211267606,race,2657
Other Race - Including Multi-Racial,0.5238095238095238,race,2657
Above 4x poverty line,0.32748538011695905,income,2657
Below poverty line,0.5730337078651685,income,2657
Middle (2-4x),0.4701086956521739,income,2657
Near poverty (1-2x),0.5592783505154639,income,2657
Mexican American,0.385,race,2658
Non-Hispanic Asian,0.35802469135802467,race,2658
Non-Hispanic Black,0.5542635658914729,race,2658
Non-Hispanic White,0.5695732838589982,race,2658
Other Hispanic,0.49295774647887325,race,2658
Other Race - Including Multi-Racial,0.6031746031746031,race,2658
Above 4x poverty line,0.30625,income,2658
Below poverty line,0.621875,income,2658
Middle (2-4x),0.4852941176470588,income,2658
Near poverty (1-2x),0.5518987341772152,income,2658
Mexican American,0.44,race,2659
Non-Hispanic Asian,0.2716049382716049,race,2659
Non-Hispanic Black,0.5465116279069767,race,2659
Non-Hispanic White,0.5120593692022264,race,2659
Other Hispanic,0.5704225352112676,race,2659
Other Race - Including Multi-Racial,0.5555555555555556,race,2659
Above 4x poverty line,0.3351063829787234,income,2659
Below poverty line,0.5787878787878787,income,2659
Middle (2-4x),0.47715736040609136,income,2659
Near poverty (1-2x),0.5417789757412399,income,2659
Mexican American,0.425,race,2660
Non-Hispanic Asian,0.38271604938271603,race,2660
Non-Hispanic Black,0.5658914728682171,race,2660
Non-Hispanic White,0.5343228200371057,race,2660
Other Hispanic,0.5140845070422535,race,2660
Other Race - Including Multi-Racial,0.5396825396825397,race,2660
Above 4x poverty line,0.38666666666666666,income,2660
Below poverty line,0.5868945868945868,income,2660
Middle (2-4x),0.46701846965699206,income,2660
Near poverty (1-2x),0.5359801488833746,income,2660
Mexican American,0.455,race,2661
Non-Hispanic Asian,0.3333333333333333,race,2661
Non-Hispanic Black,0.5426356589147286,race,2661
Non-Hispanic White,0.5714285714285714,race,2661
Other Hispanic,0.5070422535211268,race,2661
Other Race - Including Multi-Racial,0.5079365079365079,race,2661
Above 4x poverty line,0.32608695652173914,income,2661
Below poverty line,0.5927051671732523,income,2661
Middle (2-4x),0.49340369393139843,income,2661
Near poverty (1-2x),0.5831202046035806,income,2661
Mexican American,0.445,race,2662
Non-Hispanic Asian,0.3950617283950617,race,2662
Non-Hispanic Black,0.5697674418604651,race,2662
Non-Hispanic White,0.575139146567718,race,2662
Other Hispanic,0.5422535211267606,race,2662
Other Race - Including Multi-Racial,0.7142857142857143,race,2662
Above 4x poverty line,0.41566265060240964,income,2662
Below poverty line,0.6497005988023952,income,2662
Middle (2-4x),0.4872448979591837,income,2662
Near poverty (1-2x),0.5703324808184144,income,2662
Mexican American,0.44,race,2663
Non-Hispanic Asian,0.35802469135802467,race,2663
Non-Hispanic Black,0.5387596899224806,race,2663
Non-Hispanic White,0.5269016697588126,race,2663
Other Hispanic,0.5633802816901409,race,2663
Other Race - Including Multi-Racial,0.5079365079365079,race,2663
Above 4x poverty line,0.325,income,2663
Below poverty line,0.536986301369863,income,2663
Middle (2-4x),0.4932975871313673,income,2663
Near poverty (1-2x),0.5714285714285714,income,2663
Mexican American,0.445,race,2664
Non-Hispanic Asian,0.2222222222222222,race,2664
Non-Hispanic Black,0.5387596899224806,race,2664
Non-Hispanic White,0.5640074211502782,race,2664
Other Hispanic,0.45774647887323944,race,2664
Other Race - Including Multi-Racial,0.5396825396825397,race,2664
Above 4x poverty line,0.36257309941520466,income,2664
Below poverty line,0.5956873315363881,income,2664
Middle (2-4x),0.44173441734417346,income,2664
Near poverty (1-2x),0.5456989247311828,income,2664
Mexican American,0.425,race,2665
Non-Hispanic Asian,0.345679012345679,race,2665
Non-Hispanic Black,0.5581395348837209,race,2665
Non-Hispanic White,0.5157699443413729,race,2665
Other Hispanic,0.4859154929577465,race,2665
Other Race - Including Multi-Racial,0.4603174603174603,race,2665
Above 4x poverty line,0.3380281690140845,income,2665
Below poverty line,0.5595567867036011,income,2665
Middle (2-4x),0.4318181818181818,income,2665
Near poverty (1-2x),0.5520833333333334,income,2665
Mexican American,0.495,race,2666
Non-Hispanic Asian,0.35802469135802467,race,2666
Non-Hispanic Black,0.5077519379844961,race,2666
Non-Hispanic White,0.5454545454545454,race,2666
Other Hispanic,0.4788732394366197,race,2666
Other Race - Including Multi-Racial,0.5873015873015873,race,2666
Above 4x poverty line,0.3006134969325153,income,2666
Below poverty line,0.5752212389380531,income,2666
Middle (2-4x),0.4759493670886076,income,2666
Near poverty (1-2x),0.5854922279792746,income,2666
Mexican American,0.4,race,2667
Non-Hispanic Asian,0.345679012345679,race,2667
Non-Hispanic Black,0.5775193798449613,race,2667
Non-Hispanic White,0.5788497217068646,race,2667
Other Hispanic,0.5422535211267606,race,2667
Other Race - Including Multi-Racial,0.6984126984126984,race,2667
Above 4x poverty line,0.35172413793103446,income,2667
Below poverty line,0.6005509641873278,income,2667
Middle (2-4x),0.4681372549019608,income,2667
Near poverty (1-2x),0.6267029972752044,income,2667
Mexican American,0.395,race,2668
Non-Hispanic Asian,0.2839506172839506,race,2668
Non-Hispanic Black,0.5193798449612403,race,2668
Non-Hispanic White,0.5380333951762524,race,2668
Other Hispanic,0.45774647887323944,race,2668
Other Race - Including Multi-Racial,0.6507936507936508,race,2668
Above 4x poverty line,0.3496932515337423,income,2668
Below poverty line,0.56,income,2668
Middle (2-4x),0.4625322997416021,income,2668
Near poverty (1-2x),0.5221932114882507,income,2668
Mexican American,0.45,race,2669
Non-Hispanic Asian,0.38271604938271603,race,2669
Non-Hispanic Black,0.5813953488372093,race,2669
Non-Hispanic White,0.5380333951762524,race,2669
Other Hispanic,0.5563380281690141,race,2669
Other Race - Including Multi-Racial,0.5396825396825397,race,2669
Above 4x poverty line,0.3619631901840491,income,2669
Below poverty line,0.6073446327683616,income,2669
Middle (2-4x),0.49872122762148335,income,2669
Near poverty (1-2x),0.5466666666666666,income,2669
Mexican American,0.41,race,2670
Non-Hispanic Asian,0.35802469135802467,race,2670
Non-Hispanic Black,0.5542635658914729,race,2670
Non-Hispanic White,0.5269016697588126,race,2670
Other Hispanic,0.4859154929577465,race,2670
Other Race - Including Multi-Racial,0.49206349206349204,race,2670
Above 4x poverty line,0.30538922155688625,income,2670
Below poverty line,0.5781710914454278,income,2670
Middle (2-4x),0.46511627906976744,income,2670
Near poverty (1-2x),0.541025641025641,income,2670
Mexican American,0.48,race,2671
Non-Hispanic Asian,0.35802469135802467,race,2671
Non-Hispanic Black,0.5736434108527132,race,2671
Non-Hispanic White,0.5324675324675324,race,2671
Other Hispanic,0.5140845070422535,race,2671
Other Race - Including Multi-Racial,0.6190476190476191,race,2671
Above 4x poverty line,0.3246753246753247,income,2671
Below poverty line,0.6253776435045317,income,2671
Middle (2-4x),0.5,income,2671
Near poverty (1-2x),0.5414507772020726,income,2671
Mexican American,0.5,race,2672
Non-Hispanic Asian,0.30864197530864196,race,2672
Non-Hispanic Black,0.5658914728682171,race,2672
Non-Hispanic White,0.5435992578849722,race,2672
Other Hispanic,0.5633802816901409,race,2672
Other Race - Including Multi-Racial,0.5079365079365079,race,2672
Above 4x poverty line,0.3197278911564626,income,2672
Below poverty line,0.6074270557029178,income,2672
Middle (2-4x),0.48556430446194226,income,2672
Near poverty (1-2x),0.5687830687830688,income,2672
Mexican American,0.495,race,2673
Non-Hispanic Asian,0.30864197530864196,race,2673
Non-Hispanic Black,0.5038759689922481,race,2673
Non-Hispanic White,0.5324675324675324,race,2673
Other Hispanic,0.5704225352112676,race,2673
Other Race - Including Multi-Racial,0.47619047619047616,race,2673
Above 4x poverty line,0.27607361963190186,income,2673
Below poverty line,0.6353276353276354,income,2673
Middle (2-4x),0.4105263157894737,income,2673
Near poverty (1-2x),0.5861182519280206,income,2673
Mexican American,0.475,race,2674
Non-Hispanic Asian,0.35802469135802467,race,2674
Non-Hispanic Black,0.5387596899224806,race,2674
Non-Hispanic White,0.4842300556586271,race,2674
Other Hispanic,0.5422535211267606,race,2674
Other Race - Including Multi-Racial,0.49206349206349204,race,2674
Above 4x poverty line,0.27380952380952384,income,2674
Below poverty line,0.5674157303370787,income,2674
Middle (2-4x),0.4491315136476427,income,2674
Near poverty (1-2x),0.5702247191011236,income,2674
Mexican American,0.435,race,2675
Non-Hispanic Asian,0.3333333333333333,race,2675
Non-Hispanic Black,0.5193798449612403,race,2675
Non-Hispanic White,0.5584415584415584,race,2675
Other Hispanic,0.5352112676056338,race,2675
Other Race - Including Multi-Racial,0.5396825396825397,race,2675
Above 4x poverty line,0.2909090909090909,income,2675
Below poverty line,0.5920245398773006,income,2675
Middle (2-4x),0.4831730769230769,income,2675
Near poverty (1-2x),0.5771276595744681,income,2675
Mexican American,0.415,race,2676
Non-Hispanic Asian,0.37037037037037035,race,2676
Non-Hispanic Black,0.5271317829457365,race,2676
Non-Hispanic White,0.5306122448979592,race,2676
Other Hispanic,0.5492957746478874,race,2676
Other Race - Including Multi-Racial,0.47619047619047616,race,2676
Above 4x poverty line,0.3591549295774648,income,2676
Below poverty line,0.563953488372093,income,2676
Middle (2-4x),0.46683673469387754,income,2676
Near poverty (1-2x),0.5308641975308642,income,2676
Mexican American,0.41,race,2677
Non-Hispanic Asian,0.37037037037037035,race,2677
Non-Hispanic Black,0.5232558139534884,race,2677
Non-Hispanic White,0.5269016697588126,race,2677
Other Hispanic,0.5563380281690141,race,2677
Other Race - Including Multi-Racial,0.42857142857142855,race,2677
Above 4x poverty line,0.3184713375796178,income,2677
Below poverty line,0.5476190476190477,income,2677
Middle (2-4x),0.4513064133016627,income,2677
Near poverty (1-2x),0.5772357723577236,income,2677
Mexican American,0.365,race,2678
Non-Hispanic Asian,0.32098765432098764,race,2678
Non-Hispanic Black,0.5697674418604651,race,2678
Non-Hispanic White,0.5027829313543599,race,2678
Other Hispanic,0.5704225352112676,race,2678
Other Race - Including Multi-Racial,0.38095238095238093,race,2678
Above 4x poverty line,0.3333333333333333,income,2678
Below poverty line,0.5361930294906166,income,2678
Middle (2-4x),0.47174447174447176,income,2678
Near poverty (1-2x),0.5114285714285715,income,2678
Mexican American,0.415,race,2679
Non-Hispanic Asian,0.3333333333333333,race,2679
Non-Hispanic Black,0.5930232558139535,race,2679
Non-Hispanic White,0.5213358070500927,race,2679
Other Hispanic,0.5492957746478874,race,2679
Other Race - Including Multi-Racial,0.5079365079365079,race,2679
Above 4x poverty line,0.3375,income,2679
Below poverty line,0.5730659025787965,income,2679
Middle (2-4x),0.4707379134860051,income,2679
Near poverty (1-2x),0.5643044619422573,income,2679
Mexican American,0.47,race,2680
Non-Hispanic Asian,0.38271604938271603,race,2680
Non-Hispanic Black,0.5155038759689923,race,2680
Non-Hispanic White,0.5157699443413729,race,2680
Other Hispanic,0.5,race,2680
Other Race - Including Multi-Racial,0.49206349206349204,race,2680
Above 4x poverty line,0.3157894736842105,income,2680
Below poverty line,0.5848484848484848,income,2680
Middle (2-4x),0.4552058111380145,income,2680
Near poverty (1-2x),0.538659793814433,income,2680
Mexican American,0.43,race,2681
Non-Hispanic Asian,0.2345679012345679,race,2681
Non-Hispanic Black,0.5542635658914729,race,2681
Non-Hispanic White,0.5528756957328386,race,2681
Other Hispanic,0.5140845070422535,race,2681
Other Race - Including Multi-Racial,0.5079365079365079,race,2681
Above 4x poverty line,0.3125,income,2681
Below poverty line,0.5777126099706745,income,2681
Middle (2-4x),0.44556962025316454,income,2681
Near poverty (1-2x),0.5891472868217055,income,2681
Mexican American,0.445,race,2682
Non-Hispanic Asian,0.35802469135802467,race,2682
Non-Hispanic Black,0.5736434108527132,race,2682
Non-Hispanic White,0.5473098330241187,race,2682
Other Hispanic,0.5633802816901409,race,2682
Other Race - Including Multi-Racial,0.5238095238095238,race,2682
Above 4x poverty line,0.3592814371257485,income,2682
Below poverty line,0.5760233918128655,income,2682
Middle (2-4x),0.5114503816793893,income,2682
Near poverty (1-2x),0.5669291338582677,income,2682
Mexican American,0.42,race,2683
Non-Hispanic Asian,0.30864197530864196,race,2683
Non-Hispanic Black,0.5038759689922481,race,2683
Non-Hispanic White,0.536178107606679,race,2683
Other Hispanic,0.4647887323943662,race,2683
Other Race - Including Multi-Racial,0.49206349206349204,race,2683
Above 4x poverty line,0.3092105263157895,income,2683
Below poverty line,0.5737704918032787,income,2683
Middle (2-4x),0.45038167938931295,income,2683
Near poverty (1-2x),0.5134408602150538,income,2683
Mexican American,0.445,race,2684
Non-Hispanic Asian,0.37037037037037035,race,2684
Non-Hispanic Black,0.5310077519379846,race,2684
Non-Hispanic White,0.5380333951762524,race,2684
Other Hispanic,0.5211267605633803,race,2684
Other Race - Including Multi-Racial,0.6031746031746031,race,2684
Above 4x poverty line,0.3576158940397351,income,2684
Below poverty line,0.5943661971830986,income,2684
Middle (2-4x),0.45685279187817257,income,2684
Near poverty (1-2x),0.556135770234987,income,2684
Mexican American,0.48,race,2685
Non-Hispanic Asian,0.2839506172839506,race,2685
Non-Hispanic Black,0.5503875968992248,race,2685
Non-Hispanic White,0.5343228200371057,race,2685
Other Hispanic,0.5422535211267606,race,2685
Other Race - Including Multi-Racial,0.6031746031746031,race,2685
Above 4x poverty line,0.3870967741935484,income,2685
Below poverty line,0.5548961424332344,income,2685
Middle (2-4x),0.5,income,2685
Near poverty (1-2x),0.5541561712846348,income,2685
Mexican American,0.44,race,2686
Non-Hispanic Asian,0.3333333333333333,race,2686
Non-Hispanic Black,0.5387596899224806,race,2686
Non-Hispanic White,0.549165120593692,race,2686
Other Hispanic,0.5492957746478874,race,2686
Other Race - Including Multi-Racial,0.5555555555555556,race,2686
Above 4x poverty line,0.33116883116883117,income,2686
Below poverty line,0.5792880258899676,income,2686
Middle (2-4x),0.46115288220551376,income,2686
Near poverty (1-2x),0.5914489311163895,income,2686
Mexican American,0.475,race,2687
Non-Hispanic Asian,0.32098765432098764,race,2687
Non-Hispanic Black,0.5348837209302325,race,2687
Non-Hispanic White,0.5083487940630798,race,2687
Other Hispanic,0.5352112676056338,race,2687
Other Race - Including Multi-Racial,0.5873015873015873,race,2687
Above 4x poverty line,0.2356687898089172,income,2687
Below poverty line,0.6227544910179641,income,2687
Middle (2-4x),0.4416243654822335,income,2687
Near poverty (1-2x),0.5703517587939698,income,2687
Mexican American,0.375,race,2688
Non-Hispanic Asian,0.37037037037037035,race,2688
Non-Hispanic Black,0.5155038759689923,race,2688
Non-Hispanic White,0.5528756957328386,race,2688
Other Hispanic,0.47183098591549294,race,2688
Other Race - Including Multi-Racial,0.5873015873015873,race,2688
Above 4x poverty line,0.3392857142857143,income,2688
Below poverty line,0.5766016713091922,income,2688
Middle (2-4x),0.45135135135135135,income,2688
Near poverty (1-2x),0.5414507772020726,income,2688
Mexican American,0.475,race,2689
Non-Hispanic Asian,0.24691358024691357,race,2689
Non-Hispanic Black,0.5503875968992248,race,2689
Non-Hispanic White,0.5435992578849722,race,2689
Other Hispanic,0.5633802816901409,race,2689
Other Race - Including Multi-Racial,0.5396825396825397,race,2689
Above 4x poverty line,0.3392857142857143,income,2689
Below poverty line,0.5975232198142415,income,2689
Middle (2-4x),0.4671717171717172,income,2689
Near poverty (1-2x),0.5782828282828283,income,2689
Mexican American,0.355,race,2690
Non-Hispanic Asian,0.30864197530864196,race,2690
Non-Hispanic Black,0.5697674418604651,race,2690
Non-Hispanic White,0.536178107606679,race,2690
Other Hispanic,0.5845070422535211,race,2690
Other Race - Including Multi-Racial,0.5396825396825397,race,2690
Above 4x poverty line,0.2925170068027211,income,2690
Below poverty line,0.6153846153846154,income,2690
Middle (2-4x),0.4239401496259352,income,2690
Near poverty (1-2x),0.5729166666666666,income,2690
Mexican American,0.48,race,2691
Non-Hispanic Asian,0.37037037037037035,race,2691
Non-Hispanic Black,0.5658914728682171,race,2691
Non-Hispanic White,0.5324675324675324,race,2691
Other Hispanic,0.5211267605633803,race,2691
Other Race - Including Multi-Racial,0.4444444444444444,race,2691
Above 4x poverty line,0.32926829268292684,income,2691
Below poverty line,0.5895316804407713,income,2691
Middle (2-4x),0.47580645161290325,income,2691
Near poverty (1-2x),0.5625,income,2691
Mexican American,0.42,race,2692
Non-Hispanic Asian,0.2839506172839506,race,2692
Non-Hispanic Black,0.5891472868217055,race,2692
Non-Hispanic White,0.5435992578849722,race,2692
Other Hispanic,0.528169014084507,race,2692
Other Race - Including Multi-Racial,0.6190476190476191,race,2692
Above 4x poverty line,0.3353658536585366,income,2692
Below poverty line,0.597667638483965,income,2692
Middle (2-4x),0.4753246753246753,income,2692
Near poverty (1-2x),0.5703324808184144,income,2692
Mexican American,0.455,race,2693
Non-Hispanic Asian,0.2839506172839506,race,2693
Non-Hispanic Black,0.5852713178294574,race,2693
Non-Hispanic White,0.5417439703153989,race,2693
Other Hispanic,0.4788732394366197,race,2693
Other Race - Including Multi-Racial,0.6190476190476191,race,2693
Above 4x poverty line,0.37579617834394907,income,2693
Below poverty line,0.559322033898305,income,2693
Middle (2-4x),0.49166666666666664,income,2693
Near poverty (1-2x),0.558252427184466,income,2693
Mexican American,0.485,race,2694
Non-Hispanic Asian,0.3333333333333333,race,2694
Non-Hispanic Black,0.5581395348837209,race,2694
Non-Hispanic White,0.5306122448979592,race,2694
Other Hispanic,0.5422535211267606,race,2694
Other Race - Including Multi-Racial,0.49206349206349204,race,2694
Above 4x poverty line,0.35502958579881655,income,2694
Below poverty line,0.6089385474860335,income,2694
Middle (2-4x),0.4594594594594595,income,2694
Near poverty (1-2x),0.5544041450777202,income,2694
Mexican American,0.46,race,2695
Non-Hispanic Asian,0.30864197530864196,race,2695
Non-Hispanic Black,0.5736434108527132,race,2695
Non-Hispanic White,0.5510204081632653,race,2695
Other Hispanic,0.5211267605633803,race,2695
Other Race - Including Multi-Racial,0.5873015873015873,race,2695
Above 4x poverty line,0.4027777777777778,income,2695
Below poverty line,0.6084507042253521,income,2695
Middle (2-4x),0.42857142857142855,income,2695
Near poverty (1-2x),0.5892857142857143,income,2695
Mexican American,0.485,race,2696
Non-Hispanic Asian,0.4444444444444444,race,2696
Non-Hispanic Black,0.5736434108527132,race,2696
Non-Hispanic White,0.5473098330241187,race,2696
Other Hispanic,0.5140845070422535,race,2696
Other Race - Including Multi-Racial,0.6031746031746031,race,2696
Above 4x poverty line,0.34810126582278483,income,2696
Below poverty line,0.6520547945205479,income,2696
Middle (2-4x),0.48663101604278075,income,2696
Near poverty (1-2x),0.5492227979274611,income,2696
Mexican American,0.455,race,2697
Non-Hispanic Asian,0.32098765432098764,race,2697
Non-Hispanic Black,0.5232558139534884,race,2697
Non-Hispanic White,0.5528756957328386,race,2697
Other Hispanic,0.5,race,2697
Other Race - Including Multi-Racial,0.6031746031746031,race,2697
Above 4x poverty line,0.3125,income,2697
Below poverty line,0.5714285714285714,income,2697
Middle (2-4x),0.4963680387409201,income,2697
Near poverty (1-2x),0.5668449197860963,income,2697
Mexican American,0.435,race,2698
Non-Hispanic Asian,0.3950617283950617,race,2698
Non-Hispanic Black,0.5852713178294574,race,2698
Non-Hispanic White,0.5287569573283859,race,2698
Other Hispanic,0.4859154929577465,race,2698
Other Race - Including Multi-Racial,0.6349206349206349,race,2698
Above 4x poverty line,0.33783783783783783,income,2698
Below poverty line,0.623229461756374,income,2698
Middle (2-4x),0.4601990049751244,income,2698
Near poverty (1-2x),0.55,income,2698
Mexican American,0.425,race,2699
Non-Hispanic Asian,0.38271604938271603,race,2699
Non-Hispanic Black,0.5658914728682171,race,2699
Non-Hispanic White,0.5139146567717996,race,2699
Other Hispanic,0.49295774647887325,race,2699
Other Race - Including Multi-Racial,0.5238095238095238,race,2699
Above 4x poverty line,0.296875,income,2699
Below poverty line,0.6018518518518519,income,2699
Middle (2-4x),0.442159383033419,income,2699
Near poverty (1-2x),0.5767195767195767,income,2699
Mexican American,0.42,race,2700
Non-Hispanic Asian,0.35802469135802467,race,2700
Non-Hispanic Black,0.562015503875969,race,2700
Non-Hispanic White,0.5454545454545454,race,2700
Other Hispanic,0.5140845070422535,race,2700
Other Race - Including Multi-Racial,0.5873015873015873,race,2700
Above 4x poverty line,0.29012345679012347,income,2700
Below poverty line,0.6227544910179641,income,2700
Middle (2-4x),0.5141388174807198,income,2700
Near poverty (1-2x),0.5201005025125628,income,2700
Mexican American,0.46,race,2701
Non-Hispanic Asian,0.41975308641975306,race,2701
Non-Hispanic Black,0.5271317829457365,race,2701
Non-Hispanic White,0.5157699443413729,race,2701
Other Hispanic,0.5352112676056338,race,2701
Other Race - Including Multi-Racial,0.5079365079365079,race,2701
Above 4x poverty line,0.3333333333333333,income,2701
Below poverty line,0.592375366568915,income,2701
Middle (2-4x),0.43779904306220097,income,2701
Near poverty (1-2x),0.5793871866295265,income,2701
Mexican American,0.425,race,2702
Non-Hispanic Asian,0.35802469135802467,race,2702
Non-Hispanic Black,0.5310077519379846,race,2702
Non-Hispanic White,0.5231910946196661,race,2702
Other Hispanic,0.5563380281690141,race,2702
Other Race - Including Multi-Racial,0.47619047619047616,race,2702
Above 4x poverty line,0.32098765432098764,income,2702
Below poverty line,0.5890804597701149,income,2702
Middle (2-4x),0.45758354755784064,income,2702
Near poverty (1-2x),0.5390625,income,2702
Mexican American,0.445,race,2703
Non-Hispanic Asian,0.32098765432098764,race,2703
Non-Hispanic Black,0.49224806201550386,race,2703
Non-Hispanic White,0.5584415584415584,race,2703
Other Hispanic,0.5070422535211268,race,2703
Other Race - Including Multi-Racial,0.5873015873015873,race,2703
Above 4x poverty line,0.32450331125827814,income,2703
Below poverty line,0.5845272206303725,income,2703
Middle (2-4x),0.47560975609756095,income,2703
Near poverty (1-2x),0.546916890080429,income,2703
Mexican American,0.425,race,2704
Non-Hispanic Asian,0.2839506172839506,race,2704
Non-Hispanic Black,0.4806201550387597,race,2704
Non-Hispanic White,0.5547309833024119,race,2704
Other Hispanic,0.49295774647887325,race,2704
Other Race - Including Multi-Racial,0.5714285714285714,race,2704
Above 4x poverty line,0.28289473684210525,income,2704
Below poverty line,0.5873493975903614,income,2704
Middle (2-4x),0.48370927318295737,income,2704
Near poverty (1-2x),0.515,income,2704
Mexican American,0.505,race,2705
Non-Hispanic Asian,0.3333333333333333,race,2705
Non-Hispanic Black,0.5736434108527132,race,2705
Non-Hispanic White,0.5825602968460112,race,2705
Other Hispanic,0.5140845070422535,race,2705
Other Race - Including Multi-Racial,0.5555555555555556,race,2705
Above 4x poverty line,0.3619631901840491,income,2705
Below poverty line,0.6059701492537314,income,2705
Middle (2-4x),0.5163727959697733,income,2705
Near poverty (1-2x),0.595360824742268,income,2705
Mexican American,0.42,race,2706
Non-Hispanic Asian,0.3950617283950617,race,2706
Non-Hispanic Black,0.5232558139534884,race,2706
Non-Hispanic White,0.5287569573283859,race,2706
Other Hispanic,0.528169014084507,race,2706
Other Race - Including Multi-Racial,0.5396825396825397,race,2706
Above 4x poverty line,0.358974358974359,income,2706
Below poverty line,0.5778443113772455,income,2706
Middle (2-4x),0.4461538461538462,income,2706
Near poverty (1-2x),0.5508684863523573,income,2706
Mexican American,0.43,race,2707
Non-Hispanic Asian,0.3333333333333333,race,2707
Non-Hispanic Black,0.5891472868217055,race,2707
Non-Hispanic White,0.5510204081632653,race,2707
Other Hispanic,0.5211267605633803,race,2707
Other Race - Including Multi-Racial,0.49206349206349204,race,2707
Above 4x poverty line,0.375,income,2707
Below poverty line,0.5972972972972973,income,2707
Middle (2-4x),0.4789473684210526,income,2707
Near poverty (1-2x),0.546916890080429,income,2707
Mexican American,0.44,race,2708
Non-Hispanic Asian,0.3333333333333333,race,2708
Non-Hispanic Black,0.5348837209302325,race,2708
Non-Hispanic White,0.5528756957328386,race,2708
Other Hispanic,0.5,race,2708
Other Race - Including Multi-Racial,0.5714285714285714,race,2708
Above 4x poverty line,0.28994082840236685,income,2708
Below poverty line,0.5918367346938775,income,2708
Middle (2-4x),0.4802955665024631,income,2708
Near poverty (1-2x),0.5780821917808219,income,2708
Mexican American,0.445,race,2709
Non-Hispanic Asian,0.3333333333333333,race,2709
Non-Hispanic Black,0.5310077519379846,race,2709
Non-Hispanic White,0.5269016697588126,race,2709
Other Hispanic,0.5422535211267606,race,2709
Other Race - Including Multi-Racial,0.6349206349206349,race,2709
Above 4x poverty line,0.32515337423312884,income,2709
Below poverty line,0.632183908045977,income,2709
Middle (2-4x),0.4389027431421446,income,2709
Near poverty (1-2x),0.5525606469002695,income,2709
Mexican American,0.425,race,2710
Non-Hispanic Asian,0.2839506172839506,race,2710
Non-Hispanic Black,0.5813953488372093,race,2710
Non-Hispanic White,0.5435992578849722,race,2710
Other Hispanic,0.528169014084507,race,2710
Other Race - Including Multi-Racial,0.6507936507936508,race,2710
Above 4x poverty line,0.3469387755102041,income,2710
Below poverty line,0.6112759643916914,income,2710
Middle (2-4x),0.4271604938271605,income,2710
Near poverty (1-2x),0.6015228426395939,income,2710
Mexican American,0.435,race,2711
Non-Hispanic Asian,0.2962962962962963,race,2711
Non-Hispanic Black,0.5465116279069767,race,2711
Non-Hispanic White,0.549165120593692,race,2711
Other Hispanic,0.5492957746478874,race,2711
Other Race - Including Multi-Racial,0.5238095238095238,race,2711
Above 4x poverty line,0.3625,income,2711
Below poverty line,0.590778097982709,income,2711
Middle (2-4x),0.45595854922279794,income,2711
Near poverty (1-2x),0.5641025641025641,income,2711
Mexican American,0.405,race,2712
Non-Hispanic Asian,0.30864197530864196,race,2712
Non-Hispanic Black,0.5852713178294574,race,2712
Non-Hispanic White,0.562152133580705,race,2712
Other Hispanic,0.528169014084507,race,2712
Other Race - Including Multi-Racial,0.49206349206349204,race,2712
Above 4x poverty line,0.34705882352941175,income,2712
Below poverty line,0.6273291925465838,income,2712
Middle (2-4x),0.4875,income,2712
Near poverty (1-2x),0.5370843989769821,income,2712
Mexican American,0.435,race,2713
Non-Hispanic Asian,0.345679012345679,race,2713
Non-Hispanic Black,0.46124031007751937,race,2713
Non-Hispanic White,0.5194805194805194,race,2713
Other Hispanic,0.5070422535211268,race,2713
Other Race - Including Multi-Racial,0.5714285714285714,race,2713
Above 4x poverty line,0.33974358974358976,income,2713
Below poverty line,0.5446428571428571,income,2713
Middle (2-4x),0.44254278728606355,income,2713
Near poverty (1-2x),0.5366492146596858,income,2713
Mexican American,0.4,race,2714
Non-Hispanic Asian,0.2962962962962963,race,2714
Non-Hispanic Black,0.47674418604651164,race,2714
Non-Hispanic White,0.5547309833024119,race,2714
Other Hispanic,0.4647887323943662,race,2714
Other Race - Including Multi-Racial,0.5873015873015873,race,2714
Above 4x poverty line,0.33125,income,2714
Below poverty line,0.5578635014836796,income,2714
Middle (2-4x),0.45066666666666666,income,2714
Near poverty (1-2x),0.5328467153284672,income,2714
Mexican American,0.505,race,2715
Non-Hispanic Asian,0.345679012345679,race,2715
Non-Hispanic Black,0.5736434108527132,race,2715
Non-Hispanic White,0.5380333951762524,race,2715
Other Hispanic,0.5,race,2715
Other Race - Including Multi-Racial,0.5396825396825397,race,2715
Above 4x poverty line,0.25766871165644173,income,2715
Below poverty line,0.6166666666666667,income,2715
Middle (2-4x),0.48872180451127817,income,2715
Near poverty (1-2x),0.590027700831025,income,2715
Mexican American,0.44,race,2716
Non-Hispanic Asian,0.35802469135802467,race,2716
Non-Hispanic Black,0.5930232558139535,race,2716
Non-Hispanic White,0.5398886827458256,race,2716
Other Hispanic,0.5845070422535211,race,2716
Other Race - Including Multi-Racial,0.6349206349206349,race,2716
Above 4x poverty line,0.36585365853658536,income,2716
Below poverty line,0.6363636363636364,income,2716
Middle (2-4x),0.45989304812834225,income,2716
Near poverty (1-2x),0.5801526717557252,income,2716
Mexican American,0.46,race,2717
Non-Hispanic Asian,0.3950617283950617,race,2717
Non-Hispanic Black,0.5503875968992248,race,2717
Non-Hispanic White,0.5009276437847866,race,2717
Other Hispanic,0.5915492957746479,race,2717
Other Race - Including Multi-Racial,0.5873015873015873,race,2717
Above 4x poverty line,0.29775280898876405,income,2717
Below poverty line,0.5870206489675516,income,2717
Middle (2-4x),0.48195876288659795,income,2717
Near poverty (1-2x),0.5767195767195767,income,2717
Mexican American,0.485,race,2718
Non-Hispanic Asian,0.4074074074074074,race,2718
Non-Hispanic Black,0.5581395348837209,race,2718
Non-Hispanic White,0.5269016697588126,race,2718
Other Hispanic,0.4788732394366197,race,2718
Other Race - Including Multi-Racial,0.5873015873015873,race,2718
Above 4x poverty line,0.3567251461988304,income,2718
Below poverty line,0.5734463276836158,income,2718
Middle (2-4x),0.4717948717948718,income,2718
Near poverty (1-2x),0.5842391304347826,income,2718
Mexican American,0.55,race,2719
Non-Hispanic Asian,0.2962962962962963,race,2719
Non-Hispanic Black,0.5038759689922481,race,2719
Non-Hispanic White,0.5640074211502782,race,2719
Other Hispanic,0.4788732394366197,race,2719
Other Race - Including Multi-Racial,0.5396825396825397,race,2719
Above 4x poverty line,0.3630952380952381,income,2719
Below poverty line,0.5517241379310345,income,2719
Middle (2-4x),0.4846938775510204,income,2719
Near poverty (1-2x),0.6053333333333333,income,2719
Mexican American,0.43,race,2720
Non-Hispanic Asian,0.3333333333333333,race,2720
Non-Hispanic Black,0.5465116279069767,race,2720
Non-Hispanic White,0.5306122448979592,race,2720
Other Hispanic,0.528169014084507,race,2720
Other Race - Including Multi-Racial,0.5396825396825397,race,2720
Above 4x poverty line,0.3333333333333333,income,2720
Below poverty line,0.5786516853932584,income,2720
Middle (2-4x),0.4613466334164589,income,2720
Near poverty (1-2x),0.5531914893617021,income,2720
Mexican American,0.475,race,2721
Non-Hispanic Asian,0.20987654320987653,race,2721
Non-Hispanic Black,0.5891472868217055,race,2721
Non-Hispanic White,0.5695732838589982,race,2721
Other Hispanic,0.47183098591549294,race,2721
Other Race - Including Multi-Racial,0.5555555555555556,race,2721
Above 4x poverty line,0.35185185185185186,income,2721
Below poverty line,0.5837837837837838,income,2721
Middle (2-4x),0.4673913043478261,income,2721
Near poverty (1-2x),0.5953002610966057,income,2721
Mexican American,0.475,race,2722
Non-Hispanic Asian,0.2962962962962963,race,2722
Non-Hispanic Black,0.5542635658914729,race,2722
Non-Hispanic White,0.5306122448979592,race,2722
Other Hispanic,0.5774647887323944,race,2722
Other Race - Including Multi-Racial,0.6031746031746031,race,2722
Above 4x poverty line,0.33544303797468356,income,2722
Below poverty line,0.6057142857142858,income,2722
Middle (2-4x),0.4855072463768116,income,2722
Near poverty (1-2x),0.5595567867036011,income,2722
Mexican American,0.46,race,2723
Non-Hispanic Asian,0.3333333333333333,race,2723
Non-Hispanic Black,0.5348837209302325,race,2723
Non-Hispanic White,0.5343228200371057,race,2723
Other Hispanic,0.5492957746478874,race,2723
Other Race - Including Multi-Racial,0.49206349206349204,race,2723
Above 4x poverty line,0.36809815950920244,income,2723
Below poverty line,0.5590778097982709,income,2723
Middle (2-4x),0.46564885496183206,income,2723
Near poverty (1-2x),0.5710526315789474,income,2723
Mexican American,0.485,race,2724
Non-Hispanic Asian,0.2839506172839506,race,2724
Non-Hispanic Black,0.5310077519379846,race,2724
Non-Hispanic White,0.5435992578849722,race,2724
Other Hispanic,0.5422535211267606,race,2724
Other Race - Including Multi-Racial,0.5396825396825397,race,2724
Above 4x poverty line,0.3395061728395062,income,2724
Below poverty line,0.568733153638814,income,2724
Middle (2-4x),0.47540983606557374,income,2724
Near poverty (1-2x),0.5755208333333334,income,2724
Mexican American,0.51,race,2725
Non-Hispanic Asian,0.25925925925925924,race,2725
Non-Hispanic Black,0.5310077519379846,race,2725
Non-Hispanic White,0.5602968460111317,race,2725
Other Hispanic,0.5704225352112676,race,2725
Other Race - Including Multi-Racial,0.5555555555555556,race,2725
Above 4x poverty line,0.3974358974358974,income,2725
Below poverty line,0.5920679886685553,income,2725
Middle (2-4x),0.4753694581280788,income,2725
Near poverty (1-2x),0.5815217391304348,income,2725
Mexican American,0.46,race,2726
Non-Hispanic Asian,0.35802469135802467,race,2726
Non-Hispanic Black,0.5697674418604651,race,2726
Non-Hispanic White,0.5398886827458256,race,2726
Other Hispanic,0.5704225352112676,race,2726
Other Race - Including Multi-Racial,0.5396825396825397,race,2726
Above 4x poverty line,0.34177215189873417,income,2726
Below poverty line,0.6023054755043228,income,2726
Middle (2-4x),0.5160493827160494,income,2726
Near poverty (1-2x),0.5415549597855228,income,2726
Mexican American,0.445,race,2727
Non-Hispanic Asian,0.3333333333333333,race,2727
Non-Hispanic Black,0.5736434108527132,race,2727
Non-Hispanic White,0.5547309833024119,race,2727
Other Hispanic,0.5774647887323944,race,2727
Other Race - Including Multi-Racial,0.5396825396825397,race,2727
Above 4x poverty line,0.31843575418994413,income,2727
Below poverty line,0.6205882352941177,income,2727
Middle (2-4x),0.4623115577889447,income,2727
Near poverty (1-2x),0.6202185792349727,income,2727
Mexican American,0.49,race,2728
Non-Hispanic Asian,0.32098765432098764,race,2728
Non-Hispanic Black,0.562015503875969,race,2728
Non-Hispanic White,0.5528756957328386,race,2728
Other Hispanic,0.5492957746478874,race,2728
Other Race - Including Multi-Racial,0.47619047619047616,race,2728
Above 4x poverty line,0.3310344827586207,income,2728
Below poverty line,0.6094674556213018,income,2728
Middle (2-4x),0.4748858447488584,income,2728
Near poverty (1-2x),0.5883977900552486,income,2728
Mexican American,0.42,race,2729
Non-Hispanic Asian,0.38271604938271603,race,2729
Non-Hispanic Black,0.5736434108527132,race,2729
Non-Hispanic White,0.536178107606679,race,2729
Other Hispanic,0.5704225352112676,race,2729
Other Race - Including Multi-Racial,0.49206349206349204,race,2729
Above 4x poverty line,0.3416149068322981,income,2729
Below poverty line,0.5793871866295265,income,2729
Middle (2-4x),0.48320413436692505,income,2729
Near poverty (1-2x),0.5691489361702128,income,2729
Mexican American,0.455,race,2730
Non-Hispanic Asian,0.35802469135802467,race,2730
Non-Hispanic Black,0.5891472868217055,race,2730
Non-Hispanic White,0.5287569573283859,race,2730
Other Hispanic,0.6126760563380281,race,2730
Other Race - Including Multi-Racial,0.5873015873015873,race,2730
Above 4x poverty line,0.39634146341463417,income,2730
Below poverty line,0.6257142857142857,income,2730
Middle (2-4x),0.47058823529411764,income,2730
Near poverty (1-2x),0.5634920634920635,income,2730
Mexican American,0.4,race,2731
Non-Hispanic Asian,0.2839506172839506,race,2731
Non-Hispanic Black,0.5658914728682171,race,2731
Non-Hispanic White,0.5565862708719852,race,2731
Other Hispanic,0.4788732394366197,race,2731
Other Race - Including Multi-Racial,0.5873015873015873,race,2731
Above 4x poverty line,0.3374233128834356,income,2731
Below poverty line,0.569060773480663,income,2731
Middle (2-4x),0.4835443037974684,income,2731
Near poverty (1-2x),0.5564738292011019,income,2731
Mexican American,0.495,race,2732
Non-Hispanic Asian,0.3950617283950617,race,2732
Non-Hispanic Black,0.5193798449612403,race,2732
Non-Hispanic White,0.5565862708719852,race,2732
Other Hispanic,0.5211267605633803,race,2732
Other Race - Including Multi-Racial,0.4444444444444444,race,2732
Above 4x poverty line,0.3525641025641026,income,2732
Below poverty line,0.5994397759103641,income,2732
Middle (2-4x),0.45081967213114754,income,2732
Near poverty (1-2x),0.5767326732673267,income,2732
Mexican American,0.44,race,2733
Non-Hispanic Asian,0.38271604938271603,race,2733
Non-Hispanic Black,0.5348837209302325,race,2733
Non-Hispanic White,0.5213358070500927,race,2733
Other Hispanic,0.5704225352112676,race,2733
Other Race - Including Multi-Racial,0.5396825396825397,race,2733
Above 4x poverty line,0.3522012578616352,income,2733
Below poverty line,0.5683890577507599,income,2733
Middle (2-4x),0.4739454094292804,income,2733
Near poverty (1-2x),0.5586734693877551,income,2733
Mexican American,0.52,race,2734
Non-Hispanic Asian,0.37037037037037035,race,2734
Non-Hispanic Black,0.562015503875969,race,2734
Non-Hispanic White,0.5046382189239332,race,2734
Other Hispanic,0.5140845070422535,race,2734
Other Race - Including Multi-Racial,0.5396825396825397,race,2734
Above 4x poverty line,0.36551724137931035,income,2734
Below poverty line,0.6029850746268657,income,2734
Middle (2-4x),0.48284313725490197,income,2734
Near poverty (1-2x),0.5215189873417722,income,2734
Mexican American,0.41,race,2735
Non-Hispanic Asian,0.2839506172839506,race,2735
Non-Hispanic Black,0.5813953488372093,race,2735
Non-Hispanic White,0.5473098330241187,race,2735
Other Hispanic,0.49295774647887325,race,2735
Other Race - Including Multi-Racial,0.6190476190476191,race,2735
Above 4x poverty line,0.38181818181818183,income,2735
Below poverty line,0.5674931129476584,income,2735
Middle (2-4x),0.46736292428198434,income,2735
Near poverty (1-2x),0.5672043010752689,income,2735
Mexican American,0.455,race,2736
Non-Hispanic Asian,0.2839506172839506,race,2736
Non-Hispanic Black,0.46511627906976744,race,2736
Non-Hispanic White,0.5584415584415584,race,2736
Other Hispanic,0.5422535211267606,race,2736
Other Race - Including Multi-Racial,0.5396825396825397,race,2736
Above 4x poverty line,0.3691275167785235,income,2736
Below poverty line,0.5511363636363636,income,2736
Middle (2-4x),0.46898263027295284,income,2736
Near poverty (1-2x),0.5488126649076517,income,2736
Mexican American,0.445,race,2737
Non-Hispanic Asian,0.2962962962962963,race,2737
Non-Hispanic Black,0.5232558139534884,race,2737
Non-Hispanic White,0.5473098330241187,race,2737
Other Hispanic,0.47183098591549294,race,2737
Other Race - Including Multi-Racial,0.5396825396825397,race,2737
Above 4x poverty line,0.33714285714285713,income,2737
Below poverty line,0.5449438202247191,income,2737
Middle (2-4x),0.47074468085106386,income,2737
Near poverty (1-2x),0.5691489361702128,income,2737
Mexican American,0.495,race,2738
Non-Hispanic Asian,0.37037037037037035,race,2738
Non-Hispanic Black,0.5930232558139535,race,2738
Non-Hispanic White,0.5398886827458256,race,2738
Other Hispanic,0.5140845070422535,race,2738
Other Race - Including Multi-Racial,0.5714285714285714,race,2738
Above 4x poverty line,0.2878787878787879,income,2738
Below poverty line,0.6017699115044248,income,2738
Middle (2-4x),0.494949494949495,income,2738
Near poverty (1-2x),0.5865384615384616,income,2738
Mexican American,0.44,race,2739
Non-Hispanic Asian,0.345679012345679,race,2739
Non-Hispanic Black,0.5503875968992248,race,2739
Non-Hispanic White,0.5547309833024119,race,2739
Other Hispanic,0.5422535211267606,race,2739
Other Race - Including Multi-Racial,0.5714285714285714,race,2739
Above 4x poverty line,0.3422818791946309,income,2739
Below poverty line,0.6138888888888889,income,2739
Middle (2-4x),0.4625322997416021,income,2739
Near poverty (1-2x),0.5658914728682171,income,2739
Mexican American,0.38,race,2740
Non-Hispanic Asian,0.41975308641975306,race,2740
Non-Hispanic Black,0.5155038759689923,race,2740
Non-Hispanic White,0.5714285714285714,race,2740
Other Hispanic,0.4859154929577465,race,2740
Other Race - Including Multi-Racial,0.5555555555555556,race,2740
Above 4x poverty line,0.3728813559322034,income,2740
Below poverty line,0.5844875346260388,income,2740
Middle (2-4x),0.47863247863247865,income,2740
Near poverty (1-2x),0.5329949238578681,income,2740
Mexican American,0.425,race,2741
Non-Hispanic Asian,0.3333333333333333,race,2741
Non-Hispanic Black,0.5503875968992248,race,2741
Non-Hispanic White,0.5454545454545454,race,2741
Other Hispanic,0.5633802816901409,race,2741
Other Race - Including Multi-Racial,0.47619047619047616,race,2741
Above 4x poverty line,0.32,income,2741
Below poverty line,0.5920679886685553,income,2741
Middle (2-4x),0.46153846153846156,income,2741
Near poverty (1-2x),0.5666666666666667,income,2741
Mexican American,0.48,race,2742
Non-Hispanic Asian,0.345679012345679,race,2742
Non-Hispanic Black,0.5697674418604651,race,2742
Non-Hispanic White,0.5584415584415584,race,2742
Other Hispanic,0.47183098591549294,race,2742
Other Race - Including Multi-Racial,0.6031746031746031,race,2742
Above 4x poverty line,0.33774834437086093,income,2742
Below poverty line,0.6005917159763313,income,2742
Middle (2-4x),0.5024875621890548,income,2742
Near poverty (1-2x),0.5637755102040817,income,2742
Mexican American,0.445,race,2743
Non-Hispanic Asian,0.3333333333333333,race,2743
Non-Hispanic Black,0.5426356589147286,race,2743
Non-Hispanic White,0.5528756957328386,race,2743
Other Hispanic,0.49295774647887325,race,2743
Other Race - Including Multi-Racial,0.5396825396825397,race,2743
Above 4x poverty line,0.3063583815028902,income,2743
Below poverty line,0.597667638483965,income,2743
Middle (2-4x),0.46981627296587924,income,2743
Near poverty (1-2x),0.572538860103627,income,2743
Mexican American,0.42,race,2744
Non-Hispanic Asian,0.30864197530864196,race,2744
Non-Hispanic Black,0.5503875968992248,race,2744
Non-Hispanic White,0.5176252319109462,race,2744
Other Hispanic,0.5633802816901409,race,2744
Other Race - Including Multi-Racial,0.5555555555555556,race,2744
Above 4x poverty line,0.31952662721893493,income,2744
Below poverty line,0.6144578313253012,income,2744
Middle (2-4x),0.43535620052770446,income,2744
Near poverty (1-2x),0.5508684863523573,income,2744
Mexican American,0.43,race,2745
Non-Hispanic Asian,0.3950617283950617,race,2745
Non-Hispanic Black,0.5465116279069767,race,2745
Non-Hispanic White,0.5046382189239332,race,2745
Other Hispanic,0.44366197183098594,race,2745
Other Race - Including Multi-Racial,0.5555555555555556,race,2745
Above 4x poverty line,0.327683615819209,income,2745
Below poverty line,0.5694444444444444,income,2745
Middle (2-4x),0.45012787723785164,income,2745
Near poverty (1-2x),0.5352112676056338,income,2745
Mexican American,0.49,race,2746
Non-Hispanic Asian,0.37037037037037035,race,2746
Non-Hispanic Black,0.6162790697674418,race,2746
Non-Hispanic White,0.5194805194805194,race,2746
Other Hispanic,0.47183098591549294,race,2746
Other Race - Including Multi-Racial,0.5079365079365079,race,2746
Above 4x poverty line,0.3684210526315789,income,2746
Below poverty line,0.6283987915407855,income,2746
Middle (2-4x),0.4819277108433735,income,2746
Near poverty (1-2x),0.5246753246753246,income,2746
Mexican American,0.455,race,2747
Non-Hispanic Asian,0.3333333333333333,race,2747
Non-Hispanic Black,0.562015503875969,race,2747
Non-Hispanic White,0.5231910946196661,race,2747
Other Hispanic,0.5845070422535211,race,2747
Other Race - Including Multi-Racial,0.47619047619047616,race,2747
Above 4x poverty line,0.25,income,2747
Below poverty line,0.6361031518624641,income,2747
Middle (2-4x),0.48081841432225064,income,2747
Near poverty (1-2x),0.5461741424802111,income,2747
Mexican American,0.465,race,2748
Non-Hispanic Asian,0.2962962962962963,race,2748
Non-Hispanic Black,0.5930232558139535,race,2748
Non-Hispanic White,0.601113172541744,race,2748
Other Hispanic,0.5492957746478874,race,2748
Other Race - Including Multi-Racial,0.5079365079365079,race,2748
Above 4x poverty line,0.375,income,2748
Below poverty line,0.6268221574344023,income,2748
Middle (2-4x),0.4936708860759494,income,2748
Near poverty (1-2x),0.6077922077922078,income,2748
Mexican American,0.445,race,2749
Non-Hispanic Asian,0.2716049382716049,race,2749
Non-Hispanic Black,0.5387596899224806,race,2749
Non-Hispanic White,0.5454545454545454,race,2749
Other Hispanic,0.5492957746478874,race,2749
Other Race - Including Multi-Racial,0.4603174603174603,race,2749
Above 4x poverty line,0.33783783783783783,income,2749
Below poverty line,0.6160714285714286,income,2749
Middle (2-4x),0.4580335731414868,income,2749
Near poverty (1-2x),0.5314136125654451,income,2749
Mexican American,0.425,race,2750
Non-Hispanic Asian,0.35802469135802467,race,2750
Non-Hispanic Black,0.5232558139534884,race,2750
Non-Hispanic White,0.5695732838589982,race,2750
Other Hispanic,0.5070422535211268,race,2750
Other Race - Including Multi-Racial,0.5238095238095238,race,2750
Above 4x poverty line,0.32098765432098764,income,2750
Below poverty line,0.6097560975609756,income,2750
Middle (2-4x),0.4527363184079602,income,2750
Near poverty (1-2x),0.5805626598465473,income,2750
Mexican American,0.425,race,2751
Non-Hispanic Asian,0.3333333333333333,race,2751
Non-Hispanic Black,0.5038759689922481,race,2751
Non-Hispanic White,0.5435992578849722,race,2751
Other Hispanic,0.5422535211267606,race,2751
Other Race - Including Multi-Racial,0.5714285714285714,race,2751
Above 4x poverty line,0.3443708609271523,income,2751
Below poverty line,0.55027932960893855,income,2751
Middle (2-4x),0.4601990049751244,income,2751
Near poverty (1-2x),0.5752688172043011,income,2751
Mexican American,0.395,race,2752
Non-Hispanic Asian,0.43209876543209874,race,2752
Non-Hispanic Black,0.5697674418604651,race,2752
Non-Hispanic White,0.5454545454545454,race,2752
Other Hispanic,0.5140845070422535,race,2752
Other Race - Including Multi-Racial,0.5555555555555556,race,2752
Above 4x poverty line,0.31901840490797545,income,2752
Below poverty line,0.5777777777777777,income,2752
Middle (2-4x),0.5076530612244898,income,2752
Near poverty (1-2x),0.5543478260869565,income,2752
Mexican American,0.445,race,2753
Non-Hispanic Asian,0.2716049382716049,race,2753
Non-Hispanic Black,0.5426356589147286,race,2753
Non-Hispanic White,0.5640074211502782,race,2753
Other Hispanic,0.5140845070422535,race,2753
Other Race - Including Multi-Racial,0.49206349206349204,race,2753
Above 4x poverty line,0.3048780487804878,income,2753
Below poverty line,0.5878787878787879,income,2753
Middle (2-4x),0.4801864801864802,income,2753
Near poverty (1-2x),0.5805555555555556,income,2753
Mexican American,0.46,race,2754
Non-Hispanic Asian,0.2962962962962963,race,2754
Non-Hispanic Black,0.5310077519379846,race,2754
Non-Hispanic White,0.549165120593692,race,2754
Other Hispanic,0.5,race,2754
Other Race - Including Multi-Racial,0.49206349206349204,race,2754
Above 4x poverty line,0.3275862068965517,income,2754
Below poverty line,0.5915492957746479,income,2754
Middle (2-4x),0.4754521963824289,income,2754
Near poverty (1-2x),0.5449591280653951,income,2754
Mexican American,0.465,race,2755
Non-Hispanic Asian,0.2962962962962963,race,2755
Non-Hispanic Black,0.5348837209302325,race,2755
Non-Hispanic White,0.5602968460111317,race,2755
Other Hispanic,0.49295774647887325,race,2755
Other Race - Including Multi-Racial,0.5396825396825397,race,2755
Above 4x poverty line,0.31690140845070425,income,2755
Below poverty line,0.5389048991354467,income,2755
Middle (2-4x),0.515,income,2755
Near poverty (1-2x),0.565989847715736,income,2755
Mexican American,0.465,race,2756
Non-Hispanic Asian,0.2716049382716049,race,2756
Non-Hispanic Black,0.5232558139534884,race,2756
Non-Hispanic White,0.5547309833024119,race,2756
Other Hispanic,0.5352112676056338,race,2756
Other Race - Including Multi-Racial,0.6190476190476191,race,2756
Above 4x poverty line,0.3546099290780142,income,2756
Below poverty line,0.5745257452574526,income,2756
Middle (2-4x),0.4824120603015075,income,2756
Near poverty (1-2x),0.56,income,2756
Mexican American,0.425,race,2757
Non-Hispanic Asian,0.38271604938271603,race,2757
Non-Hispanic Black,0.5348837209302325,race,2757
Non-Hispanic White,0.5807050092764379,race,2757
Other Hispanic,0.47183098591549294,race,2757
Other Race - Including Multi-Racial,0.5396825396825397,race,2757
Above 4x poverty line,0.35294117647058826,income,2757
Below poverty line,0.6180758017492711,income,2757
Middle (2-4x),0.4379746835443038,income,2757
Near poverty (1-2x),0.5841836734693877,income,2757
Mexican American,0.385,race,2758
Non-Hispanic Asian,0.3333333333333333,race,2758
Non-Hispanic Black,0.4844961240310077,race,2758
Non-Hispanic White,0.5380333951762524,race,2758
Other Hispanic,0.5492957746478874,race,2758
Other Race - Including Multi-Racial,0.5238095238095238,race,2758
Above 4x poverty line,0.34210526315789475,income,2758
Below poverty line,0.5388888888888889,income,2758
Middle (2-4x),0.4525,income,2758
Near poverty (1-2x),0.5471698113207547,income,2758
Mexican American,0.485,race,2759
Non-Hispanic Asian,0.4074074074074074,race,2759
Non-Hispanic Black,0.5503875968992248,race,2759
Non-Hispanic White,0.5714285714285714,race,2759
Other Hispanic,0.5563380281690141,race,2759
Other Race - Including Multi-Racial,0.5714285714285714,race,2759
Above 4x poverty line,0.379746835443038,income,2759
Below poverty line,0.6345029239766082,income,2759
Middle (2-4x),0.4797979797979798,income,2759
Near poverty (1-2x),0.5891472868217055,income,2759
Mexican American,0.475,race,2760
Non-Hispanic Asian,0.38271604938271603,race,2760
Non-Hispanic Black,0.5465116279069767,race,2760
Non-Hispanic White,0.5454545454545454,race,2760
Other Hispanic,0.5140845070422535,race,2760
Other Race - Including Multi-Racial,0.5238095238095238,race,2760
Above 4x poverty line,0.3717948717948718,income,2760
Below poverty line,0.5513196480938416,income,2760
Middle (2-4x),0.5,income,2760
Near poverty (1-2x),0.5696517412935324,income,2760
Mexican American,0.47,race,2761
Non-Hispanic Asian,0.32098765432098764,race,2761
Non-Hispanic Black,0.5077519379844961,race,2761
Non-Hispanic White,0.5324675324675324,race,2761
Other Hispanic,0.5563380281690141,race,2761
Other Race - Including Multi-Racial,0.47619047619047616,race,2761
Above 4x poverty line,0.3967391304347826,income,2761
Below poverty line,0.5688073394495413,income,2761
Middle (2-4x),0.4740932642487047,income,2761
Near poverty (1-2x),0.5310880829015544,income,2761
Mexican American,0.47,race,2762
Non-Hispanic Asian,0.2345679012345679,race,2762
Non-Hispanic Black,0.5387596899224806,race,2762
Non-Hispanic White,0.5157699443413729,race,2762
Other Hispanic,0.5845070422535211,race,2762
Other Race - Including Multi-Racial,0.4603174603174603,race,2762
Above 4x poverty line,0.2469879518072289,income,2762
Below poverty line,0.5562130177514792,income,2762
Middle (2-4x),0.4842105263157895,income,2762
Near poverty (1-2x),0.5739348370927319,income,2762
Mexican American,0.475,race,2763
Non-Hispanic Asian,0.2345679012345679,race,2763
Non-Hispanic Black,0.5465116279069767,race,2763
Non-Hispanic White,0.5250463821892394,race,2763
Other Hispanic,0.5422535211267606,race,2763
Other Race - Including Multi-Racial,0.6190476190476191,race,2763
Above 4x poverty line,0.3333333333333333,income,2763
Below poverty line,0.5949008498583569,income,2763
Middle (2-4x),0.453551912568306,income,2763
Near poverty (1-2x),0.5588972431077694,income,2763
Mexican American,0.425,race,2764
Non-Hispanic Asian,0.345679012345679,race,2764
Non-Hispanic Black,0.5038759689922481,race,2764
Non-Hispanic White,0.5231910946196661,race,2764
Other Hispanic,0.5070422535211268,race,2764
Other Race - Including Multi-Racial,0.5714285714285714,race,2764
Above 4x poverty line,0.3076923076923077,income,2764
Below poverty line,0.5905044510385756,income,2764
Middle (2-4x),0.42216358839050133,income,2764
Near poverty (1-2x),0.5577889447236181,income,2764
Mexican American,0.48,race,2765
Non-Hispanic Asian,0.345679012345679,race,2765
Non-Hispanic Black,0.5658914728682171,race,2765
Non-Hispanic White,0.5435992578849722,race,2765
Other Hispanic,0.5070422535211268,race,2765
Other Race - Including Multi-Racial,0.6031746031746031,race,2765
Above 4x poverty line,0.36875,income,2765
Below poverty line,0.6011396011396012,income,2765
Middle (2-4x),0.48711340206185566,income,2765
Near poverty (1-2x),0.5572916666666666,income,2765
Mexican American,0.445,race,2766
Non-Hispanic Asian,0.345679012345679,race,2766
Non-Hispanic Black,0.5116279069767442,race,2766
Non-Hispanic White,0.5454545454545454,race,2766
Other Hispanic,0.4859154929577465,race,2766
Other Race - Including Multi-Racial,0.5873015873015873,race,2766
Above 4x poverty line,0.3575757575757576,income,2766
Below poverty line,0.5835777126099707,income,2766
Middle (2-4x),0.4746192893401015,income,2766
Near poverty (1-2x),0.5326370757180157,income,2766
Mexican American,0.455,race,2767
Non-Hispanic Asian,0.38271604938271603,race,2767
Non-Hispanic Black,0.5387596899224806,race,2767
Non-Hispanic White,0.5435992578849722,race,2767
Other Hispanic,0.6056338028169014,race,2767
Other Race - Including Multi-Racial,0.5396825396825397,race,2767
Above 4x poverty line,0.31788079470198677,income,2767
Below poverty line,0.6078431372549019,income,2767
Middle (2-4x),0.46875,income,2767
Near poverty (1-2x),0.5856777493606138,income,2767
Mexican American,0.425,race,2768
Non-Hispanic Asian,0.30864197530864196,race,2768
Non-Hispanic Black,0.5581395348837209,race,2768
Non-Hispanic White,0.5324675324675324,race,2768
Other Hispanic,0.5633802816901409,race,2768
Other Race - Including Multi-Racial,0.47619047619047616,race,2768
Above 4x poverty line,0.3072289156626506,income,2768
Below poverty line,0.5663716814159292,income,2768
Middle (2-4x),0.4811083123425693,income,2768
Near poverty (1-2x),0.5695538057742782,income,2768
Mexican American,0.395,race,2769
Non-Hispanic Asian,0.24691358024691357,race,2769
Non-Hispanic Black,0.5891472868217055,race,2769
Non-Hispanic White,0.5473098330241187,race,2769
Other Hispanic,0.5422535211267606,race,2769
Other Race - Including Multi-Racial,0.5555555555555556,race,2769
Above 4x poverty line,0.3765432098765432,income,2769
Below poverty line,0.6045845272206304,income,2769
Middle (2-4x),0.48514851485148514,income,2769
Near poverty (1-2x),0.5163043478260869,income,2769
Mexican American,0.515,race,2770
Non-Hispanic Asian,0.43209876543209874,race,2770
Non-Hispanic Black,0.5310077519379846,race,2770
Non-Hispanic White,0.5306122448979592,race,2770
Other Hispanic,0.5211267605633803,race,2770
Other Race - Including Multi-Racial,0.5079365079365079,race,2770
Above 4x poverty line,0.37662337662337664,income,2770
Below poverty line,0.5449438202247191,income,2770
Middle (2-4x),0.4864864864864865,income,2770
Near poverty (1-2x),0.592896174863388,income,2770
Mexican American,0.48,race,2771
Non-Hispanic Asian,0.2839506172839506,race,2771
Non-Hispanic Black,0.5348837209302325,race,2771
Non-Hispanic White,0.5176252319109462,race,2771
Other Hispanic,0.5211267605633803,race,2771
Other Race - Including Multi-Racial,0.47619047619047616,race,2771
Above 4x poverty line,0.27058823529411763,income,2771
Below poverty line,0.5988857938718662,income,2771
Middle (2-4x),0.5105820105820106,income,2771
Near poverty (1-2x),0.4946808510638298,income,2771
Mexican American,0.495,race,2772
Non-Hispanic Asian,0.35802469135802467,race,2772
Non-Hispanic Black,0.5736434108527132,race,2772
Non-Hispanic White,0.5510204081632653,race,2772
Other Hispanic,0.6408450704225352,race,2772
Other Race - Including Multi-Racial,0.5555555555555556,race,2772
Above 4x poverty line,0.3496932515337423,income,2772
Below poverty line,0.6109510086455331,income,2772
Middle (2-4x),0.5149253731343284,income,2772
Near poverty (1-2x),0.601078167115903,income,2772
Mexican American,0.45,race,2773
Non-Hispanic Asian,0.30864197530864196,race,2773
Non-Hispanic Black,0.5775193798449613,race,2773
Non-Hispanic White,0.5528756957328386,race,2773
Other Hispanic,0.47183098591549294,race,2773
Other Race - Including Multi-Racial,0.5873015873015873,race,2773
Above 4x poverty line,0.3728813559322034,income,2773
Below poverty line,0.5771428571428572,income,2773
Middle (2-4x),0.4739583333333333,income,2773
Near poverty (1-2x),0.5806451612903226,income,2773
Mexican American,0.49,race,2774
Non-Hispanic Asian,0.32098765432098764,race,2774
Non-Hispanic Black,0.5930232558139535,race,2774
Non-Hispanic White,0.536178107606679,race,2774
Other Hispanic,0.5140845070422535,race,2774
Other Race - Including Multi-Racial,0.5555555555555556,race,2774
Above 4x poverty line,0.34705882352941175,income,2774
Below poverty line,0.5819397993311036,income,2774
Middle (2-4x),0.47665847665847666,income,2774
Near poverty (1-2x),0.6068796068796068,income,2774
Mexican American,0.51,race,2775
Non-Hispanic Asian,0.345679012345679,race,2775
Non-Hispanic Black,0.5736434108527132,race,2775
Non-Hispanic White,0.5584415584415584,race,2775
Other Hispanic,0.5352112676056338,race,2775
Other Race - Including Multi-Racial,0.5714285714285714,race,2775
Above 4x poverty line,0.36875,income,2775
Below poverty line,0.591715976331361,income,2775
Middle (2-4x),0.5096153846153846,income,2775
Near poverty (1-2x),0.5962059620596206,income,2775
Mexican American,0.44,race,2776
Non-Hispanic Asian,0.3333333333333333,race,2776
Non-Hispanic Black,0.5310077519379846,race,2776
Non-Hispanic White,0.562152133580705,race,2776
Other Hispanic,0.5211267605633803,race,2776
Other Race - Including Multi-Racial,0.5396825396825397,race,2776
Above 4x poverty line,0.372972972972973,income,2776
Below poverty line,0.5930232558139535,income,2776
Middle (2-4x),0.4716981132075472,income,2776
Near poverty (1-2x),0.5613577023498695,income,2776
Mexican American,0.44,race,2777
Non-Hispanic Asian,0.30864197530864196,race,2777
Non-Hispanic Black,0.5387596899224806,race,2777
Non-Hispanic White,0.5269016697588126,race,2777
Other Hispanic,0.5211267605633803,race,2777
Other Race - Including Multi-Racial,0.47619047619047616,race,2777
Above 4x poverty line,0.3795180722891566,income,2777
Below poverty line,0.5490196078431373,income,2777
Middle (2-4x),0.457286432160804,income,2777
Near poverty (1-2x),0.5497237569060773,income,2777
Mexican American,0.465,race,2778
Non-Hispanic Asian,0.30864197530864196,race,2778
Non-Hispanic Black,0.5465116279069767,race,2778
Non-Hispanic White,0.5640074211502782,race,2778
Other Hispanic,0.5845070422535211,race,2778
Other Race - Including Multi-Racial,0.49206349206349204,race,2778
Above 4x poverty line,0.3588235294117647,income,2778
Below poverty line,0.6129032258064516,income,2778
Middle (2-4x),0.478494623655914,income,2778
Near poverty (1-2x),0.5725,income,2778
Mexican American,0.445,race,2779
Non-Hispanic Asian,0.35802469135802467,race,2779
Non-Hispanic Black,0.5387596899224806,race,2779
Non-Hispanic White,0.5473098330241187,race,2779
Other Hispanic,0.5492957746478874,race,2779
Other Race - Including Multi-Racial,0.6349206349206349,race,2779
Above 4x poverty line,0.38125,income,2779
Below poverty line,0.6253602305475504,income,2779
Middle (2-4x),0.44502617801047123,income,2779
Near poverty (1-2x),0.5634517766497462,income,2779
Mexican American,0.465,race,2780
Non-Hispanic Asian,0.2839506172839506,race,2780
Non-Hispanic Black,0.5387596899224806,race,2780
Non-Hispanic White,0.5306122448979592,race,2780
Other Hispanic,0.4507042253521127,race,2780
Other Race - Including Multi-Racial,0.5555555555555556,race,2780
Above 4x poverty line,0.35294117647058826,income,2780
Below poverty line,0.5675675675675675,income,2780
Middle (2-4x),0.44696969696969696,income,2780
Near poverty (1-2x),0.5572916666666666,income,2780
Mexican American,0.39,race,2781
Non-Hispanic Asian,0.3333333333333333,race,2781
Non-Hispanic Black,0.5077519379844961,race,2781
Non-Hispanic White,0.549165120593692,race,2781
Other Hispanic,0.5422535211267606,race,2781
Other Race - Including Multi-Racial,0.5555555555555556,race,2781
Above 4x poverty line,0.32926829268292684,income,2781
Below poverty line,0.5988857938718662,income,2781
Middle (2-4x),0.43213296398891965,income,2781
Near poverty (1-2x),0.5488721804511278,income,2781
Mexican American,0.49,race,2782
Non-Hispanic Asian,0.4074074074074074,race,2782
Non-Hispanic Black,0.5193798449612403,race,2782
Non-Hispanic White,0.562152133580705,race,2782
Other Hispanic,0.528169014084507,race,2782
Other Race - Including Multi-Racial,0.49206349206349204,race,2782
Above 4x poverty line,0.3087248322147651,income,2782
Below poverty line,0.6021798365122616,income,2782
Middle (2-4x),0.48756218905472637,income,2782
Near poverty (1-2x),0.5780821917808219,income,2782
Mexican American,0.43,race,2783
Non-Hispanic Asian,0.32098765432098764,race,2783
Non-Hispanic Black,0.562015503875969,race,2783
Non-Hispanic White,0.5640074211502782,race,2783
Other Hispanic,0.5352112676056338,race,2783
Other Race - Including Multi-Racial,0.6507936507936508,race,2783
Above 4x poverty line,0.3693181818181818,income,2783
Below poverty line,0.6048632218844985,income,2783
Middle (2-4x),0.5051546391752577,income,2783
Near poverty (1-2x),0.558974358974359,income,2783
Mexican American,0.455,race,2784
Non-Hispanic Asian,0.3333333333333333,race,2784
Non-Hispanic Black,0.5310077519379846,race,2784
Non-Hispanic White,0.5120593692022264,race,2784
Other Hispanic,0.5070422535211268,race,2784
Other Race - Including Multi-Racial,0.3968253968253968,race,2784
Above 4x poverty line,0.2982456140350877,income,2784
Below poverty line,0.5677966101694916,income,2784
Middle (2-4x),0.45526315789473687,income,2784
Near poverty (1-2x),0.5370370370370371,income,2784
Mexican American,0.475,race,2785
Non-Hispanic Asian,0.4074074074074074,race,2785
Non-Hispanic Black,0.5581395348837209,race,2785
Non-Hispanic White,0.5250463821892394,race,2785
Other Hispanic,0.5633802816901409,race,2785
Other Race - Including Multi-Racial,0.49206349206349204,race,2785
Above 4x poverty line,0.33766233766233766,income,2785
Below poverty line,0.5929203539823009,income,2785
Middle (2-4x),0.45905707196029777,income,2785
Near poverty (1-2x),0.5891472868217055,income,2785
Mexican American,0.435,race,2786
Non-Hispanic Asian,0.25925925925925924,race,2786
Non-Hispanic Black,0.5193798449612403,race,2786
Non-Hispanic White,0.5547309833024119,race,2786
Other Hispanic,0.5422535211267606,race,2786
Other Race - Including Multi-Racial,0.47619047619047616,race,2786
Above 4x poverty line,0.32515337423312884,income,2786
Below poverty line,0.5786516853932584,income,2786
Middle (2-4x),0.506265664160401,income,2786
Near poverty (1-2x),0.5123287671232877,income,2786
Mexican American,0.47,race,2787
Non-Hispanic Asian,0.38271604938271603,race,2787
Non-Hispanic Black,0.562015503875969,race,2787
Non-Hispanic White,0.5435992578849722,race,2787
Other Hispanic,0.5563380281690141,race,2787
Other Race - Including Multi-Racial,0.42857142857142855,race,2787
Above 4x poverty line,0.3488372093023256,income,2787
Below poverty line,0.5840220385674931,income,2787
Middle (2-4x),0.504,income,2787
Near poverty (1-2x),0.5576407506702413,income,2787
Mexican American,0.485,race,2788
Non-Hispanic Asian,0.3333333333333333,race,2788
Non-Hispanic Black,0.5775193798449613,race,2788
Non-Hispanic White,0.5306122448979592,race,2788
Other Hispanic,0.5,race,2788
Other Race - Including Multi-Racial,0.5238095238095238,race,2788
Above 4x poverty line,0.3142857142857143,income,2788
Below poverty line,0.5936507936507937,income,2788
Middle (2-4x),0.49257425742574257,income,2788
Near poverty (1-2x),0.570694087403599,income,2788
Mexican American,0.425,race,2789
Non-Hispanic Asian,0.24691358024691357,race,2789
Non-Hispanic Black,0.5852713178294574,race,2789
Non-Hispanic White,0.5250463821892394,race,2789
Other Hispanic,0.528169014084507,race,2789
Other Race - Including Multi-Racial,0.4444444444444444,race,2789
Above 4x poverty line,0.33532934131736525,income,2789
Below poverty line,0.573170731707317,income,2789
Middle (2-4x),0.4776902887139108,income,2789
Near poverty (1-2x),0.5307125307125307,income,2789
Mexican American,0.43,race,2790
Non-Hispanic Asian,0.38271604938271603,race,2790
Non-Hispanic Black,0.5193798449612403,race,2790
Non-Hispanic White,0.5528756957328386,race,2790
Other Hispanic,0.5704225352112676,race,2790
Other Race - Including Multi-Racial,0.5079365079365079,race,2790
Above 4x poverty line,0.38636363636363635,income,2790
Below poverty line,0.6028571428571429,income,2790
Middle (2-4x),0.42587601078167114,income,2790
Near poverty (1-2x),0.582901554404145,income,2790
Mexican American,0.44,race,2791
Non-Hispanic Asian,0.2962962962962963,race,2791
Non-Hispanic Black,0.5930232558139535,race,2791
Non-Hispanic White,0.5640074211502782,race,2791
Other Hispanic,0.5352112676056338,race,2791
Other Race - Including Multi-Racial,0.5714285714285714,race,2791
Above 4x poverty line,0.3105590062111801,income,2791
Below poverty line,0.6106442577030813,income,2791
Middle (2-4x),0.5135802469135803,income,2791
Near poverty (1-2x),0.5694444444444444,income,2791
Mexican American,0.43,race,2792
Non-Hispanic Asian,0.32098765432098764,race,2792
Non-Hispanic Black,0.5503875968992248,race,2792
Non-Hispanic White,0.5083487940630798,race,2792
Other Hispanic,0.5492957746478874,race,2792
Other Race - Including Multi-Racial,0.5873015873015873,race,2792
Above 4x poverty line,0.36875,income,2792
Below poverty line,0.5830903790087464,income,2792
Middle (2-4x),0.4103896103896104,income,2792
Near poverty (1-2x),0.5721518987341773,income,2792
Mexican American,0.455,race,2793
Non-Hispanic Asian,0.35802469135802467,race,2793
Non-Hispanic Black,0.5852713178294574,race,2793
Non-Hispanic White,0.5176252319109462,race,2793
Other Hispanic,0.5422535211267606,race,2793
Other Race - Including Multi-Racial,0.5396825396825397,race,2793
Above 4x poverty line,0.33136094674556216,income,2793
Below poverty line,0.6064139941690962,income,2793
Middle (2-4x),0.4987714987714988,income,2793
Near poverty (1-2x),0.532967032967033,income,2793
Mexican American,0.47,race,2794
Non-Hispanic Asian,0.2716049382716049,race,2794
Non-Hispanic Black,0.5465116279069767,race,2794
Non-Hispanic White,0.549165120593692,race,2794
Other Hispanic,0.5633802816901409,race,2794
Other Race - Including Multi-Racial,0.5396825396825397,race,2794
Above 4x poverty line,0.3475609756097561,income,2794
Below poverty line,0.596875,income,2794
Middle (2-4x),0.48586118251928023,income,2794
Near poverty (1-2x),0.5609756097560976,income,2794
Mexican American,0.52,race,2795
Non-Hispanic Asian,0.43209876543209874,race,2795
Non-Hispanic Black,0.5426356589147286,race,2795
Non-Hispanic White,0.562152133580705,race,2795
Other Hispanic,0.5211267605633803,race,2795
Other Race - Including Multi-Racial,0.5238095238095238,race,2795
Above 4x poverty line,0.34868421052631576,income,2795
Below poverty line,0.5982905982905983,income,2795
Middle (2-4x),0.4742268041237113,income,2795
Near poverty (1-2x),0.6173469387755102,income,2795
Mexican American,0.465,race,2796
Non-Hispanic Asian,0.3333333333333333,race,2796
Non-Hispanic Black,0.5426356589147286,race,2796
Non-Hispanic White,0.5510204081632653,race,2796
Other Hispanic,0.5492957746478874,race,2796
Other Race - Including Multi-Racial,0.3968253968253968,race,2796
Above 4x poverty line,0.35374149659863946,income,2796
Below poverty line,0.5542857142857143,income,2796
Middle (2-4x),0.48223350253807107,income,2796
Near poverty (1-2x),0.5714285714285714,income,2796
Mexican American,0.47,race,2797
Non-Hispanic Asian,0.43209876543209874,race,2797
Non-Hispanic Black,0.5697674418604651,race,2797
Non-Hispanic White,0.5102040816326531,race,2797
Other Hispanic,0.5211267605633803,race,2797
Other Race - Including Multi-Racial,0.5873015873015873,race,2797
Above 4x poverty line,0.2708333333333333,income,2797
Below poverty line,0.5899705014749262,income,2797
Middle (2-4x),0.5241730279898219,income,2797
Near poverty (1-2x),0.5331695331695332,income,2797
Mexican American,0.455,race,2798
Non-Hispanic Asian,0.2839506172839506,race,2798
Non-Hispanic Black,0.5658914728682171,race,2798
Non-Hispanic White,0.5473098330241187,race,2798
Other Hispanic,0.49295774647887325,race,2798
Other Race - Including Multi-Racial,0.4603174603174603,race,2798
Above 4x poverty line,0.33766233766233766,income,2798
Below poverty line,0.6179104477611941,income,2798
Middle (2-4x),0.4486873508353222,income,2798
Near poverty (1-2x),0.552,income,2798
Mexican American,0.48,race,2799
Non-Hispanic Asian,0.32098765432098764,race,2799
Non-Hispanic Black,0.5891472868217055,race,2799
Non-Hispanic White,0.5547309833024119,race,2799
Other Hispanic,0.5211267605633803,race,2799
Other Race - Including Multi-Racial,0.5079365079365079,race,2799
Above 4x poverty line,0.31756756756756754,income,2799
Below poverty line,0.6267409470752089,income,2799
Middle (2-4x),0.48284313725490197,income,2799
Near poverty (1-2x),0.5706521739130435,income,2799
Mexican American,0.445,race,2800
Non-Hispanic Asian,0.4567901234567901,race,2800
Non-Hispanic Black,0.5348837209302325,race,2800
Non-Hispanic White,0.549165120593692,race,2800
Other Hispanic,0.5563380281690141,race,2800
Other Race - Including Multi-Racial,0.6190476190476191,race,2800
Above 4x poverty line,0.3670886075949367,income,2800
Below poverty line,0.6122448979591837,income,2800
Middle (2-4x),0.4489795918367347,income,2800
Near poverty (1-2x),0.6,income,2800
Mexican American,0.46,race,2801
Non-Hispanic Asian,0.32098765432098764,race,2801
Non-Hispanic Black,0.5465116279069767,race,2801
Non-Hispanic White,0.575139146567718,race,2801
Other Hispanic,0.5563380281690141,race,2801
Other Race - Including Multi-Racial,0.5714285714285714,race,2801
Above 4x poverty line,0.3836477987421384,income,2801
Below poverty line,0.6029411764705882,income,2801
Middle (2-4x),0.504,income,2801
Near poverty (1-2x),0.5599022004889975,income,2801
Mexican American,0.425,race,2802
Non-Hispanic Asian,0.32098765432098764,race,2802
Non-Hispanic Black,0.4844961240310077,race,2802
Non-Hispanic White,0.5269016697588126,race,2802
Other Hispanic,0.45774647887323944,race,2802
Other Race - Including Multi-Racial,0.5238095238095238,race,2802
Above 4x poverty line,0.31333333333333335,income,2802
Below poverty line,0.5243243243243243,income,2802
Middle (2-4x),0.43703703703703706,income,2802
Near poverty (1-2x),0.5586592178770949,income,2802
Mexican American,0.4,race,2803
Non-Hispanic Asian,0.32098765432098764,race,2803
Non-Hispanic Black,0.6007751937984496,race,2803
Non-Hispanic White,0.5695732838589982,race,2803
Other Hispanic,0.6056338028169014,race,2803
Other Race - Including Multi-Racial,0.49206349206349204,race,2803
Above 4x poverty line,0.3630573248407643,income,2803
Below poverty line,0.6070381231671554,income,2803
Middle (2-4x),0.5202020202020202,income,2803
Near poverty (1-2x),0.5526992287917738,income,2803
Mexican American,0.46,race,2804
Non-Hispanic Asian,0.37037037037037035,race,2804
Non-Hispanic Black,0.5658914728682171,race,2804
Non-Hispanic White,0.5640074211502782,race,2804
Other Hispanic,0.5070422535211268,race,2804
Other Race - Including Multi-Racial,0.5873015873015873,race,2804
Above 4x poverty line,0.4049079754601227,income,2804
Below poverty line,0.6270096463022508,income,2804
Middle (2-4x),0.48621553884711777,income,2804
Near poverty (1-2x),0.551219512195122,income,2804
Mexican American,0.435,race,2805
Non-Hispanic Asian,0.3333333333333333,race,2805
Non-Hispanic Black,0.5155038759689923,race,2805
Non-Hispanic White,0.5287569573283859,race,2805
Other Hispanic,0.5422535211267606,race,2805
Other Race - Including Multi-Racial,0.49206349206349204,race,2805
Above 4x poverty line,0.30434782608695654,income,2805
Below poverty line,0.5789473684210527,income,2805
Middle (2-4x),0.44902912621359226,income,2805
Near poverty (1-2x),0.5498721227621484,income,2805
Mexican American,0.465,race,2806
Non-Hispanic Asian,0.35802469135802467,race,2806
Non-Hispanic Black,0.5658914728682171,race,2806
Non-Hispanic White,0.5602968460111317,race,2806
Other Hispanic,0.5774647887323944,race,2806
Other Race - Including Multi-Racial,0.5555555555555556,race,2806
Above 4x poverty line,0.36551724137931035,income,2806
Below poverty line,0.5710306406685237,income,2806
Middle (2-4x),0.5012722646310432,income,2806
Near poverty (1-2x),0.6010362694300518,income,2806
Mexican American,0.42,race,2807
Non-Hispanic Asian,0.30864197530864196,race,2807
Non-Hispanic Black,0.6124031007751938,race,2807
Non-Hispanic White,0.5695732838589982,race,2807
Other Hispanic,0.4788732394366197,race,2807
Other Race - Including Multi-Racial,0.47619047619047616,race,2807
Above 4x poverty line,0.36428571428571427,income,2807
Below poverty line,0.5774647887323944,income,2807
Middle (2-4x),0.486284289276808,income,2807
Near poverty (1-2x),0.5710594315245479,income,2807
Mexican American,0.45,race,2808
Non-Hispanic Asian,0.32098765432098764,race,2808
Non-Hispanic Black,0.5581395348837209,race,2808
Non-Hispanic White,0.5732838589981447,race,2808
Other Hispanic,0.5211267605633803,race,2808
Other Race - Including Multi-Racial,0.5396825396825397,race,2808
Above 4x poverty line,0.3333333333333333,income,2808
Below poverty line,0.5977011494252874,income,2808
Middle (2-4x),0.48825065274151436,income,2808
Near poverty (1-2x),0.5700483091787439,income,2808
Mexican American,0.46,race,2809
Non-Hispanic Asian,0.2716049382716049,race,2809
Non-Hispanic Black,0.5348837209302325,race,2809
Non-Hispanic White,0.5380333951762524,race,2809
Other Hispanic,0.5352112676056338,race,2809
Other Race - Including Multi-Racial,0.5079365079365079,race,2809
Above 4x poverty line,0.3741935483870968,income,2809
Below poverty line,0.5766871165644172,income,2809
Middle (2-4x),0.468586387434555,income,2809
Near poverty (1-2x),0.5357142857142857,income,2809
Mexican American,0.485,race,2810
Non-Hispanic Asian,0.30864197530864196,race,2810
Non-Hispanic Black,0.6085271317829457,race,2810
Non-Hispanic White,0.5584415584415584,race,2810
Other Hispanic,0.5563380281690141,race,2810
Other Race - Including Multi-Racial,0.5714285714285714,race,2810
Above 4x poverty line,0.35714285714285715,income,2810
Below poverty line,0.6080246913580247,income,2810
Middle (2-4x),0.5238095238095238,income,2810
Near poverty (1-2x),0.5763546798029556,income,2810
Mexican American,0.465,race,2811
Non-Hispanic Asian,0.37037037037037035,race,2811
Non-Hispanic Black,0.5658914728682171,race,2811
Non-Hispanic White,0.5658627087198516,race,2811
Other Hispanic,0.5704225352112676,race,2811
Other Race - Including Multi-Racial,0.5079365079365079,race,2811
Above 4x poverty line,0.39285714285714285,income,2811
Below poverty line,0.6193181818181818,income,2811
Middle (2-4x),0.4782608695652174,income,2811
Near poverty (1-2x),0.5729442970822282,income,2811
Mexican American,0.435,race,2812
Non-Hispanic Asian,0.38271604938271603,race,2812
Non-Hispanic Black,0.5542635658914729,race,2812
Non-Hispanic White,0.4842300556586271,race,2812
Other Hispanic,0.5492957746478874,race,2812
Other Race - Including Multi-Racial,0.4444444444444444,race,2812
Above 4x poverty line,0.3058823529411765,income,2812
Below poverty line,0.5497076023391813,income,2812
Middle (2-4x),0.4634760705289673,income,2812
Near poverty (1-2x),0.5454545454545454,income,2812
Mexican American,0.45,race,2813
Non-Hispanic Asian,0.3333333333333333,race,2813
Non-Hispanic Black,0.5503875968992248,race,2813
Non-Hispanic White,0.5454545454545454,race,2813
Other Hispanic,0.5211267605633803,race,2813
Other Race - Including Multi-Racial,0.47619047619047616,race,2813
Above 4x poverty line,0.30246913580246915,income,2813
Below poverty line,0.5982905982905983,income,2813
Middle (2-4x),0.46194225721784776,income,2813
Near poverty (1-2x),0.570694087403599,income,2813
Mexican American,0.435,race,2814
Non-Hispanic Asian,0.30864197530864196,race,2814
Non-Hispanic Black,0.5581395348837209,race,2814
Non-Hispanic White,0.5287569573283859,race,2814
Other Hispanic,0.528169014084507,race,2814
Other Race - Including Multi-Racial,0.5714285714285714,race,2814
Above 4x poverty line,0.3103448275862069,income,2814
Below poverty line,0.5722070844686649,income,2814
Middle (2-4x),0.47883597883597884,income,2814
Near poverty (1-2x),0.549618320610687,income,2814
Mexican American,0.51,race,2815
Non-Hispanic Asian,0.37037037037037035,race,2815
Non-Hispanic Black,0.5387596899224806,race,2815
Non-Hispanic White,0.5269016697588126,race,2815
Other Hispanic,0.528169014084507,race,2815
Other Race - Including Multi-Racial,0.49206349206349204,race,2815
Above 4x poverty line,0.2839506172839506,income,2815
Below poverty line,0.611731843575419,income,2815
Middle (2-4x),0.4789473684210526,income,2815
Near poverty (1-2x),0.5587467362924282,income,2815
Mexican American,0.445,race,2816
Non-Hispanic Asian,0.32098765432098764,race,2816
Non-Hispanic Black,0.5193798449612403,race,2816
Non-Hispanic White,0.588126159554731,race,2816
Other Hispanic,0.4295774647887324,race,2816
Other Race - Including Multi-Racial,0.5238095238095238,race,2816
Above 4x poverty line,0.3411764705882353,income,2816
Below poverty line,0.5953757225433526,income,2816
Middle (2-4x),0.4699738903394256,income,2816
Near poverty (1-2x),0.5625,income,2816
Mexican American,0.45,race,2817
Non-Hispanic Asian,0.2962962962962963,race,2817
Non-Hispanic Black,0.5503875968992248,race,2817
Non-Hispanic White,0.5287569573283859,race,2817
Other Hispanic,0.5492957746478874,race,2817
Other Race - Including Multi-Racial,0.49206349206349204,race,2817
Above 4x poverty line,0.36809815950920244,income,2817
Below poverty line,0.5811965811965812,income,2817
Middle (2-4x),0.4849246231155779,income,2817
Near poverty (1-2x),0.5202156334231806,income,2817
Mexican American,0.435,race,2818
Non-Hispanic Asian,0.3950617283950617,race,2818
Non-Hispanic Black,0.5271317829457365,race,2818
Non-Hispanic White,0.5306122448979592,race,2818
Other Hispanic,0.4788732394366197,race,2818
Other Race - Including Multi-Racial,0.5714285714285714,race,2818
Above 4x poverty line,0.3037974683544304,income,2818
Below poverty line,0.6083333333333333,income,2818
Middle (2-4x),0.4517766497461929,income,2818
Near poverty (1-2x),0.5390835579514824,income,2818
Mexican American,0.465,race,2819
Non-Hispanic Asian,0.35802469135802467,race,2819
Non-Hispanic Black,0.5891472868217055,race,2819
Non-Hispanic White,0.5083487940630798,race,2819
Other Hispanic,0.5,race,2819
Other Race - Including Multi-Racial,0.5238095238095238,race,2819
Above 4x poverty line,0.3443708609271523,income,2819
Below poverty line,0.5880758807588076,income,2819
Middle (2-4x),0.4365482233502538,income,2819
Near poverty (1-2x),0.5718157181571816,income,2819
Mexican American,0.425,race,2820
Non-Hispanic Asian,0.35802469135802467,race,2820
Non-Hispanic Black,0.5581395348837209,race,2820
Non-Hispanic White,0.5380333951762524,race,2820
Other Hispanic,0.5211267605633803,race,2820
Other Race - Including Multi-Racial,0.5238095238095238,race,2820
Above 4x poverty line,0.35333333333333333,income,2820
Below poverty line,0.5702479338842975,income,2820
Middle (2-4x),0.4567901234567901,income,2820
Near poverty (1-2x),0.5753424657534246,income,2820
Mexican American,0.42,race,2821
Non-Hispanic Asian,0.345679012345679,race,2821
Non-Hispanic Black,0.5658914728682171,race,2821
Non-Hispanic White,0.5602968460111317,race,2821
Other Hispanic,0.49295774647887325,race,2821
Other Race - Including Multi-Racial,0.5714285714285714,race,2821
Above 4x poverty line,0.31724137931034485,income,2821
Below poverty line,0.5905292479108635,income,2821
Middle (2-4x),0.48148148148148145,income,2821
Near poverty (1-2x),0.56951871657754,income,2821
Mexican American,0.47,race,2822
Non-Hispanic Asian,0.38271604938271603,race,2822
Non-Hispanic Black,0.5155038759689923,race,2822
Non-Hispanic White,0.5417439703153989,race,2822
Other Hispanic,0.5211267605633803,race,2822
Other Race - Including Multi-Racial,0.5238095238095238,race,2822
Above 4x poverty line,0.3090909090909091,income,2822
Below poverty line,0.5791044776119403,income,2822
Middle (2-4x),0.46943765281173594,income,2822
Near poverty (1-2x),0.5882352941176471,income,2822
Mexican American,0.45,race,2823
Non-Hispanic Asian,0.3333333333333333,race,2823
Non-Hispanic Black,0.5581395348837209,race,2823
Non-Hispanic White,0.5306122448979592,race,2823
Other Hispanic,0.5492957746478874,race,2823
Other Race - Including Multi-Racial,0.49206349206349204,race,2823
Above 4x poverty line,0.36075949367088606,income,2823
Below poverty line,0.5633802816901409,income,2823
Middle (2-4x),0.4792746113989637,income,2823
Near poverty (1-2x),0.5572916666666666,income,2823
Mexican American,0.415,race,2824
Non-Hispanic Asian,0.37037037037037035,race,2824
Non-Hispanic Black,0.5193798449612403,race,2824
Non-Hispanic White,0.5695732838589982,race,2824
Other Hispanic,0.5422535211267606,race,2824
Other Race - Including Multi-Racial,0.49206349206349204,race,2824
Above 4x poverty line,0.3850574712643678,income,2824
Below poverty line,0.5584415584415584,income,2824
Middle (2-4x),0.48031496062992124,income,2824
Near poverty (1-2x),0.5714285714285714,income,2824
Mexican American,0.425,race,2825
Non-Hispanic Asian,0.2962962962962963,race,2825
Non-Hispanic Black,0.5813953488372093,race,2825
Non-Hispanic White,0.5677179962894249,race,2825
Other Hispanic,0.5492957746478874,race,2825
Other Race - Including Multi-Racial,0.49206349206349204,race,2825
Above 4x poverty line,0.3924050632911392,income,2825
Below poverty line,0.5929919137466307,income,2825
Middle (2-4x),0.48293963254593175,income,2825
Near poverty (1-2x),0.5576407506702413,income,2825
Mexican American,0.455,race,2826
Non-Hispanic Asian,0.38271604938271603,race,2826
Non-Hispanic Black,0.5077519379844961,race,2826
Non-Hispanic White,0.5547309833024119,race,2826
Other Hispanic,0.528169014084507,race,2826
Other Race - Including Multi-Racial,0.5714285714285714,race,2826
Above 4x poverty line,0.3160919540229885,income,2826
Below poverty line,0.5783475783475783,income,2826
Middle (2-4x),0.5154639175257731,income,2826
Near poverty (1-2x),0.5540540540540541,income,2826
Mexican American,0.47,race,2827
Non-Hispanic Asian,0.3333333333333333,race,2827
Non-Hispanic Black,0.5271317829457365,race,2827
Non-Hispanic White,0.5343228200371057,race,2827
Other Hispanic,0.5704225352112676,race,2827
Other Race - Including Multi-Racial,0.5079365079365079,race,2827
Above 4x poverty line,0.40875912408759124,income,2827
Below poverty line,0.5634218289085545,income,2827
Middle (2-4x),0.4852941176470588,income,2827
Near poverty (1-2x),0.5338345864661654,income,2827
Mexican American,0.465,race,2828
Non-Hispanic Asian,0.41975308641975306,race,2828
Non-Hispanic Black,0.5891472868217055,race,2828
Non-Hispanic White,0.5102040816326531,race,2828
Other Hispanic,0.5352112676056338,race,2828
Other Race - Including Multi-Racial,0.5396825396825397,race,2828
Above 4x poverty line,0.35802469135802467,income,2828
Below poverty line,0.5916666666666667,income,2828
Middle (2-4x),0.5013262599469496,income,2828
Near poverty (1-2x),0.53125,income,2828
Mexican American,0.475,race,2829
Non-Hispanic Asian,0.24691358024691357,race,2829
Non-Hispanic Black,0.5542635658914729,race,2829
Non-Hispanic White,0.549165120593692,race,2829
Other Hispanic,0.45774647887323944,race,2829
Other Race - Including Multi-Racial,0.38095238095238093,race,2829
Above 4x poverty line,0.27564102564102566,income,2829
Below poverty line,0.5619596541786743,income,2829
Middle (2-4x),0.46835443037974683,income,2829
Near poverty (1-2x),0.5714285714285714,income,2829
Mexican American,0.425,race,2830
Non-Hispanic Asian,0.32098765432098764,race,2830
Non-Hispanic Black,0.5155038759689923,race,2830
Non-Hispanic White,0.5565862708719852,race,2830
Other Hispanic,0.5845070422535211,race,2830
Other Race - Including Multi-Racial,0.5873015873015873,race,2830
Above 4x poverty line,0.3684210526315789,income,2830
Below poverty line,0.6235294117647059,income,2830
Middle (2-4x),0.455,income,2830
Near poverty (1-2x),0.5473145780051151,income,2830
Mexican American,0.41,race,2831
Non-Hispanic Asian,0.2716049382716049,race,2831
Non-Hispanic Black,0.5503875968992248,race,2831
Non-Hispanic White,0.5380333951762524,race,2831
Other Hispanic,0.5704225352112676,race,2831
Other Race - Including Multi-Racial,0.5238095238095238,race,2831
Above 4x poverty line,0.3767123287671233,income,2831
Below poverty line,0.6112759643916914,income,2831
Middle (2-4x),0.44358974358974357,income,2831
Near poverty (1-2x),0.526829268292683,income,2831
Mexican American,0.49,race,2832
Non-Hispanic Asian,0.2839506172839506,race,2832
Non-Hispanic Black,0.5232558139534884,race,2832
Non-Hispanic White,0.5398886827458256,race,2832
Other Hispanic,0.5422535211267606,race,2832
Other Race - Including Multi-Racial,0.5396825396825397,race,2832
Above 4x poverty line,0.3314285714285714,income,2832
Below poverty line,0.5948275862068966,income,2832
Middle (2-4x),0.4740740740740741,income,2832
Near poverty (1-2x),0.5661971830985916,income,2832
Mexican American,0.455,race,2833
Non-Hispanic Asian,0.3950617283950617,race,2833
Non-Hispanic Black,0.5503875968992248,race,2833
Non-Hispanic White,0.5807050092764379,race,2833
Other Hispanic,0.5492957746478874,race,2833
Other Race - Including Multi-Racial,0.6190476190476191,race,2833
Above 4x poverty line,0.3057324840764331,income,2833
Below poverty line,0.6411764705882353,income,2833
Middle (2-4x),0.5049751243781094,income,2833
Near poverty (1-2x),0.5885416666666666,income,2833
Mexican American,0.475,race,2834
Non-Hispanic Asian,0.345679012345679,race,2834
Non-Hispanic Black,0.5077519379844961,race,2834
Non-Hispanic White,0.5658627087198516,race,2834
Other Hispanic,0.5845070422535211,race,2834
Other Race - Including Multi-Racial,0.4444444444444444,race,2834
Above 4x poverty line,0.3333333333333333,income,2834
Below poverty line,0.6235294117647059,income,2834
Middle (2-4x),0.4735576923076923,income,2834
Near poverty (1-2x),0.579250720461095,income,2834
Mexican American,0.455,race,2835
Non-Hispanic Asian,0.35802469135802467,race,2835
Non-Hispanic Black,0.6007751937984496,race,2835
Non-Hispanic White,0.5194805194805194,race,2835
Other Hispanic,0.5211267605633803,race,2835
Other Race - Including Multi-Racial,0.5555555555555556,race,2835
Above 4x poverty line,0.32075471698113206,income,2835
Below poverty line,0.6056338028169014,income,2835
Middle (2-4x),0.4793187347931874,income,2835
Near poverty (1-2x),0.5614525139664804,income,2835
Mexican American,0.425,race,2836
Non-Hispanic Asian,0.2962962962962963,race,2836
Non-Hispanic Black,0.5232558139534884,race,2836
Non-Hispanic White,0.5324675324675324,race,2836
Other Hispanic,0.5422535211267606,race,2836
Other Race - Including Multi-Racial,0.5238095238095238,race,2836
Above 4x poverty line,0.38461538461538464,income,2836
Below poverty line,0.5697674418604651,income,2836
Middle (2-4x),0.48157894736842105,income,2836
Near poverty (1-2x),0.5012406947890818,income,2836
Mexican American,0.46,race,2837
Non-Hispanic Asian,0.345679012345679,race,2837
Non-Hispanic Black,0.5581395348837209,race,2837
Non-Hispanic White,0.5510204081632653,race,2837
Other Hispanic,0.49295774647887325,race,2837
Other Race - Including Multi-Racial,0.49206349206349204,race,2837
Above 4x poverty line,0.34558823529411764,income,2837
Below poverty line,0.5885714285714285,income,2837
Middle (2-4x),0.5,income,2837
Near poverty (1-2x),0.5257985257985258,income,2837
Mexican American,0.425,race,2838
Non-Hispanic Asian,0.30864197530864196,race,2838
Non-Hispanic Black,0.5503875968992248,race,2838
Non-Hispanic White,0.5269016697588126,race,2838
Other Hispanic,0.5352112676056338,race,2838
Other Race - Including Multi-Racial,0.6349206349206349,race,2838
Above 4x poverty line,0.3333333333333333,income,2838
Below poverty line,0.6236263736263736,income,2838
Middle (2-4x),0.4628712871287129,income,2838
Near poverty (1-2x),0.5165745856353591,income,2838
Mexican American,0.455,race,2839
Non-Hispanic Asian,0.41975308641975306,race,2839
Non-Hispanic Black,0.5736434108527132,race,2839
Non-Hispanic White,0.5064935064935064,race,2839
Other Hispanic,0.5563380281690141,race,2839
Other Race - Including Multi-Racial,0.47619047619047616,race,2839
Above 4x poverty line,0.3448275862068966,income,2839
Below poverty line,0.5798319327731093,income,2839
Middle (2-4x),0.5,income,2839
Near poverty (1-2x),0.5333333333333333,income,2839
Mexican American,0.445,race,2840
Non-Hispanic Asian,0.4074074074074074,race,2840
Non-Hispanic Black,0.5503875968992248,race,2840
Non-Hispanic White,0.5528756957328386,race,2840
Other Hispanic,0.6126760563380281,race,2840
Other Race - Including Multi-Racial,0.6190476190476191,race,2840
Above 4x poverty line,0.2866666666666667,income,2840
Below poverty line,0.6167664670658682,income,2840
Middle (2-4x),0.513715710723192,income,2840
Near poverty (1-2x),0.585427135678392,income,2840
Mexican American,0.47,race,2841
Non-Hispanic Asian,0.4567901234567901,race,2841
Non-Hispanic Black,0.5736434108527132,race,2841
Non-Hispanic White,0.5528756957328386,race,2841
Other Hispanic,0.528169014084507,race,2841
Other Race - Including Multi-Racial,0.5396825396825397,race,2841
Above 4x poverty line,0.4036144578313253,income,2841
Below poverty line,0.5896739130434783,income,2841
Middle (2-4x),0.4909560723514212,income,2841
Near poverty (1-2x),0.585635359116022,income,2841
Mexican American,0.515,race,2842
Non-Hispanic Asian,0.38271604938271603,race,2842
Non-Hispanic Black,0.5658914728682171,race,2842
Non-Hispanic White,0.5640074211502782,race,2842
Other Hispanic,0.5422535211267606,race,2842
Other Race - Including Multi-Racial,0.5714285714285714,race,2842
Above 4x poverty line,0.3353658536585366,income,2842
Below poverty line,0.6080691642651297,income,2842
Middle (2-4x),0.48429319371727747,income,2842
Near poverty (1-2x),0.6307692307692307,income,2842
Mexican American,0.475,race,2843
Non-Hispanic Asian,0.37037037037037035,race,2843
Non-Hispanic Black,0.5155038759689923,race,2843
Non-Hispanic White,0.5380333951762524,race,2843
Other Hispanic,0.49295774647887325,race,2843
Other Race - Including Multi-Racial,0.47619047619047616,race,2843
Above 4x poverty line,0.2875816993464052,income,2843
Below poverty line,0.5830903790087464,income,2843
Middle (2-4x),0.4752475247524752,income,2843
Near poverty (1-2x),0.5535248041775457,income,2843
Mexican American,0.5,race,2844
Non-Hispanic Asian,0.2839506172839506,race,2844
Non-Hispanic Black,0.5658914728682171,race,2844
Non-Hispanic White,0.5083487940630798,race,2844
Other Hispanic,0.4859154929577465,race,2844
Other Race - Including Multi-Racial,0.5079365079365079,race,2844
Above 4x poverty line,0.33532934131736525,income,2844
Below poverty line,0.5761772853185596,income,2844
Middle (2-4x),0.44473684210526315,income,2844
Near poverty (1-2x),0.5626666666666666,income,2844
Mexican American,0.415,race,2845
Non-Hispanic Asian,0.3333333333333333,race,2845
Non-Hispanic Black,0.5077519379844961,race,2845
Non-Hispanic White,0.5343228200371057,race,2845
Other Hispanic,0.5140845070422535,race,2845
Other Race - Including Multi-Racial,0.5873015873015873,race,2845
Above 4x poverty line,0.33986928104575165,income,2845
Below poverty line,0.601123595505618,income,2845
Middle (2-4x),0.43410852713178294,income,2845
Near poverty (1-2x),0.5297157622739018,income,2845
Mexican American,0.45,race,2846
Non-Hispanic Asian,0.2716049382716049,race,2846
Non-Hispanic Black,0.5542635658914729,race,2846
Non-Hispanic White,0.5528756957328386,race,2846
Other Hispanic,0.5774647887323944,race,2846
Other Race - Including Multi-Racial,0.6031746031746031,race,2846
Above 4x poverty line,0.36942675159235666,income,2846
Below poverty line,0.6195965417867435,income,2846
Middle (2-4x),0.4792176039119804,income,2846
Near poverty (1-2x),0.5513513513513514,income,2846
Mexican American,0.435,race,2847
Non-Hispanic Asian,0.37037037037037035,race,2847
Non-Hispanic Black,0.5968992248062015,race,2847
Non-Hispanic White,0.5732838589981447,race,2847
Other Hispanic,0.5140845070422535,race,2847
Other Race - Including Multi-Racial,0.49206349206349204,race,2847
Above 4x poverty line,0.3375796178343949,income,2847
Below poverty line,0.5932203389830508,income,2847
Middle (2-4x),0.49271844660194175,income,2847
Near poverty (1-2x),0.6055555555555555,income,2847
Mexican American,0.47,race,2848
Non-Hispanic Asian,0.35802469135802467,race,2848
Non-Hispanic Black,0.5503875968992248,race,2848
Non-Hispanic White,0.5695732838589982,race,2848
Other Hispanic,0.5352112676056338,race,2848
Other Race - Including Multi-Racial,0.6507936507936508,race,2848
Above 4x poverty line,0.28654970760233917,income,2848
Below poverty line,0.6706231454005934,income,2848
Middle (2-4x),0.4949238578680203,income,2848
Near poverty (1-2x),0.5748031496062992,income,2848
Mexican American,0.43,race,2849
Non-Hispanic Asian,0.30864197530864196,race,2849
Non-Hispanic Black,0.5465116279069767,race,2849
Non-Hispanic White,0.549165120593692,race,2849
Other Hispanic,0.5,race,2849
Other Race - Including Multi-Racial,0.5555555555555556,race,2849
Above 4x poverty line,0.3248407643312102,income,2849
Below poverty line,0.5603715170278638,income,2849
Middle (2-4x),0.4798994974874372,income,2849
Near poverty (1-2x),0.5703703703703704,income,2849
Mexican American,0.485,race,2850
Non-Hispanic Asian,0.35802469135802467,race,2850
Non-Hispanic Black,0.5426356589147286,race,2850
Non-Hispanic White,0.5343228200371057,race,2850
Other Hispanic,0.5070422535211268,race,2850
Other Race - Including Multi-Racial,0.5396825396825397,race,2850
Above 4x poverty line,0.35428571428571426,income,2850
Below poverty line,0.6071428571428571,income,2850
Middle (2-4x),0.5,income,2850
Near poverty (1-2x),0.5202020202020202,income,2850
Mexican American,0.435,race,2851
Non-Hispanic Asian,0.30864197530864196,race,2851
Non-Hispanic Black,0.5581395348837209,race,2851
Non-Hispanic White,0.5435992578849722,race,2851
Other Hispanic,0.47183098591549294,race,2851
Other Race - Including Multi-Racial,0.4444444444444444,race,2851
Above 4x poverty line,0.39156626506024095,income,2851
Below poverty line,0.6049382716049383,income,2851
Middle (2-4x),0.4600484261501211,income,2851
Near poverty (1-2x),0.5078947368421053,income,2851
Mexican American,0.495,race,2852
Non-Hispanic Asian,0.2716049382716049,race,2852
Non-Hispanic Black,0.47674418604651164,race,2852
Non-Hispanic White,0.536178107606679,race,2852
Other Hispanic,0.5,race,2852
Other Race - Including Multi-Racial,0.5555555555555556,race,2852
Above 4x poverty line,0.3,income,2852
Below poverty line,0.5982905982905983,income,2852
Middle (2-4x),0.44329896907216493,income,2852
Near poverty (1-2x),0.5380710659898477,income,2852
Mexican American,0.475,race,2853
Non-Hispanic Asian,0.37037037037037035,race,2853
Non-Hispanic Black,0.562015503875969,race,2853
Non-Hispanic White,0.5807050092764379,race,2853
Other Hispanic,0.6338028169014085,race,2853
Other Race - Including Multi-Racial,0.6349206349206349,race,2853
Above 4x poverty line,0.3719512195121951,income,2853
Below poverty line,0.6233062330623306,income,2853
Middle (2-4x),0.5148247978436657,income,2853
Near poverty (1-2x),0.6094986807387863,income,2853
Mexican American,0.46,race,2854
Non-Hispanic Asian,0.32098765432098764,race,2854
Non-Hispanic Black,0.6124031007751938,race,2854
Non-Hispanic White,0.5139146567717996,race,2854
Other Hispanic,0.5352112676056338,race,2854
Other Race - Including Multi-Racial,0.5079365079365079,race,2854
Above 4x poverty line,0.2976190476190476,income,2854
Below poverty line,0.6086956521739131,income,2854
Middle (2-4x),0.5,income,2854
Near poverty (1-2x),0.5382436260623229,income,2854
Mexican American,0.41,race,2855
Non-Hispanic Asian,0.3333333333333333,race,2855
Non-Hispanic Black,0.5232558139534884,race,2855
Non-Hispanic White,0.536178107606679,race,2855
Other Hispanic,0.5140845070422535,race,2855
Other Race - Including Multi-Racial,0.5079365079365079,race,2855
Above 4x poverty line,0.3132530120481928,income,2855
Below poverty line,0.6097560975609756,income,2855
Middle (2-4x),0.43609022556390975,income,2855
Near poverty (1-2x),0.5435897435897435,income,2855
Mexican American,0.465,race,2856
Non-Hispanic Asian,0.2962962962962963,race,2856
Non-Hispanic Black,0.5697674418604651,race,2856
Non-Hispanic White,0.5528756957328386,race,2856
Other Hispanic,0.6126760563380281,race,2856
Other Race - Including Multi-Racial,0.6031746031746031,race,2856
Above 4x poverty line,0.36538461538461536,income,2856
Below poverty line,0.632768361581921,income,2856
Middle (2-4x),0.48860759493670886,income,2856
Near poverty (1-2x),0.5634920634920635,income,2856
Mexican American,0.455,race,2857
Non-Hispanic Asian,0.345679012345679,race,2857
Non-Hispanic Black,0.5697674418604651,race,2857
Non-Hispanic White,0.5584415584415584,race,2857
Other Hispanic,0.5915492957746479,race,2857
Other Race - Including Multi-Racial,0.6666666666666666,race,2857
Above 4x poverty line,0.34415584415584416,income,2857
Below poverty line,0.6567567567567567,income,2857
Middle (2-4x),0.4729064039408867,income,2857
Near poverty (1-2x),0.5807365439093485,income,2857
Mexican American,0.45,race,2858
Non-Hispanic Asian,0.37037037037037035,race,2858
Non-Hispanic Black,0.5503875968992248,race,2858
Non-Hispanic White,0.5435992578849722,race,2858
Other Hispanic,0.4788732394366197,race,2858
Other Race - Including Multi-Racial,0.5238095238095238,race,2858
Above 4x poverty line,0.25149700598802394,income,2858
Below poverty line,0.5868945868945868,income,2858
Middle (2-4x),0.4801980198019802,income,2858
Near poverty (1-2x),0.592797783933518,income,2858
Mexican American,0.475,race,2859
Non-Hispanic Asian,0.345679012345679,race,2859
Non-Hispanic Black,0.6085271317829457,race,2859
Non-Hispanic White,0.549165120593692,race,2859
Other Hispanic,0.5704225352112676,race,2859
Other Race - Including Multi-Racial,0.49206349206349204,race,2859
Above 4x poverty line,0.32903225806451614,income,2859
Below poverty line,0.6292134831460674,income,2859
Middle (2-4x),0.5,income,2859
Near poverty (1-2x),0.5685279187817259,income,2859
Mexican American,0.43,race,2860
Non-Hispanic Asian,0.37037037037037035,race,2860
Non-Hispanic Black,0.5,race,2860
Non-Hispanic White,0.5473098330241187,race,2860
Other Hispanic,0.5422535211267606,race,2860
Other Race - Including Multi-Racial,0.6190476190476191,race,2860
Above 4x poverty line,0.3380281690140845,income,2860
Below poverty line,0.6084507042253521,income,2860
Middle (2-4x),0.46174142480211083,income,2860
Near poverty (1-2x),0.5331695331695332,income,2860
Mexican American,0.495,race,2861
Non-Hispanic Asian,0.2716049382716049,race,2861
Non-Hispanic Black,0.5,race,2861
Non-Hispanic White,0.5157699443413729,race,2861
Other Hispanic,0.5070422535211268,race,2861
Other Race - Including Multi-Racial,0.5079365079365079,race,2861
Above 4x poverty line,0.35555555555555557,income,2861
Below poverty line,0.5737704918032787,income,2861
Middle (2-4x),0.42592592592592593,income,2861
Near poverty (1-2x),0.5487465181058496,income,2861
Mexican American,0.47,race,2862
Non-Hispanic Asian,0.41975308641975306,race,2862
Non-Hispanic Black,0.5310077519379846,race,2862
Non-Hispanic White,0.5807050092764379,race,2862
Other Hispanic,0.5492957746478874,race,2862
Other Race - Including Multi-Racial,0.49206349206349204,race,2862
Above 4x poverty line,0.3959731543624161,income,2862
Below poverty line,0.6061452513966481,income,2862
Middle (2-4x),0.5116279069767442,income,2862
Near poverty (1-2x),0.5475578406169666,income,2862
Mexican American,0.425,race,2863
Non-Hispanic Asian,0.37037037037037035,race,2863
Non-Hispanic Black,0.5697674418604651,race,2863
Non-Hispanic White,0.5565862708719852,race,2863
Other Hispanic,0.45774647887323944,race,2863
Other Race - Including Multi-Racial,0.5238095238095238,race,2863
Above 4x poverty line,0.38823529411764707,income,2863
Below poverty line,0.5915915915915916,income,2863
Middle (2-4x),0.455,income,2863
Near poverty (1-2x),0.5657894736842105,income,2863
Mexican American,0.5,race,2864
Non-Hispanic Asian,0.35802469135802467,race,2864
Non-Hispanic Black,0.562015503875969,race,2864
Non-Hispanic White,0.5695732838589982,race,2864
Other Hispanic,0.5070422535211268,race,2864
Other Race - Including Multi-Racial,0.6031746031746031,race,2864
Above 4x poverty line,0.325,income,2864
Below poverty line,0.636094674556213,income,2864
Middle (2-4x),0.5064935064935064,income,2864
Near poverty (1-2x),0.5725,income,2864
Mexican American,0.46,race,2865
Non-Hispanic Asian,0.2839506172839506,race,2865
Non-Hispanic Black,0.5775193798449613,race,2865
Non-Hispanic White,0.5398886827458256,race,2865
Other Hispanic,0.5211267605633803,race,2865
Other Race - Including Multi-Racial,0.5396825396825397,race,2865
Above 4x poverty line,0.29850746268656714,income,2865
Below poverty line,0.5683060109289617,income,2865
Middle (2-4x),0.4654255319148936,income,2865
Near poverty (1-2x),0.5896805896805897,income,2865
Mexican American,0.42,race,2866
Non-Hispanic Asian,0.37037037037037035,race,2866
Non-Hispanic Black,0.6162790697674418,race,2866
Non-Hispanic White,0.5231910946196661,race,2866
Other Hispanic,0.5774647887323944,race,2866
Other Race - Including Multi-Racial,0.6349206349206349,race,2866
Above 4x poverty line,0.34415584415584416,income,2866
Below poverty line,0.63005780346820806,income,2866
Middle (2-4x),0.4665012406947891,income,2866
Near poverty (1-2x),0.5736842105263158,income,2866
Mexican American,0.4,race,2867
Non-Hispanic Asian,0.35802469135802467,race,2867
Non-Hispanic Black,0.6317829457364341,race,2867
Non-Hispanic White,0.5027829313543599,race,2867
Other Hispanic,0.5422535211267606,race,2867
Other Race - Including Multi-Racial,0.5396825396825397,race,2867
Above 4x poverty line,0.36585365853658536,income,2867
Below poverty line,0.5771428571428572,income,2867
Middle (2-4x),0.48984771573604063,income,2867
Near poverty (1-2x),0.5306666666666666,income,2867
Mexican American,0.445,race,2868
Non-Hispanic Asian,0.3333333333333333,race,2868
Non-Hispanic Black,0.5465116279069767,race,2868
Non-Hispanic White,0.5918367346938775,race,2868
Other Hispanic,0.5,race,2868
Other Race - Including Multi-Racial,0.6031746031746031,race,2868
Above 4x poverty line,0.3469387755102041,income,2868
Below poverty line,0.6368876080691642,income,2868
Middle (2-4x),0.48877805486284287,income,2868
Near poverty (1-2x),0.5592783505154639,income,2868
Mexican American,0.47,race,2869
Non-Hispanic Asian,0.32098765432098764,race,2869
Non-Hispanic Black,0.5193798449612403,race,2869
Non-Hispanic White,0.5565862708719852,race,2869
Other Hispanic,0.5,race,2869
Other Race - Including Multi-Racial,0.5079365079365079,race,2869
Above 4x poverty line,0.3419354838709677,income,2869
Below poverty line,0.5821727019498607,income,2869
Middle (2-4x),0.46055979643765904,income,2869
Near poverty (1-2x),0.5691489361702128,income,2869
Mexican American,0.485,race,2870
Non-Hispanic Asian,0.2222222222222222,race,2870
Non-Hispanic Black,0.562015503875969,race,2870
Non-Hispanic White,0.5250463821892394,race,2870
Other Hispanic,0.5492957746478874,race,2870
Other Race - Including Multi-Racial,0.5238095238095238,race,2870
Above 4x poverty line,0.3045977011494253,income,2870
Below poverty line,0.5840978593272171,income,2870
Middle (2-4x),0.4872448979591837,income,2870
Near poverty (1-2x),0.5615384615384615,income,2870
Mexican American,0.45,race,2871
Non-Hispanic Asian,0.35802469135802467,race,2871
Non-Hispanic Black,0.49612403100775193,race,2871
Non-Hispanic White,0.5269016697588126,race,2871
Other Hispanic,0.5422535211267606,race,2871
Other Race - Including Multi-Racial,0.5873015873015873,race,2871
Above 4x poverty line,0.3197278911564626,income,2871
Below poverty line,0.5552486187845304,income,2871
Middle (2-4x),0.48293963254593175,income,2871
Near poverty (1-2x),0.5419847328244275,income,2871
Mexican American,0.445,race,2872
Non-Hispanic Asian,0.2962962962962963,race,2872
Non-Hispanic Black,0.5852713178294574,race,2872
Non-Hispanic White,0.5732838589981447,race,2872
Other Hispanic,0.5422535211267606,race,2872
Other Race - Including Multi-Racial,0.5396825396825397,race,2872
Above 4x poverty line,0.34591194968553457,income,2872
Below poverty line,0.6179104477611941,income,2872
Middle (2-4x),0.48223350253807107,income,2872
Near poverty (1-2x),0.5873417721518988,income,2872
Mexican American,0.445,race,2873
Non-Hispanic Asian,0.32098765432098764,race,2873
Non-Hispanic Black,0.5736434108527132,race,2873
Non-Hispanic White,0.5435992578849722,race,2873
Other Hispanic,0.5140845070422535,race,2873
Other Race - Including Multi-Racial,0.5714285714285714,race,2873
Above 4x poverty line,0.36619718309859156,income,2873
Below poverty line,0.5988700564971752,income,2873
Middle (2-4x),0.4630541871921182,income,2873
Near poverty (1-2x),0.5590551181102362,income,2873
Mexican American,0.445,race,2874
Non-Hispanic Asian,0.38271604938271603,race,2874
Non-Hispanic Black,0.5387596899224806,race,2874
Non-Hispanic White,0.5528756957328386,race,2874
Other Hispanic,0.6056338028169014,race,2874
Other Race - Including Multi-Racial,0.5555555555555556,race,2874
Above 4x poverty line,0.3687150837988827,income,2874
Below poverty line,0.6462395543175488,income,2874
Middle (2-4x),0.4613466334164589,income,2874
Near poverty (1-2x),0.5668604651162791,income,2874
Mexican American,0.455,race,2875
Non-Hispanic Asian,0.41975308641975306,race,2875
Non-Hispanic Black,0.5077519379844961,race,2875
Non-Hispanic White,0.5398886827458256,race,2875
Other Hispanic,0.5070422535211268,race,2875
Other Race - Including Multi-Racial,0.5079365079365079,race,2875
Above 4x poverty line,0.2909090909090909,income,2875
Below poverty line,0.5905044510385756,income,2875
Middle (2-4x),0.4516971279373368,income,2875
Near poverty (1-2x),0.5804020100502513,income,2875
Mexican American,0.485,race,2876
Non-Hispanic Asian,0.3950617283950617,race,2876
Non-Hispanic Black,0.5348837209302325,race,2876
Non-Hispanic White,0.5324675324675324,race,2876
Other Hispanic,0.5352112676056338,race,2876
Other Race - Including Multi-Racial,0.47619047619047616,race,2876
Above 4x poverty line,0.3037974683544304,income,2876
Below poverty line,0.5787878787878787,income,2876
Middle (2-4x),0.47572815533980584,income,2876
Near poverty (1-2x),0.587467362924282,income,2876
Mexican American,0.435,race,2877
Non-Hispanic Asian,0.32098765432098764,race,2877
Non-Hispanic Black,0.5697674418604651,race,2877
Non-Hispanic White,0.5640074211502782,race,2877
Other Hispanic,0.5563380281690141,race,2877
Other Race - Including Multi-Racial,0.5238095238095238,race,2877
Above 4x poverty line,0.3235294117647059,income,2877
Below poverty line,0.6069364161849711,income,2877
Middle (2-4x),0.472,income,2877
Near poverty (1-2x),0.5969387755102041,income,2877
Mexican American,0.435,race,2878
Non-Hispanic Asian,0.38271604938271603,race,2878
Non-Hispanic Black,0.5310077519379846,race,2878
Non-Hispanic White,0.5306122448979592,race,2878
Other Hispanic,0.5845070422535211,race,2878
Other Race - Including Multi-Racial,0.6507936507936508,race,2878
Above 4x poverty line,0.34269662921348315,income,2878
Below poverty line,0.6186186186186187,income,2878
Middle (2-4x),0.4872448979591837,income,2878
Near poverty (1-2x),0.5447368421052632,income,2878
Mexican American,0.49,race,2879
Non-Hispanic Asian,0.32098765432098764,race,2879
Non-Hispanic Black,0.5077519379844961,race,2879
Non-Hispanic White,0.5343228200371057,race,2879
Other Hispanic,0.5,race,2879
Other Race - Including Multi-Racial,0.42857142857142855,race,2879
Above 4x poverty line,0.3277777777777778,income,2879
Below poverty line,0.5675675675675675,income,2879
Middle (2-4x),0.47117794486215536,income,2879
Near poverty (1-2x),0.5525606469002695,income,2879
Mexican American,0.47,race,2880
Non-Hispanic Asian,0.30864197530864196,race,2880
Non-Hispanic Black,0.5310077519379846,race,2880
Non-Hispanic White,0.5473098330241187,race,2880
Other Hispanic,0.5633802816901409,race,2880
Other Race - Including Multi-Racial,0.5555555555555556,race,2880
Above 4x poverty line,0.2953020134228188,income,2880
Below poverty line,0.5603448275862069,income,2880
Middle (2-4x),0.48009950248756217,income,2880
Near poverty (1-2x),0.609375,income,2880
Mexican American,0.515,race,2881
Non-Hispanic Asian,0.3333333333333333,race,2881
Non-Hispanic Black,0.562015503875969,race,2881
Non-Hispanic White,0.5435992578849722,race,2881
Other Hispanic,0.5352112676056338,race,2881
Other Race - Including Multi-Racial,0.47619047619047616,race,2881
Above 4x poverty line,0.38372093023255816,income,2881
Below poverty line,0.5906593406593407,income,2881
Middle (2-4x),0.49318801089918257,income,2881
Near poverty (1-2x),0.5578947368421052,income,2881
Mexican American,0.475,race,2882
Non-Hispanic Asian,0.25925925925925924,race,2882
Non-Hispanic Black,0.5930232558139535,race,2882
Non-Hispanic White,0.549165120593692,race,2882
Other Hispanic,0.5352112676056338,race,2882
Other Race - Including Multi-Racial,0.4603174603174603,race,2882
Above 4x poverty line,0.2945205479452055,income,2882
Below poverty line,0.5953079178885631,income,2882
Middle (2-4x),0.49403341288782815,income,2882
Near poverty (1-2x),0.5755968169761273,income,2882
Mexican American,0.475,race,2883
Non-Hispanic Asian,0.32098765432098764,race,2883
Non-Hispanic Black,0.562015503875969,race,2883
Non-Hispanic White,0.5269016697588126,race,2883
Other Hispanic,0.528169014084507,race,2883
Other Race - Including Multi-Racial,0.49206349206349204,race,2883
Above 4x poverty line,0.3356643356643357,income,2883
Below poverty line,0.5808219178082191,income,2883
Middle (2-4x),0.441747572815534,income,2883
Near poverty (1-2x),0.5895316804407713,income,2883
Mexican American,0.445,race,2884
Non-Hispanic Asian,0.30864197530864196,race,2884
Non-Hispanic Black,0.5813953488372093,race,2884
Non-Hispanic White,0.5176252319109462,race,2884
Other Hispanic,0.49295774647887325,race,2884
Other Race - Including Multi-Racial,0.47619047619047616,race,2884
Above 4x poverty line,0.3151515151515151,income,2884
Below poverty line,0.6059701492537314,income,2884
Middle (2-4x),0.45913461538461536,income,2884
Near poverty (1-2x),0.5367847411444142,income,2884
Mexican American,0.375,race,2885
Non-Hispanic Asian,0.345679012345679,race,2885
Non-Hispanic Black,0.5271317829457365,race,2885
Non-Hispanic White,0.5677179962894249,race,2885
Other Hispanic,0.49295774647887325,race,2885
Other Race - Including Multi-Racial,0.5873015873015873,race,2885
Above 4x poverty line,0.32934131736526945,income,2885
Below poverty line,0.5889212827988338,income,2885
Middle (2-4x),0.45843828715365237,income,2885
Near poverty (1-2x),0.5664893617021277,income,2885
Mexican American,0.485,race,2886
Non-Hispanic Asian,0.3950617283950617,race,2886
Non-Hispanic Black,0.5465116279069767,race,2886
Non-Hispanic White,0.5306122448979592,race,2886
Other Hispanic,0.5704225352112676,race,2886
Other Race - Including Multi-Racial,0.5396825396825397,race,2886
Above 4x poverty line,0.3310810810810811,income,2886
Below poverty line,0.6384839650145773,income,2886
Middle (2-4x),0.467005076142132,income,2886
Near poverty (1-2x),0.550251256281407,income,2886
Mexican American,0.42,race,2887
Non-Hispanic Asian,0.3333333333333333,race,2887
Non-Hispanic Black,0.5232558139534884,race,2887
Non-Hispanic White,0.562152133580705,race,2887
Other Hispanic,0.49295774647887325,race,2887
Other Race - Including Multi-Racial,0.47619047619047616,race,2887
Above 4x poverty line,0.36231884057971014,income,2887
Below poverty line,0.5869565217391305,income,2887
Middle (2-4x),0.42063492063492064,income,2887
Near poverty (1-2x),0.5614035087719298,income,2887
Mexican American,0.5,race,2888
Non-Hispanic Asian,0.3950617283950617,race,2888
Non-Hispanic Black,0.5503875968992248,race,2888
Non-Hispanic White,0.5306122448979592,race,2888
Other Hispanic,0.5563380281690141,race,2888
Other Race - Including Multi-Racial,0.42857142857142855,race,2888
Above 4x poverty line,0.3103448275862069,income,2888
Below poverty line,0.638121546961326,income,2888
Middle (2-4x),0.4836272040302267,income,2888
Near poverty (1-2x),0.5224274406332454,income,2888
Mexican American,0.39,race,2889
Non-Hispanic Asian,0.30864197530864196,race,2889
Non-Hispanic Black,0.5116279069767442,race,2889
Non-Hispanic White,0.5398886827458256,race,2889
Other Hispanic,0.5774647887323944,race,2889
Other Race - Including Multi-Racial,0.5079365079365079,race,2889
Above 4x poverty line,0.30409356725146197,income,2889
Below poverty line,0.5632530120481928,income,2889
Middle (2-4x),0.4599483204134367,income,2889
Near poverty (1-2x),0.5674300254452926,income,2889
Mexican American,0.445,race,2890
Non-Hispanic Asian,0.3333333333333333,race,2890
Non-Hispanic Black,0.5503875968992248,race,2890
Non-Hispanic White,0.5269016697588126,race,2890
Other Hispanic,0.5352112676056338,race,2890
Other Race - Including Multi-Racial,0.5238095238095238,race,2890
Above 4x poverty line,0.31547619047619047,income,2890
Below poverty line,0.5630252100840336,income,2890
Middle (2-4x),0.4893048128342246,income,2890
Near poverty (1-2x),0.5572916666666666,income,2890
Mexican American,0.445,race,2891
Non-Hispanic Asian,0.35802469135802467,race,2891
Non-Hispanic Black,0.49612403100775193,race,2891
Non-Hispanic White,0.5398886827458256,race,2891
Other Hispanic,0.528169014084507,race,2891
Other Race - Including Multi-Racial,0.5555555555555556,race,2891
Above 4x poverty line,0.36,income,2891
Below poverty line,0.5764705882352941,income,2891
Middle (2-4x),0.44919786096256686,income,2891
Near poverty (1-2x),0.5583756345177665,income,2891
Mexican American,0.48,race,2892
Non-Hispanic Asian,0.37037037037037035,race,2892
Non-Hispanic Black,0.5077519379844961,race,2892
Non-Hispanic White,0.5398886827458256,race,2892
Other Hispanic,0.5422535211267606,race,2892
Other Race - Including Multi-Racial,0.5555555555555556,race,2892
Above 4x poverty line,0.3588235294117647,income,2892
Below poverty line,0.6046511627906976,income,2892
Middle (2-4x),0.4584450402144772,income,2892
Near poverty (1-2x),0.5555555555555556,income,2892
Mexican American,0.43,race,2893
Non-Hispanic Asian,0.2839506172839506,race,2893
Non-Hispanic Black,0.562015503875969,race,2893
Non-Hispanic White,0.5194805194805194,race,2893
Other Hispanic,0.49295774647887325,race,2893
Other Race - Including Multi-Racial,0.5238095238095238,race,2893
Above 4x poverty line,0.3503184713375796,income,2893
Below poverty line,0.56951871657754,income,2893
Middle (2-4x),0.4904306220095694,income,2893
Near poverty (1-2x),0.49101796407185627,income,2893
Mexican American,0.46,race,2894
Non-Hispanic Asian,0.43209876543209874,race,2894
Non-Hispanic Black,0.5155038759689923,race,2894
Non-Hispanic White,0.5231910946196661,race,2894
Other Hispanic,0.5211267605633803,race,2894
Other Race - Including Multi-Racial,0.47619047619047616,race,2894
Above 4x poverty line,0.3689839572192513,income,2894
Below poverty line,0.5660377358490566,income,2894
Middle (2-4x),0.47150259067357514,income,2894
Near poverty (1-2x),0.548469387755102,income,2894
Mexican American,0.47,race,2895
Non-Hispanic Asian,0.35802469135802467,race,2895
Non-Hispanic Black,0.5348837209302325,race,2895
Non-Hispanic White,0.5565862708719852,race,2895
Other Hispanic,0.5070422535211268,race,2895
Other Race - Including Multi-Racial,0.49206349206349204,race,2895
Above 4x poverty line,0.2866666666666667,income,2895
Below poverty line,0.555858310626703,income,2895
Middle (2-4x),0.4897959183673469,income,2895
Near poverty (1-2x),0.6016042780748663,income,2895
Mexican American,0.43,race,2896
Non-Hispanic Asian,0.25925925925925924,race,2896
Non-Hispanic Black,0.5658914728682171,race,2896
Non-Hispanic White,0.5231910946196661,race,2896
Other Hispanic,0.5070422535211268,race,2896
Other Race - Including Multi-Racial,0.47619047619047616,race,2896
Above 4x poverty line,0.29012345679012347,income,2896
Below poverty line,0.590778097982709,income,2896
Middle (2-4x),0.4621026894865526,income,2896
Near poverty (1-2x),0.536986301369863,income,2896
Mexican American,0.45,race,2897
Non-Hispanic Asian,0.32098765432098764,race,2897
Non-Hispanic Black,0.562015503875969,race,2897
Non-Hispanic White,0.5602968460111317,race,2897
Other Hispanic,0.5352112676056338,race,2897
Other Race - Including Multi-Racial,0.49206349206349204,race,2897
Above 4x poverty line,0.2647058823529412,income,2897
Below poverty line,0.6285714285714286,income,2897
Middle (2-4x),0.4792746113989637,income,2897
Near poverty (1-2x),0.583554376657825,income,2897
Mexican American,0.435,race,2898
Non-Hispanic Asian,0.2962962962962963,race,2898
Non-Hispanic Black,0.562015503875969,race,2898
Non-Hispanic White,0.5510204081632653,race,2898
Other Hispanic,0.4788732394366197,race,2898
Other Race - Including Multi-Racial,0.5396825396825397,race,2898
Above 4x poverty line,0.3333333333333333,income,2898
Below poverty line,0.6174698795180723,income,2898
Middle (2-4x),0.47058823529411764,income,2898
Near poverty (1-2x),0.5311720698254364,income,2898
Mexican American,0.44,race,2899
Non-Hispanic Asian,0.38271604938271603,race,2899
Non-Hispanic Black,0.5736434108527132,race,2899
Non-Hispanic White,0.5602968460111317,race,2899
Other Hispanic,0.4788732394366197,race,2899
Other Race - Including Multi-Racial,0.5396825396825397,race,2899
Above 4x poverty line,0.3223684210526316,income,2899
Below poverty line,0.6068376068376068,income,2899
Middle (2-4x),0.4909560723514212,income,2899
Near poverty (1-2x),0.5572519083969466,income,2899
Mexican American,0.485,race,2900
Non-Hispanic Asian,0.32098765432098764,race,2900
Non-Hispanic Black,0.6007751937984496,race,2900
Non-Hispanic White,0.5547309833024119,race,2900
Other Hispanic,0.5211267605633803,race,2900
Other Race - Including Multi-Racial,0.6349206349206349,race,2900
Above 4x poverty line,0.31976744186046513,income,2900
Below poverty line,0.6457765667574932,income,2900
Middle (2-4x),0.47297297297297297,income,2900
Near poverty (1-2x),0.5989304812834224,income,2900
Mexican American,0.47,race,2901
Non-Hispanic Asian,0.37037037037037035,race,2901
Non-Hispanic Black,0.5310077519379846,race,2901
Non-Hispanic White,0.5565862708719852,race,2901
Other Hispanic,0.5422535211267606,race,2901
Other Race - Including Multi-Racial,0.5396825396825397,race,2901
Above 4x poverty line,0.3028571428571429,income,2901
Below poverty line,0.6191950464396285,income,2901
Middle (2-4x),0.49877750611246946,income,2901
Near poverty (1-2x),0.5718085106382979,income,2901
Mexican American,0.43,race,2902
Non-Hispanic Asian,0.37037037037037035,race,2902
Non-Hispanic Black,0.5387596899224806,race,2902
Non-Hispanic White,0.536178107606679,race,2902
Other Hispanic,0.5352112676056338,race,2902
Other Race - Including Multi-Racial,0.5238095238095238,race,2902
Above 4x poverty line,0.3618421052631579,income,2902
Below poverty line,0.6036036036036037,income,2902
Middle (2-4x),0.43765903307888043,income,2902
Near poverty (1-2x),0.5555555555555556,income,2902
Mexican American,0.465,race,2903
Non-Hispanic Asian,0.32098765432098764,race,2903
Non-Hispanic Black,0.49612403100775193,race,2903
Non-Hispanic White,0.5250463821892394,race,2903
Other Hispanic,0.5070422535211268,race,2903
Other Race - Including Multi-Racial,0.4444444444444444,race,2903
Above 4x poverty line,0.28342245989304815,income,2903
Below poverty line,0.5877192982456141,income,2903
Middle (2-4x),0.4566929133858268,income,2903
Near poverty (1-2x),0.5415549597855228,income,2903
Mexican American,0.435,race,2904
Non-Hispanic Asian,0.43209876543209874,race,2904
Non-Hispanic Black,0.5581395348837209,race,2904
Non-Hispanic White,0.562152133580705,race,2904
Other Hispanic,0.5774647887323944,race,2904
Other Race - Including Multi-Racial,0.5238095238095238,race,2904
Above 4x poverty line,0.38181818181818183,income,2904
Below poverty line,0.5694444444444444,income,2904
Middle (2-4x),0.5092348284960422,income,2904
Near poverty (1-2x),0.5883905013192612,income,2904
Mexican American,0.43,race,2905
Non-Hispanic Asian,0.2962962962962963,race,2905
Non-Hispanic Black,0.5232558139534884,race,2905
Non-Hispanic White,0.5435992578849722,race,2905
Other Hispanic,0.5422535211267606,race,2905
Other Race - Including Multi-Racial,0.5714285714285714,race,2905
Above 4x poverty line,0.35119047619047616,income,2905
Below poverty line,0.5787965616045845,income,2905
Middle (2-4x),0.4464751958224543,income,2905
Near poverty (1-2x),0.5718015665796344,income,2905
Mexican American,0.425,race,2906
Non-Hispanic Asian,0.32098765432098764,race,2906
Non-Hispanic Black,0.5465116279069767,race,2906
Non-Hispanic White,0.5306122448979592,race,2906
Other Hispanic,0.5211267605633803,race,2906
Other Race - Including Multi-Racial,0.5238095238095238,race,2906
Above 4x poverty line,0.33774834437086093,income,2906
Below poverty line,0.5964912280701754,income,2906
Middle (2-4x),0.4605911330049261,income,2906
Near poverty (1-2x),0.5286458333333334,income,2906
Mexican American,0.44,race,2907
Non-Hispanic Asian,0.3333333333333333,race,2907
Non-Hispanic Black,0.5426356589147286,race,2907
Non-Hispanic White,0.5120593692022264,race,2907
Other Hispanic,0.5070422535211268,race,2907
Other Race - Including Multi-Racial,0.6031746031746031,race,2907
Above 4x poverty line,0.32941176470588235,income,2907
Below poverty line,0.584070796460177,income,2907
Middle (2-4x),0.4637305699481865,income,2907
Near poverty (1-2x),0.5360824742268041,income,2907
Mexican American,0.49,race,2908
Non-Hispanic Asian,0.2345679012345679,race,2908
Non-Hispanic Black,0.5658914728682171,race,2908
Non-Hispanic White,0.5714285714285714,race,2908
Other Hispanic,0.5140845070422535,race,2908
Other Race - Including Multi-Racial,0.49206349206349204,race,2908
Above 4x poverty line,0.3375796178343949,income,2908
Below poverty line,0.6257142857142857,income,2908
Middle (2-4x),0.4961832061068702,income,2908
Near poverty (1-2x),0.5430809399477807,income,2908
Mexican American,0.44,race,2909
Non-Hispanic Asian,0.3950617283950617,race,2909
Non-Hispanic Black,0.5813953488372093,race,2909
Non-Hispanic White,0.549165120593692,race,2909
Other Hispanic,0.47183098591549294,race,2909
Other Race - Including Multi-Racial,0.5079365079365079,race,2909
Above 4x poverty line,0.37333333333333335,income,2909
Below poverty line,0.611731843575419,income,2909
Middle (2-4x),0.45965770171149145,income,2909
Near poverty (1-2x),0.5519125683060109,income,2909
Mexican American,0.495,race,2910
Non-Hispanic Asian,0.2839506172839506,race,2910
Non-Hispanic Black,0.5775193798449613,race,2910
Non-Hispanic White,0.5565862708719852,race,2910
Other Hispanic,0.5563380281690141,race,2910
Other Race - Including Multi-Racial,0.5396825396825397,race,2910
Above 4x poverty line,0.3488372093023256,income,2910
Below poverty line,0.6,income,2910
Middle (2-4x),0.49476439790575916,income,2910
Near poverty (1-2x),0.59375,income,2910
Mexican American,0.495,race,2911
Non-Hispanic Asian,0.345679012345679,race,2911
Non-Hispanic Black,0.5348837209302325,race,2911
Non-Hispanic White,0.5584415584415584,race,2911
Other Hispanic,0.5563380281690141,race,2911
Other Race - Including Multi-Racial,0.5555555555555556,race,2911
Above 4x poverty line,0.31724137931034485,income,2911
Below poverty line,0.6416666666666667,income,2911
Middle (2-4x),0.4748743718592965,income,2911
Near poverty (1-2x),0.5631578947368421,income,2911
Mexican American,0.48,race,2912
Non-Hispanic Asian,0.41975308641975306,race,2912
Non-Hispanic Black,0.5503875968992248,race,2912
Non-Hispanic White,0.5714285714285714,race,2912
Other Hispanic,0.5704225352112676,race,2912
Other Race - Including Multi-Racial,0.5396825396825397,race,2912
Above 4x poverty line,0.4370860927152318,income,2912
Below poverty line,0.5815384615384616,income,2912
Middle (2-4x),0.49516908212560384,income,2912
Near poverty (1-2x),0.5979643765903307,income,2912
Mexican American,0.42,race,2913
Non-Hispanic Asian,0.2839506172839506,race,2913
Non-Hispanic Black,0.5968992248062015,race,2913
Non-Hispanic White,0.5602968460111317,race,2913
Other Hispanic,0.5140845070422535,race,2913
Other Race - Including Multi-Racial,0.5238095238095238,race,2913
Above 4x poverty line,0.33727810650887574,income,2913
Below poverty line,0.5903954802259888,income,2913
Middle (2-4x),0.4897435897435897,income,2913
Near poverty (1-2x),0.572972972972973,income,2913
Mexican American,0.435,race,2914
Non-Hispanic Asian,0.3950617283950617,race,2914
Non-Hispanic Black,0.5503875968992248,race,2914
Non-Hispanic White,0.5695732838589982,race,2914
Other Hispanic,0.5985915492957746,race,2914
Other Race - Including Multi-Racial,0.5079365079365079,race,2914
Above 4x poverty line,0.4121212121212121,income,2914
Below poverty line,0.6077844311377245,income,2914
Middle (2-4x),0.5036496350364964,income,2914
Near poverty (1-2x),0.5549597855227882,income,2914
Mexican American,0.445,race,2915
Non-Hispanic Asian,0.38271604938271603,race,2915
Non-Hispanic Black,0.562015503875969,race,2915
Non-Hispanic White,0.5176252319109462,race,2915
Other Hispanic,0.5774647887323944,race,2915
Other Race - Including Multi-Racial,0.4603174603174603,race,2915
Above 4x poverty line,0.2847222222222222,income,2915
Below poverty line,0.5694050991501416,income,2915
Middle (2-4x),0.5120772946859904,income,2915
Near poverty (1-2x),0.5403225806451613,income,2915
Mexican American,0.485,race,2916
Non-Hispanic Asian,0.37037037037037035,race,2916
Non-Hispanic Black,0.5813953488372093,race,2916
Non-Hispanic White,0.5046382189239332,race,2916
Other Hispanic,0.5352112676056338,race,2916
Other Race - Including Multi-Racial,0.5238095238095238,race,2916
Above 4x poverty line,0.3089887640449438,income,2916
Below poverty line,0.6072423398328691,income,2916
Middle (2-4x),0.47680412371134023,income,2916
Near poverty (1-2x),0.5586592178770949,income,2916
Mexican American,0.44,race,2917
Non-Hispanic Asian,0.2839506172839506,race,2917
Non-Hispanic Black,0.5271317829457365,race,2917
Non-Hispanic White,0.5528756957328386,race,2917
Other Hispanic,0.5704225352112676,race,2917
Other Race - Including Multi-Racial,0.42857142857142855,race,2917
Above 4x poverty line,0.29333333333333333,income,2917
Below poverty line,0.5681818181818182,income,2917
Middle (2-4x),0.47164948453608246,income,2917
Near poverty (1-2x),0.5750636132315522,income,2917
Mexican American,0.45,race,2918
Non-Hispanic Asian,0.24691358024691357,race,2918
Non-Hispanic Black,0.5038759689922481,race,2918
Non-Hispanic White,0.5602968460111317,race,2918
Other Hispanic,0.5563380281690141,race,2918
Other Race - Including Multi-Racial,0.5396825396825397,race,2918
Above 4x poverty line,0.3013698630136986,income,2918
Below poverty line,0.55,income,2918
Middle (2-4x),0.48894348894348894,income,2918
Near poverty (1-2x),0.5783783783783784,income,2918
Mexican American,0.46,race,2919
Non-Hispanic Asian,0.345679012345679,race,2919
Non-Hispanic Black,0.5775193798449613,race,2919
Non-Hispanic White,0.5417439703153989,race,2919
Other Hispanic,0.5140845070422535,race,2919
Other Race - Including Multi-Racial,0.6190476190476191,race,2919
Above 4x poverty line,0.35714285714285715,income,2919
Below poverty line,0.6139817629179332,income,2919
Middle (2-4x),0.47804878048780486,income,2919
Near poverty (1-2x),0.5718085106382979,income,2919
Mexican American,0.385,race,2920
Non-Hispanic Asian,0.3333333333333333,race,2920
Non-Hispanic Black,0.5658914728682171,race,2920
Non-Hispanic White,0.5120593692022264,race,2920
Other Hispanic,0.5,race,2920
Other Race - Including Multi-Racial,0.49206349206349204,race,2920
Above 4x poverty line,0.31543624161073824,income,2920
Below poverty line,0.5701492537313433,income,2920
Middle (2-4x),0.45498783454987834,income,2920
Near poverty (1-2x),0.5231958762886598,income,2920
Mexican American,0.445,race,2921
Non-Hispanic Asian,0.3333333333333333,race,2921
Non-Hispanic Black,0.5193798449612403,race,2921
Non-Hispanic White,0.5547309833024119,race,2921
Other Hispanic,0.47183098591549294,race,2921
Other Race - Including Multi-Racial,0.5396825396825397,race,2921
Above 4x poverty line,0.34394904458598724,income,2921
Below poverty line,0.572289156626506,income,2921
Middle (2-4x),0.48370927318295737,income,2921
Near poverty (1-2x),0.5392405063291139,income,2921
Mexican American,0.435,race,2922
Non-Hispanic Asian,0.32098765432098764,race,2922
Non-Hispanic Black,0.5426356589147286,race,2922
Non-Hispanic White,0.5473098330241187,race,2922
Other Hispanic,0.5492957746478874,race,2922
Other Race - Including Multi-Racial,0.4603174603174603,race,2922
Above 4x poverty line,0.3333333333333333,income,2922
Below poverty line,0.5866261398176292,income,2922
Middle (2-4x),0.4659949622166247,income,2922
Near poverty (1-2x),0.5594059405940595,income,2922
Mexican American,0.45,race,2923
Non-Hispanic Asian,0.2839506172839506,race,2923
Non-Hispanic Black,0.5697674418604651,race,2923
Non-Hispanic White,0.5250463821892394,race,2923
Other Hispanic,0.5070422535211268,race,2923
Other Race - Including Multi-Racial,0.5396825396825397,race,2923
Above 4x poverty line,0.35064935064935066,income,2923
Below poverty line,0.5614525139664804,income,2923
Middle (2-4x),0.4833759590792839,income,2923
Near poverty (1-2x),0.5394736842105263,income,2923
Mexican American,0.485,race,2924
Non-Hispanic Asian,0.2716049382716049,race,2924
Non-Hispanic Black,0.5310077519379846,race,2924
Non-Hispanic White,0.5009276437847866,race,2924
Other Hispanic,0.5563380281690141,race,2924
Other Race - Including Multi-Racial,0.5396825396825397,race,2924
Above 4x poverty line,0.2804878048780488,income,2924
Below poverty line,0.6005665722379604,income,2924
Middle (2-4x),0.45454545454545453,income,2924
Near poverty (1-2x),0.5432432432432432,income,2924
Mexican American,0.415,race,2925
Non-Hispanic Asian,0.345679012345679,race,2925
Non-Hispanic Black,0.5116279069767442,race,2925
Non-Hispanic White,0.5435992578849722,race,2925
Other Hispanic,0.4225352112676056,race,2925
Other Race - Including Multi-Racial,0.5079365079365079,race,2925
Above 4x poverty line,0.3374233128834356,income,2925
Below poverty line,0.5933147632311978,income,2925
Middle (2-4x),0.4181360201511335,income,2925
Near poverty (1-2x),0.532967032967033,income,2925
Mexican American,0.46,race,2926
Non-Hispanic Asian,0.38271604938271603,race,2926
Non-Hispanic Black,0.5426356589147286,race,2926
Non-Hispanic White,0.5454545454545454,race,2926
Other Hispanic,0.5563380281690141,race,2926
Other Race - Including Multi-Racial,0.4126984126984127,race,2926
Above 4x poverty line,0.2795031055900621,income,2926
Below poverty line,0.6057971014492753,income,2926
Middle (2-4x),0.48984771573604063,income,2926
Near poverty (1-2x),0.5613577023498695,income,2926
Mexican American,0.515,race,2927
Non-Hispanic Asian,0.41975308641975306,race,2927
Non-Hispanic Black,0.5426356589147286,race,2927
Non-Hispanic White,0.5287569573283859,race,2927
Other Hispanic,0.5422535211267606,race,2927
Other Race - Including Multi-Racial,0.5714285714285714,race,2927
Above 4x poverty line,0.3393939393939394,income,2927
Below poverty line,0.60932944606414,income,2927
Middle (2-4x),0.4780361757105943,income,2927
Near poverty (1-2x),0.5798969072164949,income,2927
Mexican American,0.485,race,2928
Non-Hispanic Asian,0.3333333333333333,race,2928
Non-Hispanic Black,0.5387596899224806,race,2928
Non-Hispanic White,0.536178107606679,race,2928
Other Hispanic,0.5563380281690141,race,2928
Other Race - Including Multi-Racial,0.5079365079365079,race,2928
Above 4x poverty line,0.31137724550898205,income,2928
Below poverty line,0.6243386243386243,income,2928
Middle (2-4x),0.46944444444444444,income,2928
Near poverty (1-2x),0.544973544973545,income,2928
Mexican American,0.455,race,2929
Non-Hispanic Asian,0.41975308641975306,race,2929
Non-Hispanic Black,0.5813953488372093,race,2929
Non-Hispanic White,0.5380333951762524,race,2929
Other Hispanic,0.5,race,2929
Other Race - Including Multi-Racial,0.5079365079365079,race,2929
Above 4x poverty line,0.36129032258064514,income,2929
Below poverty line,0.550531914893617,income,2929
Middle (2-4x),0.4837837837837838,income,2929
Near poverty (1-2x),0.5916230366492147,income,2929
Mexican American,0.43,race,2930
Non-Hispanic Asian,0.3950617283950617,race,2930
Non-Hispanic Black,0.5232558139534884,race,2930
Non-Hispanic White,0.5435992578849722,race,2930
Other Hispanic,0.5985915492957746,race,2930
Other Race - Including Multi-Racial,0.6825396825396826,race,2930
Above 4x poverty line,0.32727272727272727,income,2930
Below poverty line,0.6077844311377245,income,2930
Middle (2-4x),0.49014778325123154,income,2930
Near poverty (1-2x),0.5767195767195767,income,2930
Mexican American,0.39,race,2931
Non-Hispanic Asian,0.32098765432098764,race,2931
Non-Hispanic Black,0.5310077519379846,race,2931
Non-Hispanic White,0.5231910946196661,race,2931
Other Hispanic,0.5352112676056338,race,2931
Other Race - Including Multi-Racial,0.5555555555555556,race,2931
Above 4x poverty line,0.3411764705882353,income,2931
Below poverty line,0.6013071895424836,income,2931
Middle (2-4x),0.45569620253164556,income,2931
Near poverty (1-2x),0.5145631067961165,income,2931
Mexican American,0.475,race,2932
Non-Hispanic Asian,0.38271604938271603,race,2932
Non-Hispanic Black,0.5387596899224806,race,2932
Non-Hispanic White,0.5435992578849722,race,2932
Other Hispanic,0.5422535211267606,race,2932
Other Race - Including Multi-Racial,0.47619047619047616,race,2932
Above 4x poverty line,0.3212121212121212,income,2932
Below poverty line,0.5850144092219021,income,2932
Middle (2-4x),0.48009950248756217,income,2932
Near poverty (1-2x),0.5853658536585366,income,2932
Mexican American,0.53,race,2933
Non-Hispanic Asian,0.30864197530864196,race,2933
Non-Hispanic Black,0.5310077519379846,race,2933
Non-Hispanic White,0.5324675324675324,race,2933
Other Hispanic,0.5,race,2933
Other Race - Including Multi-Racial,0.5555555555555556,race,2933
Above 4x poverty line,0.27647058823529413,income,2933
Below poverty line,0.608433734939759,income,2933
Middle (2-4x),0.5037593984962406,income,2933
Near poverty (1-2x),0.5523560209424084,income,2933
Mexican American,0.44,race,2934
Non-Hispanic Asian,0.3333333333333333,race,2934
Non-Hispanic Black,0.5271317829457365,race,2934
Non-Hispanic White,0.5417439703153989,race,2934
Other Hispanic,0.5140845070422535,race,2934
Other Race - Including Multi-Racial,0.5079365079365079,race,2934
Above 4x poverty line,0.3310344827586207,income,2934
Below poverty line,0.5690140845070423,income,2934
Middle (2-4x),0.48641975308641977,income,2934
Near poverty (1-2x),0.5317460317460317,income,2934
Mexican American,0.5,race,2935
Non-Hispanic Asian,0.4074074074074074,race,2935
Non-Hispanic Black,0.5426356589147286,race,2935
Non-Hispanic White,0.5306122448979592,race,2935
Other Hispanic,0.5633802816901409,race,2935
Other Race - Including Multi-Racial,0.5238095238095238,race,2935
Above 4x poverty line,0.33707865168539325,income,2935
Below poverty line,0.5927051671732523,income,2935
Middle (2-4x),0.5025252525252525,income,2935
Near poverty (1-2x),0.5736842105263158,income,2935
Mexican American,0.47,race,2936
Non-Hispanic Asian,0.32098765432098764,race,2936
Non-Hispanic Black,0.5348837209302325,race,2936
Non-Hispanic White,0.5510204081632653,race,2936
Other Hispanic,0.5,race,2936
Other Race - Including Multi-Racial,0.5714285714285714,race,2936
Above 4x poverty line,0.3508771929824561,income,2936
Below poverty line,0.596045197740113,income,2936
Middle (2-4x),0.48066298342541436,income,2936
Near poverty (1-2x),0.547979797979798,income,2936
Mexican American,0.485,race,2937
Non-Hispanic Asian,0.38271604938271603,race,2937
Non-Hispanic Black,0.5348837209302325,race,2937
Non-Hispanic White,0.5213358070500927,race,2937
Other Hispanic,0.5070422535211268,race,2937
Other Race - Including Multi-Racial,0.49206349206349204,race,2937
Above 4x poverty line,0.3192771084337349,income,2937
Below poverty line,0.5533707865168539,income,2937
Middle (2-4x),0.49742268041237114,income,2937
Near poverty (1-2x),0.5549597855227882,income,2937
Mexican American,0.41,race,2938
Non-Hispanic Asian,0.2716049382716049,race,2938
Non-Hispanic Black,0.5038759689922481,race,2938
Non-Hispanic White,0.562152133580705,race,2938
Other Hispanic,0.47183098591549294,race,2938
Other Race - Including Multi-Racial,0.4126984126984127,race,2938
Above 4x poverty line,0.3333333333333333,income,2938
Below poverty line,0.5348189415041783,income,2938
Middle (2-4x),0.4478021978021978,income,2938
Near poverty (1-2x),0.5586734693877551,income,2938
Mexican American,0.4,race,2939
Non-Hispanic Asian,0.2716049382716049,race,2939
Non-Hispanic Black,0.5775193798449613,race,2939
Non-Hispanic White,0.5398886827458256,race,2939
Other Hispanic,0.6267605633802817,race,2939
Other Race - Including Multi-Racial,0.47619047619047616,race,2939
Above 4x poverty line,0.31736526946107785,income,2939
Below poverty line,0.6099706744868035,income,2939
Middle (2-4x),0.46,income,2939
Near poverty (1-2x),0.576,income,2939
Mexican American,0.47,race,2940
Non-Hispanic Asian,0.2962962962962963,race,2940
Non-Hispanic Black,0.562015503875969,race,2940
Non-Hispanic White,0.536178107606679,race,2940
Other Hispanic,0.5492957746478874,race,2940
Other Race - Including Multi-Racial,0.5555555555555556,race,2940
Above 4x poverty line,0.3416149068322981,income,2940
Below poverty line,0.6260623229461756,income,2940
Middle (2-4x),0.46419098143236076,income,2940
Near poverty (1-2x),0.5459183673469388,income,2940
Mexican American,0.445,race,2941
Non-Hispanic Asian,0.4074074074074074,race,2941
Non-Hispanic Black,0.5310077519379846,race,2941
Non-Hispanic White,0.5157699443413729,race,2941
Other Hispanic,0.5774647887323944,race,2941
Other Race - Including Multi-Racial,0.47619047619047616,race,2941
Above 4x poverty line,0.3615819209039548,income,2941
Below poverty line,0.5882352941176471,income,2941
Middle (2-4x),0.4524421593830334,income,2941
Near poverty (1-2x),0.5543766578249337,income,2941
Mexican American,0.485,race,2942
Non-Hispanic Asian,0.2716049382716049,race,2942
Non-Hispanic Black,0.5581395348837209,race,2942
Non-Hispanic White,0.5324675324675324,race,2942
Other Hispanic,0.5352112676056338,race,2942
Other Race - Including Multi-Racial,0.5396825396825397,race,2942
Above 4x poverty line,0.3151515151515151,income,2942
Below poverty line,0.6065573770491803,income,2942
Middle (2-4x),0.4782608695652174,income,2942
Near poverty (1-2x),0.546875,income,2942
Mexican American,0.485,race,2943
Non-Hispanic Asian,0.345679012345679,race,2943
Non-Hispanic Black,0.5813953488372093,race,2943
Non-Hispanic White,0.5528756957328386,race,2943
Other Hispanic,0.5352112676056338,race,2943
Other Race - Including Multi-Racial,0.5396825396825397,race,2943
Above 4x poverty line,0.36363636363636365,income,2943
Below poverty line,0.6115702479338843,income,2943
Middle (2-4x),0.5164556962025316,income,2943
Near poverty (1-2x),0.5417789757412399,income,2943
Mexican American,0.485,race,2944
Non-Hispanic Asian,0.48148148148148145,race,2944
Non-Hispanic Black,0.6007751937984496,race,2944
Non-Hispanic White,0.536178107606679,race,2944
Other Hispanic,0.5422535211267606,race,2944
Other Race - Including Multi-Racial,0.4603174603174603,race,2944
Above 4x poverty line,0.3146853146853147,income,2944
Below poverty line,0.6103542234332425,income,2944
Middle (2-4x),0.4838709677419355,income,2944
Near poverty (1-2x),0.6,income,2944
Mexican American,0.51,race,2945
Non-Hispanic Asian,0.32098765432098764,race,2945
Non-Hispanic Black,0.4689922480620155,race,2945
Non-Hispanic White,0.5510204081632653,race,2945
Other Hispanic,0.4859154929577465,race,2945
Other Race - Including Multi-Racial,0.49206349206349204,race,2945
Above 4x poverty line,0.30120481927710846,income,2945
Below poverty line,0.6109510086455331,income,2945
Middle (2-4x),0.46582278481012657,income,2945
Near poverty (1-2x),0.5333333333333333,income,2945
Mexican American,0.465,race,2946
Non-Hispanic Asian,0.345679012345679,race,2946
Non-Hispanic Black,0.5503875968992248,race,2946
Non-Hispanic White,0.5528756957328386,race,2946
Other Hispanic,0.5140845070422535,race,2946
Other Race - Including Multi-Racial,0.5555555555555556,race,2946
Above 4x poverty line,0.3037974683544304,income,2946
Below poverty line,0.5946745562130178,income,2946
Middle (2-4x),0.5089974293059126,income,2946
Near poverty (1-2x),0.5577889447236181,income,2946
Mexican American,0.445,race,2947
Non-Hispanic Asian,0.2716049382716049,race,2947
Non-Hispanic Black,0.5426356589147286,race,2947
Non-Hispanic White,0.5435992578849722,race,2947
Other Hispanic,0.5633802816901409,race,2947
Other Race - Including Multi-Racial,0.6507936507936508,race,2947
Above 4x poverty line,0.2653061224489796,income,2947
Below poverty line,0.6153846153846154,income,2947
Middle (2-4x),0.4583333333333333,income,2947
Near poverty (1-2x),0.5764705882352941,income,2947
Mexican American,0.435,race,2948
Non-Hispanic Asian,0.38271604938271603,race,2948
Non-Hispanic Black,0.5387596899224806,race,2948
Non-Hispanic White,0.5324675324675324,race,2948
Other Hispanic,0.5422535211267606,race,2948
Other Race - Including Multi-Racial,0.6507936507936508,race,2948
Above 4x poverty line,0.3028169014084507,income,2948
Below poverty line,0.6200607902735562,income,2948
Middle (2-4x),0.4721549636803874,income,2948
Near poverty (1-2x),0.5513784461152882,income,2948
Mexican American,0.445,race,2949
Non-Hispanic Asian,0.38271604938271603,race,2949
Non-Hispanic Black,0.5581395348837209,race,2949
Non-Hispanic White,0.5640074211502782,race,2949
Other Hispanic,0.44366197183098594,race,2949
Other Race - Including Multi-Racial,0.5873015873015873,race,2949
Above 4x poverty line,0.3333333333333333,income,2949
Below poverty line,0.5930599369085173,income,2949
Middle (2-4x),0.48635235732009924,income,2949
Near poverty (1-2x),0.5790816326530612,income,2949
Mexican American,0.475,race,2950
Non-Hispanic Asian,0.4074074074074074,race,2950
Non-Hispanic Black,0.5271317829457365,race,2950
Non-Hispanic White,0.5213358070500927,race,2950
Other Hispanic,0.5633802816901409,race,2950
Other Race - Including Multi-Racial,0.5714285714285714,race,2950
Above 4x poverty line,0.33146067415730335,income,2950
Below poverty line,0.5867052023121387,income,2950
Middle (2-4x),0.5,income,2950
Near poverty (1-2x),0.553133514986376,income,2950
Mexican American,0.46,race,2951
Non-Hispanic Asian,0.4444444444444444,race,2951
Non-Hispanic Black,0.6046511627906976,race,2951
Non-Hispanic White,0.5269016697588126,race,2951
Other Hispanic,0.528169014084507,race,2951
Other Race - Including Multi-Racial,0.5873015873015873,race,2951
Above 4x poverty line,0.2804878048780488,income,2951
Below poverty line,0.6561604584527221,income,2951
Middle (2-4x),0.48711340206185566,income,2951
Near poverty (1-2x),0.5654450261780105,income,2951
Mexican American,0.455,race,2952
Non-Hispanic Asian,0.3950617283950617,race,2952
Non-Hispanic Black,0.5426356589147286,race,2952
Non-Hispanic White,0.5547309833024119,race,2952
Other Hispanic,0.5,race,2952
Other Race - Including Multi-Racial,0.5238095238095238,race,2952
Above 4x poverty line,0.34265734265734266,income,2952
Below poverty line,0.584,income,2952
Middle (2-4x),0.46446700507614214,income,2952
Near poverty (1-2x),0.5795148247978437,income,2952
Mexican American,0.48,race,2953
Non-Hispanic Asian,0.38271604938271603,race,2953
Non-Hispanic Black,0.5116279069767442,race,2953
Non-Hispanic White,0.5157699443413729,race,2953
Other Hispanic,0.5211267605633803,race,2953
Other Race - Including Multi-Racial,0.6349206349206349,race,2953
Above 4x poverty line,0.33532934131736525,income,2953
Below poverty line,0.5584045584045584,income,2953
Middle (2-4x),0.4716981132075472,income,2953
Near poverty (1-2x),0.5835777126099707,income,2953
Mexican American,0.52,race,2954
Non-Hispanic Asian,0.32098765432098764,race,2954
Non-Hispanic Black,0.5697674418604651,race,2954
Non-Hispanic White,0.5417439703153989,race,2954
Other Hispanic,0.5774647887323944,race,2954
Other Race - Including Multi-Racial,0.5714285714285714,race,2954
Above 4x poverty line,0.3225806451612903,income,2954
Below poverty line,0.5917312661498708,income,2954
Middle (2-4x),0.47956403269754766,income,2954
Near poverty (1-2x),0.6203208556149733,income,2954
Mexican American,0.425,race,2955
Non-Hispanic Asian,0.3950617283950617,race,2955
Non-Hispanic Black,0.5503875968992248,race,2955
Non-Hispanic White,0.5231910946196661,race,2955
Other Hispanic,0.528169014084507,race,2955
Other Race - Including Multi-Racial,0.5396825396825397,race,2955
Above 4x poverty line,0.36,income,2955
Below poverty line,0.5612535612535613,income,2955
Middle (2-4x),0.44527363184079605,income,2955
Near poverty (1-2x),0.5789473684210527,income,2955
Mexican American,0.49,race,2956
Non-Hispanic Asian,0.3333333333333333,race,2956
Non-Hispanic Black,0.5542635658914729,race,2956
Non-Hispanic White,0.5454545454545454,race,2956
Other Hispanic,0.5211267605633803,race,2956
Other Race - Including Multi-Racial,0.49206349206349204,race,2956
Above 4x poverty line,0.3081761006289308,income,2956
Below poverty line,0.6011396011396012,income,2956
Middle (2-4x),0.46770025839793283,income,2956
Near poverty (1-2x),0.5854922279792746,income,2956
Mexican American,0.36,race,2957
Non-Hispanic Asian,0.35802469135802467,race,2957
Non-Hispanic Black,0.5852713178294574,race,2957
Non-Hispanic White,0.5287569573283859,race,2957
Other Hispanic,0.5915492957746479,race,2957
Other Race - Including Multi-Racial,0.5555555555555556,race,2957
Above 4x poverty line,0.3063583815028902,income,2957
Below poverty line,0.6105919003115264,income,2957
Middle (2-4x),0.4973544973544973,income,2957
Near poverty (1-2x),0.5328467153284672,income,2957
Mexican American,0.475,race,2958
Non-Hispanic Asian,0.32098765432098764,race,2958
Non-Hispanic Black,0.5232558139534884,race,2958
Non-Hispanic White,0.5343228200371057,race,2958
Other Hispanic,0.47183098591549294,race,2958
Other Race - Including Multi-Racial,0.5873015873015873,race,2958
Above 4x poverty line,0.30625,income,2958
Below poverty line,0.5760233918128655,income,2958
Middle (2-4x),0.4742268041237113,income,2958
Near poverty (1-2x),0.55470737913486,income,2958
Mexican American,0.46,race,2959
Non-Hispanic Asian,0.32098765432098764,race,2959
Non-Hispanic Black,0.5658914728682171,race,2959
Non-Hispanic White,0.5658627087198516,race,2959
Other Hispanic,0.5352112676056338,race,2959
Other Race - Including Multi-Racial,0.6190476190476191,race,2959
Above 4x poverty line,0.34810126582278483,income,2959
Below poverty line,0.635593220338983,income,2959
Middle (2-4x),0.5,income,2959
Near poverty (1-2x),0.5490716180371353,income,2959
Mexican American,0.47,race,2960
Non-Hispanic Asian,0.32098765432098764,race,2960
Non-Hispanic Black,0.5465116279069767,race,2960
Non-Hispanic White,0.5769944341372912,race,2960
Other Hispanic,0.5211267605633803,race,2960
Other Race - Including Multi-Racial,0.47619047619047616,race,2960
Above 4x poverty line,0.3413173652694611,income,2960
Below poverty line,0.6420118343195266,income,2960
Middle (2-4x),0.4669811320754717,income,2960
Near poverty (1-2x),0.576271186440678,income,2960
Mexican American,0.445,race,2961
Non-Hispanic Asian,0.30864197530864196,race,2961
Non-Hispanic Black,0.5310077519379846,race,2961
Non-Hispanic White,0.49165120593692024,race,2961
Other Hispanic,0.5563380281690141,race,2961
Other Race - Including Multi-Racial,0.5079365079365079,race,2961
Above 4x poverty line,0.32571428571428573,income,2961
Below poverty line,0.5771604938271605,income,2961
Middle (2-4x),0.4393203883495146,income,2961
Near poverty (1-2x),0.543010752688172,income,2961
Mexican American,0.45,race,2962
Non-Hispanic Asian,0.3950617283950617,race,2962
Non-Hispanic Black,0.562015503875969,race,2962
Non-Hispanic White,0.5120593692022264,race,2962
Other Hispanic,0.5422535211267606,race,2962
Other Race - Including Multi-Racial,0.5079365079365079,race,2962
Above 4x poverty line,0.3614457831325301,income,2962
Below poverty line,0.5784883720930233,income,2962
Middle (2-4x),0.4637305699481865,income,2962
Near poverty (1-2x),0.5529715762273901,income,2962
Mexican American,0.425,race,2963
Non-Hispanic Asian,0.345679012345679,race,2963
Non-Hispanic Black,0.5,race,2963
Non-Hispanic White,0.5435992578849722,race,2963
Other Hispanic,0.5492957746478874,race,2963
Other Race - Including Multi-Racial,0.5079365079365079,race,2963
Above 4x poverty line,0.31333333333333335,income,2963
Below poverty line,0.6228571428571429,income,2963
Middle (2-4x),0.46578947368421053,income,2963
Near poverty (1-2x),0.5037220843672456,income,2963
Mexican American,0.44,race,2964
Non-Hispanic Asian,0.2839506172839506,race,2964
Non-Hispanic Black,0.5348837209302325,race,2964
Non-Hispanic White,0.5120593692022264,race,2964
Other Hispanic,0.5422535211267606,race,2964
Other Race - Including Multi-Racial,0.5555555555555556,race,2964
Above 4x poverty line,0.35365853658536583,income,2964
Below poverty line,0.6017441860465116,income,2964
Middle (2-4x),0.45454545454545453,income,2964
Near poverty (1-2x),0.5051282051282051,income,2964
Mexican American,0.465,race,2965
Non-Hispanic Asian,0.2345679012345679,race,2965
Non-Hispanic Black,0.5658914728682171,race,2965
Non-Hispanic White,0.5380333951762524,race,2965
Other Hispanic,0.5,race,2965
Other Race - Including Multi-Racial,0.47619047619047616,race,2965
Above 4x poverty line,0.3076923076923077,income,2965
Below poverty line,0.5591715976331361,income,2965
Middle (2-4x),0.504950495049505,income,2965
Near poverty (1-2x),0.5483870967741935,income,2965
Mexican American,0.485,race,2966
Non-Hispanic Asian,0.2839506172839506,race,2966
Non-Hispanic Black,0.5813953488372093,race,2966
Non-Hispanic White,0.5565862708719852,race,2966
Other Hispanic,0.5,race,2966
Other Race - Including Multi-Racial,0.47619047619047616,race,2966
Above 4x poverty line,0.2839506172839506,income,2966
Below poverty line,0.5944444444444444,income,2966
Middle (2-4x),0.5213032581453634,income,2966
Near poverty (1-2x),0.5607734806629834,income,2966
Mexican American,0.475,race,2967
Non-Hispanic Asian,0.37037037037037035,race,2967
Non-Hispanic Black,0.5697674418604651,race,2967
Non-Hispanic White,0.5473098330241187,race,2967
Other Hispanic,0.5140845070422535,race,2967
Other Race - Including Multi-Racial,0.5873015873015873,race,2967
Above 4x poverty line,0.3567251461988304,income,2967
Below poverty line,0.6103542234332425,income,2967
Middle (2-4x),0.48860759493670886,income,2967
Near poverty (1-2x),0.5685714285714286,income,2967
Mexican American,0.515,race,2968
Non-Hispanic Asian,0.345679012345679,race,2968
Non-Hispanic Black,0.5077519379844961,race,2968
Non-Hispanic White,0.5640074211502782,race,2968
Other Hispanic,0.5563380281690141,race,2968
Other Race - Including Multi-Racial,0.5714285714285714,race,2968
Above 4x poverty line,0.41935483870967744,income,2968
Below poverty line,0.56875,income,2968
Middle (2-4x),0.49176470588235294,income,2968
Near poverty (1-2x),0.587467362924282,income,2968
Mexican American,0.495,race,2969
Non-Hispanic Asian,0.25925925925925924,race,2969
Non-Hispanic Black,0.5736434108527132,race,2969
Non-Hispanic White,0.5695732838589982,race,2969
Other Hispanic,0.4788732394366197,race,2969
Other Race - Including Multi-Racial,0.5396825396825397,race,2969
Above 4x poverty line,0.37349397590361444,income,2969
Below poverty line,0.598314606741573,income,2969
Middle (2-4x),0.4947916666666667,income,2969
Near poverty (1-2x),0.5623342175066313,income,2969
Mexican American,0.46,race,2970
Non-Hispanic Asian,0.30864197530864196,race,2970
Non-Hispanic Black,0.5426356589147286,race,2970
Non-Hispanic White,0.5677179962894249,race,2970
Other Hispanic,0.5,race,2970
Other Race - Including Multi-Racial,0.49206349206349204,race,2970
Above 4x poverty line,0.3271604938271605,income,2970
Below poverty line,0.5959885386819485,income,2970
Middle (2-4x),0.46632124352331605,income,2970
Near poverty (1-2x),0.5803108808290155,income,2970
Mexican American,0.425,race,2971
Non-Hispanic Asian,0.4074074074074074,race,2971
Non-Hispanic Black,0.5813953488372093,race,2971
Non-Hispanic White,0.5473098330241187,race,2971
Other Hispanic,0.5774647887323944,race,2971
Other Race - Including Multi-Racial,0.5396825396825397,race,2971
Above 4x poverty line,0.4140127388535032,income,2971
Below poverty line,0.6118980169971672,income,2971
Middle (2-4x),0.4474327628361858,income,2971
Near poverty (1-2x),0.5906593406593407,income,2971
Mexican American,0.45,race,2972
Non-Hispanic Asian,0.2962962962962963,race,2972
Non-Hispanic Black,0.5116279069767442,race,2972
Non-Hispanic White,0.5565862708719852,race,2972
Other Hispanic,0.5211267605633803,race,2972
Other Race - Including Multi-Racial,0.5714285714285714,race,2972
Above 4x poverty line,0.33093525179856115,income,2972
Below poverty line,0.6070381231671554,income,2972
Middle (2-4x),0.4641975308641975,income,2972
Near poverty (1-2x),0.5402010050251256,income,2972
Mexican American,0.425,race,2973
Non-Hispanic Asian,0.2839506172839506,race,2973
Non-Hispanic Black,0.562015503875969,race,2973
Non-Hispanic White,0.5640074211502782,race,2973
Other Hispanic,0.5633802816901409,race,2973
Other Race - Including Multi-Racial,0.6666666666666666,race,2973
Above 4x poverty line,0.36054421768707484,income,2973
Below poverty line,0.6114130434782609,income,2973
Middle (2-4x),0.4921875,income,2973
Near poverty (1-2x),0.5520833333333334,income,2973
Mexican American,0.47,race,2974
Non-Hispanic Asian,0.2839506172839506,race,2974
Non-Hispanic Black,0.5542635658914729,race,2974
Non-Hispanic White,0.5176252319109462,race,2974
Other Hispanic,0.5985915492957746,race,2974
Other Race - Including Multi-Racial,0.49206349206349204,race,2974
Above 4x poverty line,0.3055555555555556,income,2974
Below poverty line,0.6063218390804598,income,2974
Middle (2-4x),0.4900990099009901,income,2974
Near poverty (1-2x),0.5219638242894057,income,2974
Mexican American,0.405,race,2975
Non-Hispanic Asian,0.25925925925925924,race,2975
Non-Hispanic Black,0.49224806201550386,race,2975
Non-Hispanic White,0.5231910946196661,race,2975
Other Hispanic,0.49295774647887325,race,2975
Other Race - Including Multi-Racial,0.5238095238095238,race,2975
Above 4x poverty line,0.35502958579881655,income,2975
Below poverty line,0.5517241379310345,income,2975
Middle (2-4x),0.4402035623409669,income,2975
Near poverty (1-2x),0.5067024128686327,income,2975
Mexican American,0.44,race,2976
Non-Hispanic Asian,0.30864197530864196,race,2976
Non-Hispanic Black,0.5852713178294574,race,2976
Non-Hispanic White,0.5435992578849722,race,2976
Other Hispanic,0.5563380281690141,race,2976
Other Race - Including Multi-Racial,0.6190476190476191,race,2976
Above 4x poverty line,0.3390804597701149,income,2976
Below poverty line,0.5947521865889213,income,2976
Middle (2-4x),0.5105263157894737,income,2976
Near poverty (1-2x),0.56476683937823835,income,2976
Mexican American,0.54,race,2977
Non-Hispanic Asian,0.30864197530864196,race,2977
Non-Hispanic Black,0.5775193798449613,race,2977
Non-Hispanic White,0.5435992578849722,race,2977
Other Hispanic,0.47183098591549294,race,2977
Other Race - Including Multi-Racial,0.5873015873015873,race,2977
Above 4x poverty line,0.3558282208588957,income,2977
Below poverty line,0.611731843575419,income,2977
Middle (2-4x),0.49453551912568305,income,2977
Near poverty (1-2x),0.5580808080808081,income,2977
Mexican American,0.485,race,2978
Non-Hispanic Asian,0.345679012345679,race,2978
Non-Hispanic Black,0.5775193798449613,race,2978
Non-Hispanic White,0.5435992578849722,race,2978
Other Hispanic,0.5704225352112676,race,2978
Other Race - Including Multi-Racial,0.5079365079365079,race,2978
Above 4x poverty line,0.3374233128834356,income,2978
Below poverty line,0.603448275862069,income,2978
Middle (2-4x),0.5048780487804878,income,2978
Near poverty (1-2x),0.574585635359116,income,2978
Mexican American,0.44,race,2979
Non-Hispanic Asian,0.32098765432098764,race,2979
Non-Hispanic Black,0.5503875968992248,race,2979
Non-Hispanic White,0.5547309833024119,race,2979
Other Hispanic,0.5140845070422535,race,2979
Other Race - Including Multi-Racial,0.4444444444444444,race,2979
Above 4x poverty line,0.34074074074074073,income,2979
Below poverty line,0.6283185840707964,income,2979
Middle (2-4x),0.4439252336448598,income,2979
Near poverty (1-2x),0.5433070866141733,income,2979
Mexican American,0.415,race,2980
Non-Hispanic Asian,0.345679012345679,race,2980
Non-Hispanic Black,0.5348837209302325,race,2980
Non-Hispanic White,0.5936920222634509,race,2980
Other Hispanic,0.4788732394366197,race,2980
Other Race - Including Multi-Racial,0.5555555555555556,race,2980
Above 4x poverty line,0.39375,income,2980
Below poverty line,0.5346820809248555,income,2980
Middle (2-4x),0.5259067357512953,income,2980
Near poverty (1-2x),0.5652173913043478,income,2980
Mexican American,0.405,race,2981
Non-Hispanic Asian,0.3333333333333333,race,2981
Non-Hispanic Black,0.5038759689922481,race,2981
Non-Hispanic White,0.5565862708719852,race,2981
Other Hispanic,0.5774647887323944,race,2981
Other Race - Including Multi-Racial,0.5555555555555556,race,2981
Above 4x poverty line,0.3373493975903614,income,2981
Below poverty line,0.5771428571428572,income,2981
Middle (2-4x),0.4717948717948718,income,2981
Near poverty (1-2x),0.5649867374005305,income,2981
Mexican American,0.455,race,2982
Non-Hispanic Asian,0.4074074074074074,race,2982
Non-Hispanic Black,0.5271317829457365,race,2982
Non-Hispanic White,0.49907235621521334,race,2982
Other Hispanic,0.5492957746478874,race,2982
Other Race - Including Multi-Racial,0.5079365079365079,race,2982
Above 4x poverty line,0.2847682119205298,income,2982
Below poverty line,0.5964912280701754,income,2982
Middle (2-4x),0.43112244897959184,income,2982
Near poverty (1-2x),0.5603015075376885,income,2982
Mexican American,0.435,race,2983
Non-Hispanic Asian,0.2839506172839506,race,2983
Non-Hispanic Black,0.5310077519379846,race,2983
Non-Hispanic White,0.5269016697588126,race,2983
Other Hispanic,0.4788732394366197,race,2983
Other Race - Including Multi-Racial,0.4603174603174603,race,2983
Above 4x poverty line,0.36257309941520466,income,2983
Below poverty line,0.5843373493975904,income,2983
Middle (2-4x),0.4097938144329897,income,2983
Near poverty (1-2x),0.5433673469387755,income,2983
Mexican American,0.415,race,2984
Non-Hispanic Asian,0.32098765432098764,race,2984
Non-Hispanic Black,0.6007751937984496,race,2984
Non-Hispanic White,0.562152133580705,race,2984
Other Hispanic,0.5211267605633803,race,2984
Other Race - Including Multi-Racial,0.49206349206349204,race,2984
Above 4x poverty line,0.4027777777777778,income,2984
Below poverty line,0.5865102639296188,income,2984
Middle (2-4x),0.4838709677419355,income,2984
Near poverty (1-2x),0.5544303797468354,income,2984
Mexican American,0.445,race,2985
Non-Hispanic Asian,0.24691358024691357,race,2985
Non-Hispanic Black,0.5271317829457365,race,2985
Non-Hispanic White,0.5231910946196661,race,2985
Other Hispanic,0.5422535211267606,race,2985
Other Race - Including Multi-Racial,0.6349206349206349,race,2985
Above 4x poverty line,0.2926829268292683,income,2985
Below poverty line,0.5861027190332326,income,2985
Middle (2-4x),0.47607655502392343,income,2985
Near poverty (1-2x),0.5486486486486486,income,2985
Mexican American,0.47,race,2986
Non-Hispanic Asian,0.37037037037037035,race,2986
Non-Hispanic Black,0.562015503875969,race,2986
Non-Hispanic White,0.5454545454545454,race,2986
Other Hispanic,0.5070422535211268,race,2986
Other Race - Including Multi-Racial,0.5873015873015873,race,2986
Above 4x poverty line,0.4049079754601227,income,2986
Below poverty line,0.6115942028985507,income,2986
Middle (2-4x),0.4536082474226804,income,2986
Near poverty (1-2x),0.5658914728682171,income,2986
Mexican American,0.405,race,2987
Non-Hispanic Asian,0.37037037037037035,race,2987
Non-Hispanic Black,0.5465116279069767,race,2987
Non-Hispanic White,0.5139146567717996,race,2987
Other Hispanic,0.5070422535211268,race,2987
Other Race - Including Multi-Racial,0.42857142857142855,race,2987
Above 4x poverty line,0.313953488372093,income,2987
Below poverty line,0.5988200589970502,income,2987
Middle (2-4x),0.4125,income,2987
Near poverty (1-2x),0.553763440860215,income,2987
Mexican American,0.37,race,2988
Non-Hispanic Asian,0.3333333333333333,race,2988
Non-Hispanic Black,0.5503875968992248,race,2988
Non-Hispanic White,0.5677179962894249,race,2988
Other Hispanic,0.5070422535211268,race,2988
Other Race - Including Multi-Racial,0.5079365079365079,race,2988
Above 4x poverty line,0.31724137931034485,income,2988
Below poverty line,0.5887323943661972,income,2988
Middle (2-4x),0.4463840399002494,income,2988
Near poverty (1-2x),0.5732984293193717,income,2988
Mexican American,0.555,race,2989
Non-Hispanic Asian,0.3333333333333333,race,2989
Non-Hispanic Black,0.5155038759689923,race,2989
Non-Hispanic White,0.5732838589981447,race,2989
Other Hispanic,0.5211267605633803,race,2989
Other Race - Including Multi-Racial,0.5714285714285714,race,2989
Above 4x poverty line,0.39520958083832336,income,2989
Below poverty line,0.6160458452722063,income,2989
Middle (2-4x),0.4947916666666667,income,2989
Near poverty (1-2x),0.5718015665796344,income,2989
Mexican American,0.485,race,2990
Non-Hispanic Asian,0.3950617283950617,race,2990
Non-Hispanic Black,0.5155038759689923,race,2990
Non-Hispanic White,0.5287569573283859,race,2990
Other Hispanic,0.4647887323943662,race,2990
Other Race - Including Multi-Racial,0.5079365079365079,race,2990
Above 4x poverty line,0.3539325842696629,income,2990
Below poverty line,0.5730337078651685,income,2990
Middle (2-4x),0.45403899721448465,income,2990
Near poverty (1-2x),0.5512820512820513,income,2990
Mexican American,0.445,race,2991
Non-Hispanic Asian,0.37037037037037035,race,2991
Non-Hispanic Black,0.5465116279069767,race,2991
Non-Hispanic White,0.5287569573283859,race,2991
Other Hispanic,0.5704225352112676,race,2991
Other Race - Including Multi-Racial,0.5079365079365079,race,2991
Above 4x poverty line,0.3269230769230769,income,2991
Below poverty line,0.6204819277108434,income,2991
Middle (2-4x),0.43548387096774194,income,2991
Near poverty (1-2x),0.5650118203309693,income,2991
Mexican American,0.435,race,2992
Non-Hispanic Asian,0.4074074074074074,race,2992
Non-Hispanic Black,0.5697674418604651,race,2992
Non-Hispanic White,0.5231910946196661,race,2992
Other Hispanic,0.4647887323943662,race,2992
Other Race - Including Multi-Racial,0.6031746031746031,race,2992
Above 4x poverty line,0.32051282051282054,income,2992
Below poverty line,0.6023391812865497,income,2992
Middle (2-4x),0.5037783375314862,income,2992
Near poverty (1-2x),0.5077319587628866,income,2992
Mexican American,0.44,race,2993
Non-Hispanic Asian,0.2962962962962963,race,2993
Non-Hispanic Black,0.5348837209302325,race,2993
Non-Hispanic White,0.5398886827458256,race,2993
Other Hispanic,0.5985915492957746,race,2993
Other Race - Including Multi-Racial,0.5396825396825397,race,2993
Above 4x poverty line,0.31213872832369943,income,2993
Below poverty line,0.5743440233236151,income,2993
Middle (2-4x),0.48186528497409326,income,2993
Near poverty (1-2x),0.5853018372703412,income,2993
Mexican American,0.405,race,2994
Non-Hispanic Asian,0.30864197530864196,race,2994
Non-Hispanic Black,0.5968992248062015,race,2994
Non-Hispanic White,0.5287569573283859,race,2994
Other Hispanic,0.5422535211267606,race,2994
Other Race - Including Multi-Racial,0.47619047619047616,race,2994
Above 4x poverty line,0.3333333333333333,income,2994
Below poverty line,0.5571847507331378,income,2994
Middle (2-4x),0.4834123222748815,income,2994
Near poverty (1-2x),0.5659340659340659,income,2994
Mexican American,0.445,race,2995
Non-Hispanic Asian,0.2345679012345679,race,2995
Non-Hispanic Black,0.5736434108527132,race,2995
Non-Hispanic White,0.5250463821892394,race,2995
Other Hispanic,0.5633802816901409,race,2995
Other Race - Including Multi-Racial,0.6031746031746031,race,2995
Above 4x poverty line,0.32142857142857145,income,2995
Below poverty line,0.5936675461741425,income,2995
Middle (2-4x),0.46329113924050636,income,2995
Near poverty (1-2x),0.5528455284552846,income,2995
Mexican American,0.415,race,2996
Non-Hispanic Asian,0.345679012345679,race,2996
Non-Hispanic Black,0.5271317829457365,race,2996
Non-Hispanic White,0.562152133580705,race,2996
Other Hispanic,0.5422535211267606,race,2996
Other Race - Including Multi-Racial,0.5714285714285714,race,2996
Above 4x poverty line,0.36645962732919257,income,2996
Below poverty line,0.5521126760563381,income,2996
Middle (2-4x),0.5040431266846361,income,2996
Near poverty (1-2x),0.5580808080808081,income,2996
Mexican American,0.425,race,2997
Non-Hispanic Asian,0.4567901234567901,race,2997
Non-Hispanic Black,0.5310077519379846,race,2997
Non-Hispanic White,0.5807050092764379,race,2997
Other Hispanic,0.528169014084507,race,2997
Other Race - Including Multi-Racial,0.5873015873015873,race,2997
Above 4x poverty line,0.38414634146341464,income,2997
Below poverty line,0.6178861788617886,income,2997
Middle (2-4x),0.4986449864498645,income,2997
Near poverty (1-2x),0.5485564304461942,income,2997
Mexican American,0.395,race,2998
Non-Hispanic Asian,0.30864197530864196,race,2998
Non-Hispanic Black,0.5658914728682171,race,2998
Non-Hispanic White,0.5435992578849722,race,2998
Other Hispanic,0.5352112676056338,race,2998
Other Race - Including Multi-Racial,0.5714285714285714,race,2998
Above 4x poverty line,0.34965034965034963,income,2998
Below poverty line,0.5845697329376854,income,2998
Middle (2-4x),0.43795620437956206,income,2998
Near poverty (1-2x),0.5816326530612245,income,2998
Mexican American,0.415,race,2999
Non-Hispanic Asian,0.3950617283950617,race,2999
Non-Hispanic Black,0.5891472868217055,race,2999
Non-Hispanic White,0.5732838589981447,race,2999
Other Hispanic,0.5492957746478874,race,2999
Other Race - Including Multi-Racial,0.49206349206349204,race,2999
Above 4x poverty line,0.35802469135802467,income,2999
Below poverty line,0.6246246246246246,income,2999
Middle (2-4x),0.48641975308641977,income,2999
Near poverty (1-2x),0.5796344647519582,income,2999
Mexican American,0.49,race,3000
Non-Hispanic Asian,0.30864197530864196,race,3000
Non-Hispanic Black,0.5581395348837209,race,3000
Non-Hispanic White,0.5306122448979592,race,3000
Other Hispanic,0.528169014084507,race,3000
Other Race - Including Multi-Racial,0.5079365079365079,race,3000
Above 4x poverty line,0.31875,income,3000
Below poverty line,0.5710059171597633,income,3000
Middle (2-4x),0.48586118251928023,income,3000
Near poverty (1-2x),0.5732323232323232,income,3000
Mexican American,0.47,race,3001
Non-Hispanic Asian,0.32098765432098764,race,3001
Non-Hispanic Black,0.5736434108527132,race,3001
Non-Hispanic White,0.5454545454545454,race,3001
Other Hispanic,0.5070422535211268,race,3001
Other Race - Including Multi-Racial,0.5238095238095238,race,3001
Above 4x poverty line,0.33540372670807456,income,3001
Below poverty line,0.5818713450292398,income,3001
Middle (2-4x),0.4910941475826972,income,3001
Near poverty (1-2x),0.5710594315245479,income,3001
Mexican American,0.455,race,3002
Non-Hispanic Asian,0.2962962962962963,race,3002
Non-Hispanic Black,0.5271317829457365,race,3002
Non-Hispanic White,0.562152133580705,race,3002
Other Hispanic,0.5633802816901409,race,3002
Other Race - Including Multi-Racial,0.5079365079365079,race,3002
Above 4x poverty line,0.38650306748466257,income,3002
Below poverty line,0.6121883656509696,income,3002
Middle (2-4x),0.456,income,3002
Near poverty (1-2x),0.5494791666666666,income,3002
Mexican American,0.51,race,3003
Non-Hispanic Asian,0.2839506172839506,race,3003
Non-Hispanic Black,0.6046511627906976,race,3003
Non-Hispanic White,0.5213358070500927,race,3003
Other Hispanic,0.5563380281690141,race,3003
Other Race - Including Multi-Racial,0.5238095238095238,race,3003
Above 4x poverty line,0.36416184971098264,income,3003
Below poverty line,0.6042944785276073,income,3003
Middle (2-4x),0.45077720207253885,income,3003
Near poverty (1-2x),0.6030150753768844,income,3003
Mexican American,0.45,race,3004
Non-Hispanic Asian,0.2839506172839506,race,3004
Non-Hispanic Black,0.5465116279069767,race,3004
Non-Hispanic White,0.5269016697588126,race,3004
Other Hispanic,0.5492957746478874,race,3004
Other Race - Including Multi-Racial,0.6349206349206349,race,3004
Above 4x poverty line,0.32335329341317365,income,3004
Below poverty line,0.6309148264984227,income,3004
Middle (2-4x),0.46919431279620855,income,3004
Near poverty (1-2x),0.5411140583554377,income,3004
Mexican American,0.495,race,3005
Non-Hispanic Asian,0.38271604938271603,race,3005
Non-Hispanic Black,0.5038759689922481,race,3005
Non-Hispanic White,0.5510204081632653,race,3005
Other Hispanic,0.528169014084507,race,3005
Other Race - Including Multi-Racial,0.5714285714285714,race,3005
Above 4x poverty line,0.35443037974683544,income,3005
Below poverty line,0.577259475218659,income,3005
Middle (2-4x),0.47802197802197804,income,3005
Near poverty (1-2x),0.5741626794258373,income,3005
Mexican American,0.46,race,3006
Non-Hispanic Asian,0.3950617283950617,race,3006
Non-Hispanic Black,0.5503875968992248,race,3006
Non-Hispanic White,0.5064935064935064,race,3006
Other Hispanic,0.5492957746478874,race,3006
Other Race - Including Multi-Racial,0.6031746031746031,race,3006
Above 4x poverty line,0.3141025641025641,income,3006
Below poverty line,0.6,income,3006
Middle (2-4x),0.4675324675324675,income,3006
Near poverty (1-2x),0.5510204081632653,income,3006
Mexican American,0.46,race,3007
Non-Hispanic Asian,0.38271604938271603,race,3007
Non-Hispanic Black,0.562015503875969,race,3007
Non-Hispanic White,0.5324675324675324,race,3007
Other Hispanic,0.5070422535211268,race,3007
Other Race - Including Multi-Racial,0.4126984126984127,race,3007
Above 4x poverty line,0.352112676056338,income,3007
Below poverty line,0.6035502958579881,income,3007
Middle (2-4x),0.44801980198019803,income,3007
Near poverty (1-2x),0.5463659147869674,income,3007
Mexican American,0.47,race,3008
Non-Hispanic Asian,0.2962962962962963,race,3008
Non-Hispanic Black,0.6007751937984496,race,3008
Non-Hispanic White,0.5194805194805194,race,3008
Other Hispanic,0.5211267605633803,race,3008
Other Race - Including Multi-Racial,0.6507936507936508,race,3008
Above 4x poverty line,0.36619718309859156,income,3008
Below poverty line,0.5921052631578947,income,3008
Middle (2-4x),0.4731182795698925,income,3008
Near poverty (1-2x),0.5526992287917738,income,3008
Mexican American,0.45,race,3009
Non-Hispanic Asian,0.345679012345679,race,3009
Non-Hispanic Black,0.5426356589147286,race,3009
Non-Hispanic White,0.5473098330241187,race,3009
Other Hispanic,0.4859154929577465,race,3009
Other Race - Including Multi-Racial,0.5238095238095238,race,3009
Above 4x poverty line,0.35294117647058826,income,3009
Below poverty line,0.574585635359116,income,3009
Middle (2-4x),0.47368421052631576,income,3009
Near poverty (1-2x),0.5440414507772021,income,3009
Mexican American,0.47,race,3010
Non-Hispanic Asian,0.345679012345679,race,3010
Non-Hispanic Black,0.5465116279069767,race,3010
Non-Hispanic White,0.5269016697588126,race,3010
Other Hispanic,0.5211267605633803,race,3010
Other Race - Including Multi-Racial,0.5873015873015873,race,3010
Above 4x poverty line,0.3248407643312102,income,3010
Below poverty line,0.60932944606414,income,3010
Middle (2-4x),0.4617283950617284,income,3010
Near poverty (1-2x),0.5582010582010583,income,3010
Mexican American,0.48,race,3011
Non-Hispanic Asian,0.35802469135802467,race,3011
Non-Hispanic Black,0.5736434108527132,race,3011
Non-Hispanic White,0.5157699443413729,race,3011
Other Hispanic,0.5211267605633803,race,3011
Other Race - Including Multi-Racial,0.49206349206349204,race,3011
Above 4x poverty line,0.30857142857142855,income,3011
Below poverty line,0.6394984326018809,income,3011
Middle (2-4x),0.44634146341463415,income,3011
Near poverty (1-2x),0.5672823218997362,income,3011
Mexican American,0.45,race,3012
Non-Hispanic Asian,0.3333333333333333,race,3012
Non-Hispanic Black,0.5077519379844961,race,3012
Non-Hispanic White,0.5102040816326531,race,3012
Other Hispanic,0.5845070422535211,race,3012
Other Race - Including Multi-Racial,0.5396825396825397,race,3012
Above 4x poverty line,0.2866666666666667,income,3012
Below poverty line,0.5617977528089888,income,3012
Middle (2-4x),0.461734693877551,income,3012
Near poverty (1-2x),0.561038961038961,income,3012
Mexican American,0.44,race,3013
Non-Hispanic Asian,0.345679012345679,race,3013
Non-Hispanic Black,0.5465116279069767,race,3013
Non-Hispanic White,0.5714285714285714,race,3013
Other Hispanic,0.528169014084507,race,3013
Other Race - Including Multi-Racial,0.5238095238095238,race,3013
Above 4x poverty line,0.3433734939759036,income,3013
Below poverty line,0.6358208955223881,income,3013
Middle (2-4x),0.49230769230769234,income,3013
Near poverty (1-2x),0.5382653061224489,income,3013
Mexican American,0.425,race,3014
Non-Hispanic Asian,0.3333333333333333,race,3014
Non-Hispanic Black,0.5,race,3014
Non-Hispanic White,0.536178107606679,race,3014
Other Hispanic,0.5774647887323944,race,3014
Other Race - Including Multi-Racial,0.42857142857142855,race,3014
Above 4x poverty line,0.3785310734463277,income,3014
Below poverty line,0.5641025641025641,income,3014
Middle (2-4x),0.46973365617433416,income,3014
Near poverty (1-2x),0.5301837270341208,income,3014
Mexican American,0.505,race,3015
Non-Hispanic Asian,0.30864197530864196,race,3015
Non-Hispanic Black,0.6046511627906976,race,3015
Non-Hispanic White,0.536178107606679,race,3015
Other Hispanic,0.5352112676056338,race,3015
Other Race - Including Multi-Racial,0.47619047619047616,race,3015
Above 4x poverty line,0.37012987012987014,income,3015
Below poverty line,0.6158357771260997,income,3015
Middle (2-4x),0.5012853470437018,income,3015
Near poverty (1-2x),0.5388471177944862,income,3015
Mexican American,0.5,race,3016
Non-Hispanic Asian,0.37037037037037035,race,3016
Non-Hispanic Black,0.5581395348837209,race,3016
Non-Hispanic White,0.5139146567717996,race,3016
Other Hispanic,0.528169014084507,race,3016
Other Race - Including Multi-Racial,0.5238095238095238,race,3016
Above 4x poverty line,0.39263803680981596,income,3016
Below poverty line,0.5377643504531722,income,3016
Middle (2-4x),0.47715736040609136,income,3016
Near poverty (1-2x),0.579746835443038,income,3016
Mexican American,0.5,race,3017
Non-Hispanic Asian,0.32098765432098764,race,3017
Non-Hispanic Black,0.5232558139534884,race,3017
Non-Hispanic White,0.5788497217068646,race,3017
Other Hispanic,0.5563380281690141,race,3017
Other Race - Including Multi-Racial,0.5396825396825397,race,3017
Above 4x poverty line,0.3870967741935484,income,3017
Below poverty line,0.6035502958579881,income,3017
Middle (2-4x),0.5051020408163265,income,3017
Near poverty (1-2x),0.5628140703517588,income,3017
Mexican American,0.42,race,3018
Non-Hispanic Asian,0.3333333333333333,race,3018
Non-Hispanic Black,0.5465116279069767,race,3018
Non-Hispanic White,0.5565862708719852,race,3018
Other Hispanic,0.676056338028169,race,3018
Other Race - Including Multi-Racial,0.5396825396825397,race,3018
Above 4x poverty line,0.30434782608695654,income,3018
Below poverty line,0.6049723756906077,income,3018
Middle (2-4x),0.5264550264550265,income,3018
Near poverty (1-2x),0.56282722513089,income,3018
Mexican American,0.465,race,3019
Non-Hispanic Asian,0.32098765432098764,race,3019
Non-Hispanic Black,0.5775193798449613,race,3019
Non-Hispanic White,0.5602968460111317,race,3019
Other Hispanic,0.5845070422535211,race,3019
Other Race - Including Multi-Racial,0.5238095238095238,race,3019
Above 4x poverty line,0.36875,income,3019
Below poverty line,0.5792682926829268,income,3019
Middle (2-4x),0.506265664160401,income,3019
Near poverty (1-2x),0.5934343434343434,income,3019
Mexican American,0.47,race,3020
Non-Hispanic Asian,0.345679012345679,race,3020
Non-Hispanic Black,0.5658914728682171,race,3020
Non-Hispanic White,0.5398886827458256,race,3020
Other Hispanic,0.5774647887323944,race,3020
Other Race - Including Multi-Racial,0.4603174603174603,race,3020
Above 4x poverty line,0.34868421052631576,income,3020
Below poverty line,0.6284916201117319,income,3020
Middle (2-4x),0.4472361809045226,income,3020
Near poverty (1-2x),0.5706666666666667,income,3020
Mexican American,0.46,race,3021
Non-Hispanic Asian,0.32098765432098764,race,3021
Non-Hispanic Black,0.5775193798449613,race,3021
Non-Hispanic White,0.5213358070500927,race,3021
Other Hispanic,0.528169014084507,race,3021
Other Race - Including Multi-Racial,0.6190476190476191,race,3021
Above 4x poverty line,0.3592814371257485,income,3021
Below poverty line,0.6005665722379604,income,3021
Middle (2-4x),0.45566502463054187,income,3021
Near poverty (1-2x),0.5742296918767507,income,3021
Mexican American,0.45,race,3022
Non-Hispanic Asian,0.3333333333333333,race,3022
Non-Hispanic Black,0.5310077519379846,race,3022
Non-Hispanic White,0.5435992578849722,race,3022
Other Hispanic,0.5563380281690141,race,3022
Other Race - Including Multi-Racial,0.6031746031746031,race,3022
Above 4x poverty line,0.32450331125827814,income,3022
Below poverty line,0.592797783933518,income,3022
Middle (2-4x),0.48031496062992124,income,3022
Near poverty (1-2x),0.558974358974359,income,3022
Mexican American,0.51,race,3023
Non-Hispanic Asian,0.35802469135802467,race,3023
Non-Hispanic Black,0.4844961240310077,race,3023
Non-Hispanic White,0.4972170686456401,race,3023
Other Hispanic,0.5211267605633803,race,3023
Other Race - Including Multi-Racial,0.5714285714285714,race,3023
Above 4x poverty line,0.3433734939759036,income,3023
Below poverty line,0.5932721712538226,income,3023
Middle (2-4x),0.4536082474226804,income,3023
Near poverty (1-2x),0.5149253731343284,income,3023
Mexican American,0.47,race,3024
Non-Hispanic Asian,0.4444444444444444,race,3024
Non-Hispanic Black,0.5697674418604651,race,3024
Non-Hispanic White,0.5250463821892394,race,3024
Other Hispanic,0.5422535211267606,race,3024
Other Race - Including Multi-Racial,0.4444444444444444,race,3024
Above 4x poverty line,0.3157894736842105,income,3024
Below poverty line,0.598404255319149,income,3024
Middle (2-4x),0.4873096446700508,income,3024
Near poverty (1-2x),0.554016620498615,income,3024
Mexican American,0.49,race,3025
Non-Hispanic Asian,0.38271604938271603,race,3025
Non-Hispanic Black,0.5077519379844961,race,3025
Non-Hispanic White,0.5306122448979592,race,3025
Other Hispanic,0.5352112676056338,race,3025
Other Race - Including Multi-Racial,0.5238095238095238,race,3025
Above 4x poverty line,0.3,income,3025
Below poverty line,0.5875706214689266,income,3025
Middle (2-4x),0.4805194805194805,income,3025
Near poverty (1-2x),0.5641711229946524,income,3025
Mexican American,0.375,race,3026
Non-Hispanic Asian,0.35802469135802467,race,3026
Non-Hispanic Black,0.5775193798449613,race,3026
Non-Hispanic White,0.5547309833024119,race,3026
Other Hispanic,0.5704225352112676,race,3026
Other Race - Including Multi-Racial,0.6190476190476191,race,3026
Above 4x poverty line,0.33548387096774196,income,3026
Below poverty line,0.6291208791208791,income,3026
Middle (2-4x),0.46875,income,3026
Near poverty (1-2x),0.5552631578947368,income,3026
Mexican American,0.39,race,3027
Non-Hispanic Asian,0.24691358024691357,race,3027
Non-Hispanic Black,0.5193798449612403,race,3027
Non-Hispanic White,0.5658627087198516,race,3027
Other Hispanic,0.5352112676056338,race,3027
Other Race - Including Multi-Racial,0.5873015873015873,race,3027
Above 4x poverty line,0.31976744186046513,income,3027
Below poverty line,0.5982142857142857,income,3027
Middle (2-4x),0.4613333333333333,income,3027
Near poverty (1-2x),0.5525,income,3027
Mexican American,0.505,race,3028
Non-Hispanic Asian,0.35802469135802467,race,3028
Non-Hispanic Black,0.5736434108527132,race,3028
Non-Hispanic White,0.588126159554731,race,3028
Other Hispanic,0.5633802816901409,race,3028
Other Race - Including Multi-Racial,0.5714285714285714,race,3028
Above 4x poverty line,0.3708609271523179,income,3028
Below poverty line,0.6147540983606558,income,3028
Middle (2-4x),0.5139949109414759,income,3028
Near poverty (1-2x),0.6112600536193029,income,3028
Mexican American,0.42,race,3029
Non-Hispanic Asian,0.2839506172839506,race,3029
Non-Hispanic Black,0.5736434108527132,race,3029
Non-Hispanic White,0.536178107606679,race,3029
Other Hispanic,0.6056338028169014,race,3029
Other Race - Including Multi-Racial,0.4444444444444444,race,3029
Above 4x poverty line,0.3422818791946309,income,3029
Below poverty line,0.5910364145658263,income,3029
Middle (2-4x),0.4948453608247423,income,3029
Near poverty (1-2x),0.5244215938303342,income,3029
Mexican American,0.48,race,3030
Non-Hispanic Asian,0.30864197530864196,race,3030
Non-Hispanic Black,0.5310077519379846,race,3030
Non-Hispanic White,0.5510204081632653,race,3030
Other Hispanic,0.4859154929577465,race,3030
Other Race - Including Multi-Racial,0.5079365079365079,race,3030
Above 4x poverty line,0.2903225806451613,income,3030
Below poverty line,0.6318840579710145,income,3030
Middle (2-4x),0.42377260981912146,income,3030
Near poverty (1-2x),0.5782828282828283,income,3030
Mexican American,0.425,race,3031
Non-Hispanic Asian,0.35802469135802467,race,3031
Non-Hispanic Black,0.5775193798449613,race,3031
Non-Hispanic White,0.5510204081632653,race,3031
Other Hispanic,0.6056338028169014,race,3031
Other Race - Including Multi-Racial,0.6190476190476191,race,3031
Above 4x poverty line,0.3935483870967742,income,3031
Below poverty line,0.6132596685082873,income,3031
Middle (2-4x),0.49622166246851385,income,3031
Near poverty (1-2x),0.5555555555555556,income,3031
Mexican American,0.45,race,3032
Non-Hispanic Asian,0.38271604938271603,race,3032
Non-Hispanic Black,0.5930232558139535,race,3032
Non-Hispanic White,0.5454545454545454,race,3032
Other Hispanic,0.4647887323943662,race,3032
Other Race - Including Multi-Racial,0.6031746031746031,race,3032
Above 4x poverty line,0.3522012578616352,income,3032
Below poverty line,0.6112759643916914,income,3032
Middle (2-4x),0.49081364829396323,income,3032
Near poverty (1-2x),0.5492610837438424,income,3032
Mexican American,0.42,race,3033
Non-Hispanic Asian,0.38271604938271603,race,3033
Non-Hispanic Black,0.6046511627906976,race,3033
Non-Hispanic White,0.5380333951762524,race,3033
Other Hispanic,0.5704225352112676,race,3033
Other Race - Including Multi-Racial,0.5396825396825397,race,3033
Above 4x poverty line,0.37579617834394907,income,3033
Below poverty line,0.5906432748538012,income,3033
Middle (2-4x),0.5012285012285013,income,3033
Near poverty (1-2x),0.5596816976127321,income,3033
Mexican American,0.475,race,3034
Non-Hispanic Asian,0.2839506172839506,race,3034
Non-Hispanic Black,0.5310077519379846,race,3034
Non-Hispanic White,0.5417439703153989,race,3034
Other Hispanic,0.5845070422535211,race,3034
Other Race - Including Multi-Racial,0.5555555555555556,race,3034
Above 4x poverty line,0.2976190476190476,income,3034
Below poverty line,0.5920679886685553,income,3034
Middle (2-4x),0.48787061994609165,income,3034
Near poverty (1-2x),0.5754475703324808,income,3034
Mexican American,0.36,race,3035
Non-Hispanic Asian,0.2839506172839506,race,3035
Non-Hispanic Black,0.5426356589147286,race,3035
Non-Hispanic White,0.5695732838589982,race,3035
Other Hispanic,0.5422535211267606,race,3035
Other Race - Including Multi-Racial,0.5396825396825397,race,3035
Above 4x poverty line,0.37748344370860926,income,3035
Below poverty line,0.6033057851239669,income,3035
Middle (2-4x),0.4533333333333333,income,3035
Near poverty (1-2x),0.5253807106598984,income,3035
Mexican American,0.435,race,3036
Non-Hispanic Asian,0.32098765432098764,race,3036
Non-Hispanic Black,0.5852713178294574,race,3036
Non-Hispanic White,0.5250463821892394,race,3036
Other Hispanic,0.5633802816901409,race,3036
Other Race - Including Multi-Racial,0.5873015873015873,race,3036
Above 4x poverty line,0.29605263157894735,income,3036
Below poverty line,0.5742296918767507,income,3036
Middle (2-4x),0.5260416666666666,income,3036
Near poverty (1-2x),0.5435897435897435,income,3036
Mexican American,0.445,race,3037
Non-Hispanic Asian,0.4074074074074074,race,3037
Non-Hispanic Black,0.5387596899224806,race,3037
Non-Hispanic White,0.5046382189239332,race,3037
Other Hispanic,0.528169014084507,race,3037
Other Race - Including Multi-Racial,0.6349206349206349,race,3037
Above 4x poverty line,0.3275862068965517,income,3037
Below poverty line,0.5445544554455446,income,3037
Middle (2-4x),0.46898263027295284,income,3037
Near poverty (1-2x),0.5880893300248139,income,3037
Mexican American,0.445,race,3038
Non-Hispanic Asian,0.3950617283950617,race,3038
Non-Hispanic Black,0.5232558139534884,race,3038
Non-Hispanic White,0.5269016697588126,race,3038
Other Hispanic,0.5070422535211268,race,3038
Other Race - Including Multi-Racial,0.4444444444444444,race,3038
Above 4x poverty line,0.26993865030674846,income,3038
Below poverty line,0.6146788990825688,income,3038
Middle (2-4x),0.41421568627450983,income,3038
Near poverty (1-2x),0.587012987012987,income,3038
Mexican American,0.445,race,3039
Non-Hispanic Asian,0.35802469135802467,race,3039
Non-Hispanic Black,0.49612403100775193,race,3039
Non-Hispanic White,0.5454545454545454,race,3039
Other Hispanic,0.47183098591549294,race,3039
Other Race - Including Multi-Racial,0.5079365079365079,race,3039
Above 4x poverty line,0.32947976878612717,income,3039
Below poverty line,0.6033057851239669,income,3039
Middle (2-4x),0.45985401459854014,income,3039
Near poverty (1-2x),0.5178571428571429,income,3039
Mexican American,0.43,race,3040
Non-Hispanic Asian,0.4074074074074074,race,3040
Non-Hispanic Black,0.5116279069767442,race,3040
Non-Hispanic White,0.5176252319109462,race,3040
Other Hispanic,0.5140845070422535,race,3040
Other Race - Including Multi-Racial,0.5396825396825397,race,3040
Above 4x poverty line,0.3202247191011236,income,3040
Below poverty line,0.579250720461095,income,3040
Middle (2-4x),0.46194225721784776,income,3040
Near poverty (1-2x),0.5384615384615384,income,3040
Mexican American,0.395,race,3041
Non-Hispanic Asian,0.2839506172839506,race,3041
Non-Hispanic Black,0.49612403100775193,race,3041
Non-Hispanic White,0.536178107606679,race,3041
Other Hispanic,0.5352112676056338,race,3041
Other Race - Including Multi-Racial,0.49206349206349204,race,3041
Above 4x poverty line,0.31756756756756754,income,3041
Below poverty line,0.5810055865921788,income,3041
Middle (2-4x),0.4320388349514563,income,3041
Near poverty (1-2x),0.5287671232876713,income,3041
Mexican American,0.495,race,3042
Non-Hispanic Asian,0.35802469135802467,race,3042
Non-Hispanic Black,0.5581395348837209,race,3042
Non-Hispanic White,0.5677179962894249,race,3042
Other Hispanic,0.5915492957746479,race,3042
Other Race - Including Multi-Racial,0.6349206349206349,race,3042
Above 4x poverty line,0.4620253164556962,income,3042
Below poverty line,0.6353276353276354,income,3042
Middle (2-4x),0.4782608695652174,income,3042
Near poverty (1-2x),0.5777777777777777,income,3042
Mexican American,0.485,race,3043
Non-Hispanic Asian,0.3333333333333333,race,3043
Non-Hispanic Black,0.562015503875969,race,3043
Non-Hispanic White,0.5584415584415584,race,3043
Other Hispanic,0.5352112676056338,race,3043
Other Race - Including Multi-Racial,0.5238095238095238,race,3043
Above 4x poverty line,0.3271604938271605,income,3043
Below poverty line,0.6324786324786325,income,3043
Middle (2-4x),0.48284313725490197,income,3043
Near poverty (1-2x),0.5718232044198895,income,3043
Mexican American,0.475,race,3044
Non-Hispanic Asian,0.35802469135802467,race,3044
Non-Hispanic Black,0.5581395348837209,race,3044
Non-Hispanic White,0.5139146567717996,race,3044
Other Hispanic,0.5915492957746479,race,3044
Other Race - Including Multi-Racial,0.5555555555555556,race,3044
Above 4x poverty line,0.3333333333333333,income,3044
Below poverty line,0.6097560975609756,income,3044
Middle (2-4x),0.47029702970297027,income,3044
Near poverty (1-2x),0.5620253164556962,income,3044
Mexican American,0.415,race,3045
Non-Hispanic Asian,0.37037037037037035,race,3045
Non-Hispanic Black,0.5697674418604651,race,3045
Non-Hispanic White,0.5788497217068646,race,3045
Other Hispanic,0.5492957746478874,race,3045
Other Race - Including Multi-Racial,0.6031746031746031,race,3045
Above 4x poverty line,0.4049079754601227,income,3045
Below poverty line,0.6179775280898876,income,3045
Middle (2-4x),0.4781491002570694,income,3045
Near poverty (1-2x),0.576,income,3045
Mexican American,0.475,race,3046
Non-Hispanic Asian,0.3950617283950617,race,3046
Non-Hispanic Black,0.5658914728682171,race,3046
Non-Hispanic White,0.5658627087198516,race,3046
Other Hispanic,0.5774647887323944,race,3046
Other Race - Including Multi-Racial,0.5714285714285714,race,3046
Above 4x poverty line,0.34394904458598724,income,3046
Below poverty line,0.5989010989010989,income,3046
Middle (2-4x),0.524547803617571,income,3046
Near poverty (1-2x),0.5893333333333334,income,3046
Mexican American,0.435,race,3047
Non-Hispanic Asian,0.3333333333333333,race,3047
Non-Hispanic Black,0.5348837209302325,race,3047
Non-Hispanic White,0.5658627087198516,race,3047
Other Hispanic,0.5492957746478874,race,3047
Other Race - Including Multi-Racial,0.5873015873015873,race,3047
Above 4x poverty line,0.30246913580246915,income,3047
Below poverty line,0.6239067055393586,income,3047
Middle (2-4x),0.4734042553191489,income,3047
Near poverty (1-2x),0.5746268656716418,income,3047
Mexican American,0.455,race,3048
Non-Hispanic Asian,0.345679012345679,race,3048
Non-Hispanic Black,0.5581395348837209,race,3048
Non-Hispanic White,0.575139146567718,race,3048
Other Hispanic,0.5633802816901409,race,3048
Other Race - Including Multi-Racial,0.5714285714285714,race,3048
Above 4x poverty line,0.3395061728395062,income,3048
Below poverty line,0.6156156156156156,income,3048
Middle (2-4x),0.5026737967914439,income,3048
Near poverty (1-2x),0.5821256038647343,income,3048
Mexican American,0.43,race,3049
Non-Hispanic Asian,0.2962962962962963,race,3049
Non-Hispanic Black,0.5116279069767442,race,3049
Non-Hispanic White,0.575139146567718,race,3049
Other Hispanic,0.5774647887323944,race,3049
Other Race - Including Multi-Racial,0.6031746031746031,race,3049
Above 4x poverty line,0.4117647058823529,income,3049
Below poverty line,0.6010928961748634,income,3049
Middle (2-4x),0.4659949622166247,income,3049
Near poverty (1-2x),0.5494791666666666,income,3049
Mexican American,0.46,race,3050
Non-Hispanic Asian,0.2716049382716049,race,3050
Non-Hispanic Black,0.4883720930232558,race,3050
Non-Hispanic White,0.5306122448979592,race,3050
Other Hispanic,0.5422535211267606,race,3050
Other Race - Including Multi-Racial,0.5396825396825397,race,3050
Above 4x poverty line,0.33548387096774196,income,3050
Below poverty line,0.5784883720930233,income,3050
Middle (2-4x),0.4469135802469136,income,3050
Near poverty (1-2x),0.5408970976253298,income,3050
Mexican American,0.505,race,3051
Non-Hispanic Asian,0.38271604938271603,race,3051
Non-Hispanic Black,0.5348837209302325,race,3051
Non-Hispanic White,0.5510204081632653,race,3051
Other Hispanic,0.5422535211267606,race,3051
Other Race - Including Multi-Racial,0.6031746031746031,race,3051
Above 4x poverty line,0.32934131736526945,income,3051
Below poverty line,0.6129943502824858,income,3051
Middle (2-4x),0.4945054945054945,income,3051
Near poverty (1-2x),0.5778894472361809,income,3051
Mexican American,0.455,race,3052
Non-Hispanic Asian,0.2839506172839506,race,3052
Non-Hispanic Black,0.562015503875969,race,3052
Non-Hispanic White,0.5473098330241187,race,3052
Other Hispanic,0.528169014084507,race,3052
Other Race - Including Multi-Racial,0.5079365079365079,race,3052
Above 4x poverty line,0.33093525179856115,income,3052
Below poverty line,0.5676392572944297,income,3052
Middle (2-4x),0.46632124352331605,income,3052
Near poverty (1-2x),0.5800524934383202,income,3052
Mexican American,0.485,race,3053
Non-Hispanic Asian,0.24691358024691357,race,3053
Non-Hispanic Black,0.49224806201550386,race,3053
Non-Hispanic White,0.5083487940630798,race,3053
Other Hispanic,0.5422535211267606,race,3053
Other Race - Including Multi-Racial,0.4126984126984127,race,3053
Above 4x poverty line,0.29559748427672955,income,3053
Below poverty line,0.5824175824175825,income,3053
Middle (2-4x),0.45287958115183247,income,3053
Near poverty (1-2x),0.5,income,3053
Mexican American,0.42,race,3054
Non-Hispanic Asian,0.2839506172839506,race,3054
Non-Hispanic Black,0.5581395348837209,race,3054
Non-Hispanic White,0.5547309833024119,race,3054
Other Hispanic,0.528169014084507,race,3054
Other Race - Including Multi-Racial,0.4444444444444444,race,3054
Above 4x poverty line,0.3221476510067114,income,3054
Below poverty line,0.5730994152046783,income,3054
Middle (2-4x),0.4684466019417476,income,3054
Near poverty (1-2x),0.5684210526315789,income,3054
Mexican American,0.475,race,3055
Non-Hispanic Asian,0.30864197530864196,race,3055
Non-Hispanic Black,0.5426356589147286,race,3055
Non-Hispanic White,0.5640074211502782,race,3055
Other Hispanic,0.528169014084507,race,3055
Other Race - Including Multi-Racial,0.6349206349206349,race,3055
Above 4x poverty line,0.3291139240506329,income,3055
Below poverty line,0.5903954802259888,income,3055
Middle (2-4x),0.49595687331536387,income,3055
Near poverty (1-2x),0.585,income,3055
Mexican American,0.48,race,3056
Non-Hispanic Asian,0.2962962962962963,race,3056
Non-Hispanic Black,0.5426356589147286,race,3056
Non-Hispanic White,0.5176252319109462,race,3056
Other Hispanic,0.5422535211267606,race,3056
Other Race - Including Multi-Racial,0.3492063492063492,race,3056
Above 4x poverty line,0.3724137931034483,income,3056
Below poverty line,0.5543175487465181,income,3056
Middle (2-4x),0.47058823529411764,income,3056
Near poverty (1-2x),0.5180412371134021,income,3056
Mexican American,0.44,race,3057
Non-Hispanic Asian,0.41975308641975306,race,3057
Non-Hispanic Black,0.5193798449612403,race,3057
Non-Hispanic White,0.5306122448979592,race,3057
Other Hispanic,0.5422535211267606,race,3057
Other Race - Including Multi-Racial,0.5555555555555556,race,3057
Above 4x poverty line,0.32679738562091504,income,3057
Below poverty line,0.5705705705705706,income,3057
Middle (2-4x),0.4621409921671018,income,3057
Near poverty (1-2x),0.572463768115942,income,3057
Mexican American,0.415,race,3058
Non-Hispanic Asian,0.37037037037037035,race,3058
Non-Hispanic Black,0.5465116279069767,race,3058
Non-Hispanic White,0.549165120593692,race,3058
Other Hispanic,0.5140845070422535,race,3058
Other Race - Including Multi-Racial,0.5238095238095238,race,3058
Above 4x poverty line,0.2909090909090909,income,3058
Below poverty line,0.5789473684210527,income,3058
Middle (2-4x),0.4745308310991957,income,3058
Near poverty (1-2x),0.5780821917808219,income,3058
Mexican American,0.4,race,3059
Non-Hispanic Asian,0.3950617283950617,race,3059
Non-Hispanic Black,0.5891472868217055,race,3059
Non-Hispanic White,0.5102040816326531,race,3059
Other Hispanic,0.5704225352112676,race,3059
Other Race - Including Multi-Racial,0.5238095238095238,race,3059
Above 4x poverty line,0.26785714285714285,income,3059
Below poverty line,0.60932944606414,income,3059
Middle (2-4x),0.5013550135501355,income,3059
Near poverty (1-2x),0.5310173697270472,income,3059
Mexican American,0.455,race,3060
Non-Hispanic Asian,0.38271604938271603,race,3060
Non-Hispanic Black,0.49612403100775193,race,3060
Non-Hispanic White,0.4972170686456401,race,3060
Other Hispanic,0.5211267605633803,race,3060
Other Race - Including Multi-Racial,0.47619047619047616,race,3060
Above 4x poverty line,0.3411764705882353,income,3060
Below poverty line,0.5467836257309941,income,3060
Middle (2-4x),0.4475,income,3060
Near poverty (1-2x),0.5336927223719676,income,3060
Mexican American,0.385,race,3061
Non-Hispanic Asian,0.38271604938271603,race,3061
Non-Hispanic Black,0.5426356589147286,race,3061
Non-Hispanic White,0.5417439703153989,race,3061
Other Hispanic,0.5140845070422535,race,3061
Other Race - Including Multi-Racial,0.5555555555555556,race,3061
Above 4x poverty line,0.35064935064935066,income,3061
Below poverty line,0.6204819277108434,income,3061
Middle (2-4x),0.45,income,3061
Near poverty (1-2x),0.5278514588859416,income,3061
Mexican American,0.445,race,3062
Non-Hispanic Asian,0.2962962962962963,race,3062
Non-Hispanic Black,0.5232558139534884,race,3062
Non-Hispanic White,0.5473098330241187,race,3062
Other Hispanic,0.5492957746478874,race,3062
Other Race - Including Multi-Racial,0.5555555555555556,race,3062
Above 4x poverty line,0.33727810650887574,income,3062
Below poverty line,0.6054216867469879,income,3062
Middle (2-4x),0.4637305699481865,income,3062
Near poverty (1-2x),0.553030303030303,income,3062
Mexican American,0.425,race,3063
Non-Hispanic Asian,0.35802469135802467,race,3063
Non-Hispanic Black,0.5891472868217055,race,3063
Non-Hispanic White,0.5640074211502782,race,3063
Other Hispanic,0.4295774647887324,race,3063
Other Race - Including Multi-Racial,0.5079365079365079,race,3063
Above 4x poverty line,0.3597560975609756,income,3063
Below poverty line,0.5918367346938775,income,3063
Middle (2-4x),0.5053763440860215,income,3063
Near poverty (1-2x),0.5272277227722773,income,3063
Mexican American,0.46,race,3064
Non-Hispanic Asian,0.32098765432098764,race,3064
Non-Hispanic Black,0.45348837209302323,race,3064
Non-Hispanic White,0.5213358070500927,race,3064
Other Hispanic,0.5352112676056338,race,3064
Other Race - Including Multi-Racial,0.5555555555555556,race,3064
Above 4x poverty line,0.2721518987341772,income,3064
Below poverty line,0.562874251497006,income,3064
Middle (2-4x),0.4681933842239186,income,3064
Near poverty (1-2x),0.5326633165829145,income,3064
Mexican American,0.5,race,3065
Non-Hispanic Asian,0.2345679012345679,race,3065
Non-Hispanic Black,0.5387596899224806,race,3065
Non-Hispanic White,0.5528756957328386,race,3065
Other Hispanic,0.5845070422535211,race,3065
Other Race - Including Multi-Racial,0.4444444444444444,race,3065
Above 4x poverty line,0.36075949367088606,income,3065
Below poverty line,0.5807365439093485,income,3065
Middle (2-4x),0.4794188861985472,income,3065
Near poverty (1-2x),0.5766016713091922,income,3065
Mexican American,0.45,race,3066
Non-Hispanic Asian,0.345679012345679,race,3066
Non-Hispanic Black,0.5232558139534884,race,3066
Non-Hispanic White,0.5435992578849722,race,3066
Other Hispanic,0.5,race,3066
Other Race - Including Multi-Racial,0.5238095238095238,race,3066
Above 4x poverty line,0.39375,income,3066
Below poverty line,0.5494505494505495,income,3066
Middle (2-4x),0.4486486486486487,income,3066
Near poverty (1-2x),0.5681233933161953,income,3066
Mexican American,0.48,race,3067
Non-Hispanic Asian,0.3333333333333333,race,3067
Non-Hispanic Black,0.5542635658914729,race,3067
Non-Hispanic White,0.5269016697588126,race,3067
Other Hispanic,0.5845070422535211,race,3067
Other Race - Including Multi-Racial,0.5238095238095238,race,3067
Above 4x poverty line,0.32,income,3067
Below poverty line,0.6292834890965732,income,3067
Middle (2-4x),0.4516971279373368,income,3067
Near poverty (1-2x),0.5816831683168316,income,3067
Mexican American,0.415,race,3068
Non-Hispanic Asian,0.30864197530864196,race,3068
Non-Hispanic Black,0.5852713178294574,race,3068
Non-Hispanic White,0.5435992578849722,race,3068
Other Hispanic,0.5352112676056338,race,3068
Other Race - Including Multi-Racial,0.5555555555555556,race,3068
Above 4x poverty line,0.35664335664335667,income,3068
Below poverty line,0.5852941176470589,income,3068
Middle (2-4x),0.47715736040609136,income,3068
Near poverty (1-2x),0.5541871921182266,income,3068
Mexican American,0.445,race,3069
Non-Hispanic Asian,0.41975308641975306,race,3069
Non-Hispanic Black,0.5930232558139535,race,3069
Non-Hispanic White,0.5473098330241187,race,3069
Other Hispanic,0.5422535211267606,race,3069
Other Race - Including Multi-Racial,0.5079365079365079,race,3069
Above 4x poverty line,0.41358024691358025,income,3069
Below poverty line,0.5689149560117303,income,3069
Middle (2-4x),0.49875311720698257,income,3069
Near poverty (1-2x),0.5778364116094987,income,3069
Mexican American,0.435,race,3070
Non-Hispanic Asian,0.32098765432098764,race,3070
Non-Hispanic Black,0.5426356589147286,race,3070
Non-Hispanic White,0.5640074211502782,race,3070
Other Hispanic,0.4859154929577465,race,3070
Other Race - Including Multi-Racial,0.5238095238095238,race,3070
Above 4x poverty line,0.29936305732484075,income,3070
Below poverty line,0.5867052023121387,income,3070
Middle (2-4x),0.4725848563968668,income,3070
Near poverty (1-2x),0.5743073047858942,income,3070
Mexican American,0.375,race,3071
Non-Hispanic Asian,0.2962962962962963,race,3071
Non-Hispanic Black,0.5736434108527132,race,3071
Non-Hispanic White,0.5528756957328386,race,3071
Other Hispanic,0.5563380281690141,race,3071
Other Race - Including Multi-Racial,0.5555555555555556,race,3071
Above 4x poverty line,0.37572254335260113,income,3071
Below poverty line,0.6,income,3071
Middle (2-4x),0.44554455445544555,income,3071
Near poverty (1-2x),0.5741239892183289,income,3071
Mexican American,0.51,race,3072
Non-Hispanic Asian,0.30864197530864196,race,3072
Non-Hispanic Black,0.5542635658914729,race,3072
Non-Hispanic White,0.5584415584415584,race,3072
Other Hispanic,0.6126760563380281,race,3072
Other Race - Including Multi-Racial,0.5873015873015873,race,3072
Above 4x poverty line,0.3333333333333333,income,3072
Below poverty line,0.6389684813753582,income,3072
Middle (2-4x),0.4730392156862745,income,3072
Near poverty (1-2x),0.6068601583113457,income,3072
Mexican American,0.5,race,3073
Non-Hispanic Asian,0.2222222222222222,race,3073
Non-Hispanic Black,0.5426356589147286,race,3073
Non-Hispanic White,0.5918367346938775,race,3073
Other Hispanic,0.4859154929577465,race,3073
Other Race - Including Multi-Racial,0.5396825396825397,race,3073
Above 4x poverty line,0.4305555555555556,income,3073
Below poverty line,0.57636887608069165,income,3073
Middle (2-4x),0.45864661654135336,income,3073
Near poverty (1-2x),0.5979643765903307,income,3073
Mexican American,0.525,race,3074
Non-Hispanic Asian,0.2962962962962963,race,3074
Non-Hispanic Black,0.5077519379844961,race,3074
Non-Hispanic White,0.5194805194805194,race,3074
Other Hispanic,0.5422535211267606,race,3074
Other Race - Including Multi-Racial,0.5396825396825397,race,3074
Above 4x poverty line,0.4140127388535032,income,3074
Below poverty line,0.5630498533724341,income,3074
Middle (2-4x),0.46568627450980393,income,3074
Near poverty (1-2x),0.5411140583554377,income,3074
Mexican American,0.435,race,3075
Non-Hispanic Asian,0.345679012345679,race,3075
Non-Hispanic Black,0.5348837209302325,race,3075
Non-Hispanic White,0.5602968460111317,race,3075
Other Hispanic,0.5422535211267606,race,3075
Other Race - Including Multi-Racial,0.5873015873015873,race,3075
Above 4x poverty line,0.3939393939393939,income,3075
Below poverty line,0.584045584045584,income,3075
Middle (2-4x),0.4786096256684492,income,3075
Near poverty (1-2x),0.5597964376590331,income,3075
Mexican American,0.425,race,3076
Non-Hispanic Asian,0.345679012345679,race,3076
Non-Hispanic Black,0.5658914728682171,race,3076
Non-Hispanic White,0.5435992578849722,race,3076
Other Hispanic,0.5,race,3076
Other Race - Including Multi-Racial,0.5873015873015873,race,3076
Above 4x poverty line,0.34177215189873417,income,3076
Below poverty line,0.5958702064896755,income,3076
Middle (2-4x),0.44611528822055135,income,3076
Near poverty (1-2x),0.5839793281653747,income,3076
Mexican American,0.475,race,3077
Non-Hispanic Asian,0.3333333333333333,race,3077
Non-Hispanic Black,0.5542635658914729,race,3077
Non-Hispanic White,0.549165120593692,race,3077
Other Hispanic,0.5845070422535211,race,3077
Other Race - Including Multi-Racial,0.47619047619047616,race,3077
Above 4x poverty line,0.3125,income,3077
Below poverty line,0.6075268817204301,income,3077
Middle (2-4x),0.4900990099009901,income,3077
Near poverty (1-2x),0.57636887608069165,income,3077
Mexican American,0.45,race,3078
Non-Hispanic Asian,0.345679012345679,race,3078
Non-Hispanic Black,0.5658914728682171,race,3078
Non-Hispanic White,0.5473098330241187,race,3078
Other Hispanic,0.5211267605633803,race,3078
Other Race - Including Multi-Racial,0.5079365079365079,race,3078
Above 4x poverty line,0.35374149659863946,income,3078
Below poverty line,0.5906432748538012,income,3078
Middle (2-4x),0.45498783454987834,income,3078
Near poverty (1-2x),0.5848563968668408,income,3078
Mexican American,0.38,race,3079
Non-Hispanic Asian,0.2716049382716049,race,3079
Non-Hispanic Black,0.49612403100775193,race,3079
Non-Hispanic White,0.5695732838589982,race,3079
Other Hispanic,0.5211267605633803,race,3079
Other Race - Including Multi-Racial,0.6190476190476191,race,3079
Above 4x poverty line,0.3618421052631579,income,3079
Below poverty line,0.569060773480663,income,3079
Middle (2-4x),0.47506561679790027,income,3079
Near poverty (1-2x),0.5257731958762887,income,3079
Mexican American,0.405,race,3080
Non-Hispanic Asian,0.2716049382716049,race,3080
Non-Hispanic Black,0.5155038759689923,race,3080
Non-Hispanic White,0.5435992578849722,race,3080
Other Hispanic,0.5563380281690141,race,3080
Other Race - Including Multi-Racial,0.5873015873015873,race,3080
Above 4x poverty line,0.3048780487804878,income,3080
Below poverty line,0.5949008498583569,income,3080
Middle (2-4x),0.45675675675675675,income,3080
Near poverty (1-2x),0.5454545454545454,income,3080
Mexican American,0.425,race,3081
Non-Hispanic Asian,0.3333333333333333,race,3081
Non-Hispanic Black,0.5310077519379846,race,3081
Non-Hispanic White,0.5547309833024119,race,3081
Other Hispanic,0.5563380281690141,race,3081
Other Race - Including Multi-Racial,0.5238095238095238,race,3081
Above 4x poverty line,0.36,income,3081
Below poverty line,0.5667655786350149,income,3081
Middle (2-4x),0.46798029556650245,income,3081
Near poverty (1-2x),0.5769230769230769,income,3081
Mexican American,0.465,race,3082
Non-Hispanic Asian,0.4074074074074074,race,3082
Non-Hispanic Black,0.4883720930232558,race,3082
Non-Hispanic White,0.5584415584415584,race,3082
Other Hispanic,0.5774647887323944,race,3082
Other Race - Including Multi-Racial,0.4603174603174603,race,3082
Above 4x poverty line,0.26627218934911245,income,3082
Below poverty line,0.5988200589970502,income,3082
Middle (2-4x),0.48756218905472637,income,3082
Near poverty (1-2x),0.5898123324396782,income,3082
Mexican American,0.435,race,3083
Non-Hispanic Asian,0.38271604938271603,race,3083
Non-Hispanic Black,0.5542635658914729,race,3083
Non-Hispanic White,0.5528756957328386,race,3083
Other Hispanic,0.5211267605633803,race,3083
Other Race - Including Multi-Racial,0.5873015873015873,race,3083
Above 4x poverty line,0.32919254658385094,income,3083
Below poverty line,0.5919540229885057,income,3083
Middle (2-4x),0.48872180451127817,income,3083
Near poverty (1-2x),0.576,income,3083
Mexican American,0.445,race,3084
Non-Hispanic Asian,0.35802469135802467,race,3084
Non-Hispanic Black,0.5155038759689923,race,3084
Non-Hispanic White,0.5231910946196661,race,3084
Other Hispanic,0.5422535211267606,race,3084
Other Race - Including Multi-Racial,0.5396825396825397,race,3084
Above 4x poverty line,0.2974683544303797,income,3084
Below poverty line,0.5775075987841946,income,3084
Middle (2-4x),0.46943765281173594,income,3084
Near poverty (1-2x),0.5555555555555556,income,3084
Mexican American,0.475,race,3085
Non-Hispanic Asian,0.2345679012345679,race,3085
Non-Hispanic Black,0.5658914728682171,race,3085
Non-Hispanic White,0.536178107606679,race,3085
Other Hispanic,0.5492957746478874,race,3085
Other Race - Including Multi-Racial,0.5396825396825397,race,3085
Above 4x poverty line,0.32666666666666666,income,3085
Below poverty line,0.574585635359116,income,3085
Middle (2-4x),0.4777227722772277,income,3085
Near poverty (1-2x),0.5749318801089919,income,3085
Mexican American,0.415,race,3086
Non-Hispanic Asian,0.4567901234567901,race,3086
Non-Hispanic Black,0.5465116279069767,race,3086
Non-Hispanic White,0.5454545454545454,race,3086
Other Hispanic,0.5140845070422535,race,3086
Other Race - Including Multi-Racial,0.4603174603174603,race,3086
Above 4x poverty line,0.389937106918239,income,3086
Below poverty line,0.5637393767705382,income,3086
Middle (2-4x),0.4935064935064935,income,3086
Near poverty (1-2x),0.533678756476684,income,3086
Mexican American,0.425,race,3087
Non-Hispanic Asian,0.3333333333333333,race,3087
Non-Hispanic Black,0.5426356589147286,race,3087
Non-Hispanic White,0.549165120593692,race,3087
Other Hispanic,0.6056338028169014,race,3087
Other Race - Including Multi-Racial,0.5555555555555556,race,3087
Above 4x poverty line,0.34415584415584416,income,3087
Below poverty line,0.5793871866295265,income,3087
Middle (2-4x),0.49226804123711343,income,3087
Near poverty (1-2x),0.5680628272251309,income,3087
Mexican American,0.485,race,3088
Non-Hispanic Asian,0.30864197530864196,race,3088
Non-Hispanic Black,0.5193798449612403,race,3088
Non-Hispanic White,0.5417439703153989,race,3088
Other Hispanic,0.5563380281690141,race,3088
Other Race - Including Multi-Racial,0.4603174603174603,race,3088
Above 4x poverty line,0.34146341463414637,income,3088
Below poverty line,0.546448087431694,income,3088
Middle (2-4x),0.4793814432989691,income,3088
Near poverty (1-2x),0.5863013698630137,income,3088
Mexican American,0.45,race,3089
Non-Hispanic Asian,0.32098765432098764,race,3089
Non-Hispanic Black,0.5116279069767442,race,3089
Non-Hispanic White,0.5584415584415584,race,3089
Other Hispanic,0.5422535211267606,race,3089
Other Race - Including Multi-Racial,0.49206349206349204,race,3089
Above 4x poverty line,0.3652694610778443,income,3089
Below poverty line,0.6114457831325302,income,3089
Middle (2-4x),0.44360902255639095,income,3089
Near poverty (1-2x),0.561038961038961,income,3089
Mexican American,0.485,race,3090
Non-Hispanic Asian,0.4074074074074074,race,3090
Non-Hispanic Black,0.5116279069767442,race,3090
Non-Hispanic White,0.549165120593692,race,3090
Other Hispanic,0.6056338028169014,race,3090
Other Race - Including Multi-Racial,0.6190476190476191,race,3090
Above 4x poverty line,0.37748344370860926,income,3090
Below poverty line,0.6209912536443148,income,3090
Middle (2-4x),0.46454767726161367,income,3090
Near poverty (1-2x),0.5868421052631579,income,3090
Mexican American,0.49,race,3091
Non-Hispanic Asian,0.345679012345679,race,3091
Non-Hispanic Black,0.5155038759689923,race,3091
Non-Hispanic White,0.5417439703153989,race,3091
Other Hispanic,0.5633802816901409,race,3091
Other Race - Including Multi-Racial,0.6031746031746031,race,3091
Above 4x poverty line,0.32679738562091504,income,3091
Below poverty line,0.6224188790560472,income,3091
Middle (2-4x),0.46923076923076923,income,3091
Near poverty (1-2x),0.5610972568578554,income,3091
Mexican American,0.475,race,3092
Non-Hispanic Asian,0.38271604938271603,race,3092
Non-Hispanic Black,0.5542635658914729,race,3092
Non-Hispanic White,0.5473098330241187,race,3092
Other Hispanic,0.5140845070422535,race,3092
Other Race - Including Multi-Racial,0.6349206349206349,race,3092
Above 4x poverty line,0.3592814371257485,income,3092
Below poverty line,0.6155988857938719,income,3092
Middle (2-4x),0.4849246231155779,income,3092
Near poverty (1-2x),0.5654596100278552,income,3092
Mexican American,0.445,race,3093
Non-Hispanic Asian,0.2962962962962963,race,3093
Non-Hispanic Black,0.5581395348837209,race,3093
Non-Hispanic White,0.5287569573283859,race,3093
Other Hispanic,0.6056338028169014,race,3093
Other Race - Including Multi-Racial,0.5873015873015873,race,3093
Above 4x poverty line,0.2905405405405405,income,3093
Below poverty line,0.5954415954415955,income,3093
Middle (2-4x),0.4781491002570694,income,3093
Near poverty (1-2x),0.5746835443037974,income,3093
Mexican American,0.46,race,3094
Non-Hispanic Asian,0.37037037037037035,race,3094
Non-Hispanic Black,0.5542635658914729,race,3094
Non-Hispanic White,0.5083487940630798,race,3094
Other Hispanic,0.5985915492957746,race,3094
Other Race - Including Multi-Racial,0.5555555555555556,race,3094
Above 4x poverty line,0.3684210526315789,income,3094
Below poverty line,0.6056338028169014,income,3094
Middle (2-4x),0.46228710462287104,income,3094
Near poverty (1-2x),0.5424657534246575,income,3094
Mexican American,0.46,race,3095
Non-Hispanic Asian,0.2962962962962963,race,3095
Non-Hispanic Black,0.5387596899224806,race,3095
Non-Hispanic White,0.562152133580705,race,3095
Other Hispanic,0.4647887323943662,race,3095
Other Race - Including Multi-Racial,0.49206349206349204,race,3095
Above 4x poverty line,0.34838709677419355,income,3095
Below poverty line,0.5987841945288754,income,3095
Middle (2-4x),0.45243619489559167,income,3095
Near poverty (1-2x),0.5679347826086957,income,3095
Mexican American,0.5,race,3096
Non-Hispanic Asian,0.345679012345679,race,3096
Non-Hispanic Black,0.5116279069767442,race,3096
Non-Hispanic White,0.5473098330241187,race,3096
Other Hispanic,0.5774647887323944,race,3096
Other Race - Including Multi-Racial,0.49206349206349204,race,3096
Above 4x poverty line,0.33112582781456956,income,3096
Below poverty line,0.611764705882353,income,3096
Middle (2-4x),0.48223350253807107,income,3096
Near poverty (1-2x),0.5527638190954773,income,3096
Mexican American,0.425,race,3097
Non-Hispanic Asian,0.2962962962962963,race,3097
Non-Hispanic Black,0.5581395348837209,race,3097
Non-Hispanic White,0.5398886827458256,race,3097
Other Hispanic,0.5492957746478874,race,3097
Other Race - Including Multi-Racial,0.5079365079365079,race,3097
Above 4x poverty line,0.3706293706293706,income,3097
Below poverty line,0.5671232876712329,income,3097
Middle (2-4x),0.48284960422163586,income,3097
Near poverty (1-2x),0.5328282828282829,income,3097
Mexican American,0.47,race,3098
Non-Hispanic Asian,0.32098765432098764,race,3098
Non-Hispanic Black,0.5852713178294574,race,3098
Non-Hispanic White,0.5528756957328386,race,3098
Other Hispanic,0.5140845070422535,race,3098
Other Race - Including Multi-Racial,0.5873015873015873,race,3098
Above 4x poverty line,0.3058823529411765,income,3098
Below poverty line,0.5949008498583569,income,3098
Middle (2-4x),0.4844559585492228,income,3098
Near poverty (1-2x),0.6149732620320856,income,3098
Mexican American,0.42,race,3099
Non-Hispanic Asian,0.43209876543209874,race,3099
Non-Hispanic Black,0.5891472868217055,race,3099
Non-Hispanic White,0.5306122448979592,race,3099
Other Hispanic,0.5915492957746479,race,3099
Other Race - Including Multi-Racial,0.47619047619047616,race,3099
Above 4x poverty line,0.3212121212121212,income,3099
Below poverty line,0.6149425287356322,income,3099
Middle (2-4x),0.4961439588688946,income,3099
Near poverty (1-2x),0.5538057742782152,income,3099
Mexican American,0.535,race,3100
Non-Hispanic Asian,0.3333333333333333,race,3100
Non-Hispanic Black,0.5465116279069767,race,3100
Non-Hispanic White,0.5287569573283859,race,3100
Other Hispanic,0.5140845070422535,race,3100
Other Race - Including Multi-Racial,0.5555555555555556,race,3100
Above 4x poverty line,0.2847682119205298,income,3100
Below poverty line,0.5781710914454278,income,3100
Middle (2-4x),0.5038961038961038,income,3100
Near poverty (1-2x),0.5759803921568627,income,3100
Mexican American,0.38,race,3101
Non-Hispanic Asian,0.3950617283950617,race,3101
Non-Hispanic Black,0.5852713178294574,race,3101
Non-Hispanic White,0.5677179962894249,race,3101
Other Hispanic,0.5774647887323944,race,3101
Other Race - Including Multi-Racial,0.4603174603174603,race,3101
Above 4x poverty line,0.37575757575757573,income,3101
Below poverty line,0.6045197740112994,income,3101
Middle (2-4x),0.44935064935064933,income,3101
Near poverty (1-2x),0.5989445910290238,income,3101
Mexican American,0.33,race,3102
Non-Hispanic Asian,0.43209876543209874,race,3102
Non-Hispanic Black,0.5658914728682171,race,3102
Non-Hispanic White,0.5677179962894249,race,3102
Other Hispanic,0.5492957746478874,race,3102
Other Race - Including Multi-Racial,0.5079365079365079,race,3102
Above 4x poverty line,0.39520958083832336,income,3102
Below poverty line,0.5971428571428572,income,3102
Middle (2-4x),0.47858942065491183,income,3102
Near poverty (1-2x),0.5365853658536586,income,3102
Mexican American,0.515,race,3103
Non-Hispanic Asian,0.4691358024691358,race,3103
Non-Hispanic Black,0.5503875968992248,race,3103
Non-Hispanic White,0.5398886827458256,race,3103
Other Hispanic,0.49295774647887325,race,3103
Other Race - Including Multi-Racial,0.47619047619047616,race,3103
Above 4x poverty line,0.32919254658385094,income,3103
Below poverty line,0.6217765042979942,income,3103
Middle (2-4x),0.46798029556650245,income,3103
Near poverty (1-2x),0.5831062670299727,income,3103
Mexican American,0.46,race,3104
Non-Hispanic Asian,0.37037037037037035,race,3104
Non-Hispanic Black,0.5232558139534884,race,3104
Non-Hispanic White,0.5380333951762524,race,3104
Other Hispanic,0.5211267605633803,race,3104
Other Race - Including Multi-Racial,0.49206349206349204,race,3104
Above 4x poverty line,0.35294117647058826,income,3104
Below poverty line,0.6080691642651297,income,3104
Middle (2-4x),0.4595300261096606,income,3104
Near poverty (1-2x),0.5352480417754569,income,3104
Mexican American,0.36,race,3105
Non-Hispanic Asian,0.32098765432098764,race,3105
Non-Hispanic Black,0.5116279069767442,race,3105
Non-Hispanic White,0.5380333951762524,race,3105
Other Hispanic,0.5422535211267606,race,3105
Other Race - Including Multi-Racial,0.5079365079365079,race,3105
Above 4x poverty line,0.36627906976744184,income,3105
Below poverty line,0.5128205128205128,income,3105
Middle (2-4x),0.45384615384615384,income,3105
Near poverty (1-2x),0.5648648648648649,income,3105
Mexican American,0.41,race,3106
Non-Hispanic Asian,0.37037037037037035,race,3106
Non-Hispanic Black,0.5736434108527132,race,3106
Non-Hispanic White,0.5120593692022264,race,3106
Other Hispanic,0.4788732394366197,race,3106
Other Race - Including Multi-Racial,0.5555555555555556,race,3106
Above 4x poverty line,0.30405405405405406,income,3106
Below poverty line,0.5730027548209367,income,3106
Middle (2-4x),0.45476190476190476,income,3106
Near poverty (1-2x),0.5539772727272727,income,3106
Mexican American,0.445,race,3107
Non-Hispanic Asian,0.2839506172839506,race,3107
Non-Hispanic Black,0.6085271317829457,race,3107
Non-Hispanic White,0.5454545454545454,race,3107
Other Hispanic,0.5352112676056338,race,3107
Other Race - Including Multi-Racial,0.49206349206349204,race,3107
Above 4x poverty line,0.34146341463414637,income,3107
Below poverty line,0.6438356164383562,income,3107
Middle (2-4x),0.4725274725274725,income,3107
Near poverty (1-2x),0.5307692307692308,income,3107
Mexican American,0.515,race,3108
Non-Hispanic Asian,0.3333333333333333,race,3108
Non-Hispanic Black,0.5581395348837209,race,3108
Non-Hispanic White,0.5176252319109462,race,3108
Other Hispanic,0.5633802816901409,race,3108
Other Race - Including Multi-Racial,0.49206349206349204,race,3108
Above 4x poverty line,0.34415584415584416,income,3108
Below poverty line,0.6066066066066066,income,3108
Middle (2-4x),0.4594594594594595,income,3108
Near poverty (1-2x),0.570694087403599,income,3108
Mexican American,0.465,race,3109
Non-Hispanic Asian,0.38271604938271603,race,3109
Non-Hispanic Black,0.5,race,3109
Non-Hispanic White,0.5009276437847866,race,3109
Other Hispanic,0.5140845070422535,race,3109
Other Race - Including Multi-Racial,0.4603174603174603,race,3109
Above 4x poverty line,0.3160919540229885,income,3109
Below poverty line,0.5738161559888579,income,3109
Middle (2-4x),0.4296875,income,3109
Near poverty (1-2x),0.5437158469945356,income,3109
Mexican American,0.485,race,3110
Non-Hispanic Asian,0.30864197530864196,race,3110
Non-Hispanic Black,0.5581395348837209,race,3110
Non-Hispanic White,0.5528756957328386,race,3110
Other Hispanic,0.5422535211267606,race,3110
Other Race - Including Multi-Racial,0.5238095238095238,race,3110
Above 4x poverty line,0.3588235294117647,income,3110
Below poverty line,0.6346153846153846,income,3110
Middle (2-4x),0.4832904884318766,income,3110
Near poverty (1-2x),0.5388888888888889,income,3110
Mexican American,0.48,race,3111
Non-Hispanic Asian,0.345679012345679,race,3111
Non-Hispanic Black,0.4844961240310077,race,3111
Non-Hispanic White,0.5287569573283859,race,3111
Other Hispanic,0.5563380281690141,race,3111
Other Race - Including Multi-Racial,0.5714285714285714,race,3111
Above 4x poverty line,0.35714285714285715,income,3111
Below poverty line,0.6028571428571429,income,3111
Middle (2-4x),0.47354497354497355,income,3111
Near poverty (1-2x),0.5142118863049095,income,3111
Mexican American,0.445,race,3112
Non-Hispanic Asian,0.32098765432098764,race,3112
Non-Hispanic Black,0.562015503875969,race,3112
Non-Hispanic White,0.5417439703153989,race,3112
Other Hispanic,0.6056338028169014,race,3112
Other Race - Including Multi-Racial,0.5079365079365079,race,3112
Above 4x poverty line,0.3333333333333333,income,3112
Below poverty line,0.5843023255813954,income,3112
Middle (2-4x),0.4845360824742268,income,3112
Near poverty (1-2x),0.5778894472361809,income,3112
Mexican American,0.415,race,3113
Non-Hispanic Asian,0.3333333333333333,race,3113
Non-Hispanic Black,0.5077519379844961,race,3113
Non-Hispanic White,0.5473098330241187,race,3113
Other Hispanic,0.5492957746478874,race,3113
Other Race - Including Multi-Racial,0.5714285714285714,race,3113
Above 4x poverty line,0.3353658536585366,income,3113
Below poverty line,0.579250720461095,income,3113
Middle (2-4x),0.48138297872340424,income,3113
Near poverty (1-2x),0.5378787878787878,income,3113
Mexican American,0.425,race,3114
Non-Hispanic Asian,0.2839506172839506,race,3114
Non-Hispanic Black,0.5271317829457365,race,3114
Non-Hispanic White,0.5417439703153989,race,3114
Other Hispanic,0.4859154929577465,race,3114
Other Race - Including Multi-Racial,0.5714285714285714,race,3114
Above 4x poverty line,0.29545454545454547,income,3114
Below poverty line,0.5626911314984709,income,3114
Middle (2-4x),0.47815533980582525,income,3114
Near poverty (1-2x),0.5652173913043478,income,3114
Mexican American,0.44,race,3115
Non-Hispanic Asian,0.37037037037037035,race,3115
Non-Hispanic Black,0.5426356589147286,race,3115
Non-Hispanic White,0.5324675324675324,race,3115
Other Hispanic,0.5211267605633803,race,3115
Other Race - Including Multi-Racial,0.5079365079365079,race,3115
Above 4x poverty line,0.34057971014492755,income,3115
Below poverty line,0.5867052023121387,income,3115
Middle (2-4x),0.4381188118811881,income,3115
Near poverty (1-2x),0.5670886075949367,income,3115
Mexican American,0.455,race,3116
Non-Hispanic Asian,0.32098765432098764,race,3116
Non-Hispanic Black,0.5581395348837209,race,3116
Non-Hispanic White,0.5565862708719852,race,3116
Other Hispanic,0.5563380281690141,race,3116
Other Race - Including Multi-Racial,0.6666666666666666,race,3116
Above 4x poverty line,0.34394904458598724,income,3116
Below poverty line,0.6294117647058823,income,3116
Middle (2-4x),0.46731234866828086,income,3116
Near poverty (1-2x),0.5924932975871313,income,3116
Mexican American,0.425,race,3117
Non-Hispanic Asian,0.345679012345679,race,3117
Non-Hispanic Black,0.5736434108527132,race,3117
Non-Hispanic White,0.5343228200371057,race,3117
Other Hispanic,0.5070422535211268,race,3117
Other Race - Including Multi-Racial,0.5238095238095238,race,3117
Above 4x poverty line,0.35668789808917195,income,3117
Below poverty line,0.5791044776119403,income,3117
Middle (2-4x),0.45255474452554745,income,3117
Near poverty (1-2x),0.5736842105263158,income,3117
Mexican American,0.485,race,3118
Non-Hispanic Asian,0.3950617283950617,race,3118
Non-Hispanic Black,0.5697674418604651,race,3118
Non-Hispanic White,0.5435992578849722,race,3118
Other Hispanic,0.5563380281690141,race,3118
Other Race - Including Multi-Racial,0.5555555555555556,race,3118
Above 4x poverty line,0.34394904458598724,income,3118
Below poverty line,0.5826086956521739,income,3118
Middle (2-4x),0.5037974683544304,income,3118
Near poverty (1-2x),0.5932642487046632,income,3118
Mexican American,0.465,race,3119
Non-Hispanic Asian,0.4074074074074074,race,3119
Non-Hispanic Black,0.5348837209302325,race,3119
Non-Hispanic White,0.562152133580705,race,3119
Other Hispanic,0.5492957746478874,race,3119
Other Race - Including Multi-Racial,0.5555555555555556,race,3119
Above 4x poverty line,0.38064516129032255,income,3119
Below poverty line,0.61875,income,3119
Middle (2-4x),0.46208530805687204,income,3119
Near poverty (1-2x),0.5906735751295337,income,3119
Mexican American,0.48,race,3120
Non-Hispanic Asian,0.35802469135802467,race,3120
Non-Hispanic Black,0.5542635658914729,race,3120
Non-Hispanic White,0.588126159554731,race,3120
Other Hispanic,0.5563380281690141,race,3120
Other Race - Including Multi-Racial,0.6031746031746031,race,3120
Above 4x poverty line,0.3466666666666667,income,3120
Below poverty line,0.6045197740112994,income,3120
Middle (2-4x),0.5225,income,3120
Near poverty (1-2x),0.5989445910290238,income,3120
Mexican American,0.445,race,3121
Non-Hispanic Asian,0.4074074074074074,race,3121
Non-Hispanic Black,0.5542635658914729,race,3121
Non-Hispanic White,0.536178107606679,race,3121
Other Hispanic,0.4859154929577465,race,3121
Other Race - Including Multi-Racial,0.5238095238095238,race,3121
Above 4x poverty line,0.31097560975609756,income,3121
Below poverty line,0.6381766381766382,income,3121
Middle (2-4x),0.4666666666666667,income,3121
Near poverty (1-2x),0.5264550264550265,income,3121
Mexican American,0.465,race,3122
Non-Hispanic Asian,0.41975308641975306,race,3122
Non-Hispanic Black,0.5581395348837209,race,3122
Non-Hispanic White,0.5083487940630798,race,3122
Other Hispanic,0.4788732394366197,race,3122
Other Race - Including Multi-Racial,0.5555555555555556,race,3122
Above 4x poverty line,0.36942675159235666,income,3122
Below poverty line,0.5982142857142857,income,3122
Middle (2-4x),0.4533678756476684,income,3122
Near poverty (1-2x),0.5297029702970297,income,3122
Mexican American,0.475,race,3123
Non-Hispanic Asian,0.32098765432098764,race,3123
Non-Hispanic Black,0.5038759689922481,race,3123
Non-Hispanic White,0.5435992578849722,race,3123
Other Hispanic,0.5492957746478874,race,3123
Other Race - Including Multi-Racial,0.6349206349206349,race,3123
Above 4x poverty line,0.3181818181818182,income,3123
Below poverty line,0.5582089552238806,income,3123
Middle (2-4x),0.4830917874396135,income,3123
Near poverty (1-2x),0.5947368421052631,income,3123
Mexican American,0.455,race,3124
Non-Hispanic Asian,0.38271604938271603,race,3124
Non-Hispanic Black,0.5310077519379846,race,3124
Non-Hispanic White,0.588126159554731,race,3124
Other Hispanic,0.5422535211267606,race,3124
Other Race - Including Multi-Racial,0.4603174603174603,race,3124
Above 4x poverty line,0.36129032258064514,income,3124
Below poverty line,0.6278409090909091,income,3124
Middle (2-4x),0.46112600536193027,income,3124
Near poverty (1-2x),0.5781637717121588,income,3124
Mexican American,0.445,race,3125
Non-Hispanic Asian,0.32098765432098764,race,3125
Non-Hispanic Black,0.562015503875969,race,3125
Non-Hispanic White,0.5306122448979592,race,3125
Other Hispanic,0.5774647887323944,race,3125
Other Race - Including Multi-Racial,0.6349206349206349,race,3125
Above 4x poverty line,0.35714285714285715,income,3125
Below poverty line,0.5940054495912807,income,3125
Middle (2-4x),0.4609375,income,3125
Near poverty (1-2x),0.5851648351648352,income,3125
Mexican American,0.465,race,3126
Non-Hispanic Asian,0.32098765432098764,race,3126
Non-Hispanic Black,0.5155038759689923,race,3126
Non-Hispanic White,0.5473098330241187,race,3126
Other Hispanic,0.49295774647887325,race,3126
Other Race - Including Multi-Racial,0.49206349206349204,race,3126
Above 4x poverty line,0.3240223463687151,income,3126
Below poverty line,0.6373937677053825,income,3126
Middle (2-4x),0.4342105263157895,income,3126
Near poverty (1-2x),0.5390835579514824,income,3126
Mexican American,0.435,race,3127
Non-Hispanic Asian,0.3333333333333333,race,3127
Non-Hispanic Black,0.5736434108527132,race,3127
Non-Hispanic White,0.5250463821892394,race,3127
Other Hispanic,0.5492957746478874,race,3127
Other Race - Including Multi-Racial,0.5079365079365079,race,3127
Above 4x poverty line,0.3096774193548387,income,3127
Below poverty line,0.5897435897435898,income,3127
Middle (2-4x),0.45185185185185184,income,3127
Near poverty (1-2x),0.5833333333333334,income,3127
Mexican American,0.44,race,3128
Non-Hispanic Asian,0.345679012345679,race,3128
Non-Hispanic Black,0.5387596899224806,race,3128
Non-Hispanic White,0.5250463821892394,race,3128
Other Hispanic,0.47183098591549294,race,3128
Other Race - Including Multi-Racial,0.5555555555555556,race,3128
Above 4x poverty line,0.3150684931506849,income,3128
Below poverty line,0.598314606741573,income,3128
Middle (2-4x),0.46938775510204084,income,3128
Near poverty (1-2x),0.506426735218509,income,3128
Mexican American,0.43,race,3129
Non-Hispanic Asian,0.3333333333333333,race,3129
Non-Hispanic Black,0.5155038759689923,race,3129
Non-Hispanic White,0.5769944341372912,race,3129
Other Hispanic,0.49295774647887325,race,3129
Other Race - Including Multi-Racial,0.49206349206349204,race,3129
Above 4x poverty line,0.3176470588235294,income,3129
Below poverty line,0.5971830985915493,income,3129
Middle (2-4x),0.46981627296587924,income,3129
Near poverty (1-2x),0.5649867374005305,income,3129
Mexican American,0.44,race,3130
Non-Hispanic Asian,0.345679012345679,race,3130
Non-Hispanic Black,0.5813953488372093,race,3130
Non-Hispanic White,0.5584415584415584,race,3130
Other Hispanic,0.4788732394366197,race,3130
Other Race - Including Multi-Racial,0.49206349206349204,race,3130
Above 4x poverty line,0.3872832369942196,income,3130
Below poverty line,0.6042944785276073,income,3130
Middle (2-4x),0.5024038461538461,income,3130
Near poverty (1-2x),0.5244565217391305,income,3130
Mexican American,0.435,race,3131
Non-Hispanic Asian,0.30864197530864196,race,3131
Non-Hispanic Black,0.5310077519379846,race,3131
Non-Hispanic White,0.5454545454545454,race,3131
Other Hispanic,0.5633802816901409,race,3131
Other Race - Including Multi-Racial,0.5238095238095238,race,3131
Above 4x poverty line,0.33136094674556216,income,3131
Below poverty line,0.5741324921135647,income,3131
Middle (2-4x),0.4960212201591512,income,3131
Near poverty (1-2x),0.55,income,3131
Mexican American,0.435,race,3132
Non-Hispanic Asian,0.3333333333333333,race,3132
Non-Hispanic Black,0.5852713178294574,race,3132
Non-Hispanic White,0.5695732838589982,race,3132
Other Hispanic,0.5140845070422535,race,3132
Other Race - Including Multi-Racial,0.6190476190476191,race,3132
Above 4x poverty line,0.32748538011695905,income,3132
Below poverty line,0.6205882352941177,income,3132
Middle (2-4x),0.4844559585492228,income,3132
Near poverty (1-2x),0.5958549222797928,income,3132
Mexican American,0.435,race,3133
Non-Hispanic Asian,0.35802469135802467,race,3133
Non-Hispanic Black,0.5387596899224806,race,3133
Non-Hispanic White,0.5769944341372912,race,3133
Other Hispanic,0.5070422535211268,race,3133
Other Race - Including Multi-Racial,0.5238095238095238,race,3133
Above 4x poverty line,0.375,income,3133
Below poverty line,0.5788043478260869,income,3133
Middle (2-4x),0.48320413436692505,income,3133
Near poverty (1-2x),0.5651041666666666,income,3133
Mexican American,0.44,race,3134
Non-Hispanic Asian,0.30864197530864196,race,3134
Non-Hispanic Black,0.5542635658914729,race,3134
Non-Hispanic White,0.5176252319109462,race,3134
Other Hispanic,0.5563380281690141,race,3134
Other Race - Including Multi-Racial,0.49206349206349204,race,3134
Above 4x poverty line,0.3148148148148148,income,3134
Below poverty line,0.5723076923076923,income,3134
Middle (2-4x),0.45478036175710596,income,3134
Near poverty (1-2x),0.5672371638141809,income,3134
Mexican American,0.47,race,3135
Non-Hispanic Asian,0.2839506172839506,race,3135
Non-Hispanic Black,0.5658914728682171,race,3135
Non-Hispanic White,0.5398886827458256,race,3135
Other Hispanic,0.4859154929577465,race,3135
Other Race - Including Multi-Racial,0.5396825396825397,race,3135
Above 4x poverty line,0.37888198757763975,income,3135
Below poverty line,0.5698005698005698,income,3135
Middle (2-4x),0.4810810810810811,income,3135
Near poverty (1-2x),0.543640897755611,income,3135
Mexican American,0.43,race,3136
Non-Hispanic Asian,0.2839506172839506,race,3136
Non-Hispanic Black,0.5116279069767442,race,3136
Non-Hispanic White,0.5306122448979592,race,3136
Other Hispanic,0.5,race,3136
Other Race - Including Multi-Racial,0.4126984126984127,race,3136
Above 4x poverty line,0.32727272727272727,income,3136
Below poverty line,0.5463917525773195,income,3136
Middle (2-4x),0.45478036175710596,income,3136
Near poverty (1-2x),0.5306122448979592,income,3136
Mexican American,0.47,race,3137
Non-Hispanic Asian,0.3333333333333333,race,3137
Non-Hispanic Black,0.5348837209302325,race,3137
Non-Hispanic White,0.5343228200371057,race,3137
Other Hispanic,0.5774647887323944,race,3137
Other Race - Including Multi-Racial,0.6031746031746031,race,3137
Above 4x poverty line,0.3108108108108108,income,3137
Below poverty line,0.5705882352941176,income,3137
Middle (2-4x),0.47,income,3137
Near poverty (1-2x),0.6050632911392405,income,3137
Mexican American,0.46,race,3138
Non-Hispanic Asian,0.32098765432098764,race,3138
Non-Hispanic Black,0.5891472868217055,race,3138
Non-Hispanic White,0.549165120593692,race,3138
Other Hispanic,0.528169014084507,race,3138
Other Race - Including Multi-Racial,0.5238095238095238,race,3138
Above 4x poverty line,0.3668639053254438,income,3138
Below poverty line,0.5952380952380952,income,3138
Middle (2-4x),0.4864864864864865,income,3138
Near poverty (1-2x),0.5686274509803921,income,3138
Mexican American,0.43,race,3139
Non-Hispanic Asian,0.3950617283950617,race,3139
Non-Hispanic Black,0.5775193798449613,race,3139
Non-Hispanic White,0.5250463821892394,race,3139
Other Hispanic,0.5070422535211268,race,3139
Other Race - Including Multi-Racial,0.5396825396825397,race,3139
Above 4x poverty line,0.38650306748466257,income,3139
Below poverty line,0.591304347826087,income,3139
Middle (2-4x),0.4742547425474255,income,3139
Near poverty (1-2x),0.5270935960591133,income,3139
Mexican American,0.4,race,3140
Non-Hispanic Asian,0.35802469135802467,race,3140
Non-Hispanic Black,0.5542635658914729,race,3140
Non-Hispanic White,0.5640074211502782,race,3140
Other Hispanic,0.5,race,3140
Other Race - Including Multi-Racial,0.5396825396825397,race,3140
Above 4x poverty line,0.3179190751445087,income,3140
Below poverty line,0.5920679886685553,income,3140
Middle (2-4x),0.4839572192513369,income,3140
Near poverty (1-2x),0.5639686684073107,income,3140
Mexican American,0.47,race,3141
Non-Hispanic Asian,0.38271604938271603,race,3141
Non-Hispanic Black,0.5581395348837209,race,3141
Non-Hispanic White,0.5250463821892394,race,3141
Other Hispanic,0.5563380281690141,race,3141
Other Race - Including Multi-Racial,0.5555555555555556,race,3141
Above 4x poverty line,0.2925170068027211,income,3141
Below poverty line,0.6264705882352941,income,3141
Middle (2-4x),0.5038759689922481,income,3141
Near poverty (1-2x),0.5256723716381418,income,3141
Mexican American,0.445,race,3142
Non-Hispanic Asian,0.4074074074074074,race,3142
Non-Hispanic Black,0.5542635658914729,race,3142
Non-Hispanic White,0.562152133580705,race,3142
Other Hispanic,0.6126760563380281,race,3142
Other Race - Including Multi-Racial,0.5079365079365079,race,3142
Above 4x poverty line,0.3776223776223776,income,3142
Below poverty line,0.6259946949602122,income,3142
Middle (2-4x),0.49868073878627966,income,3142
Near poverty (1-2x),0.5416666666666666,income,3142
Mexican American,0.455,race,3143
Non-Hispanic Asian,0.3333333333333333,race,3143
Non-Hispanic Black,0.5310077519379846,race,3143
Non-Hispanic White,0.5454545454545454,race,3143
Other Hispanic,0.5,race,3143
Other Race - Including Multi-Racial,0.5079365079365079,race,3143
Above 4x poverty line,0.34911242603550297,income,3143
Below poverty line,0.5755813953488372,income,3143
Middle (2-4x),0.5101522842639594,income,3143
Near poverty (1-2x),0.5159574468085106,income,3143
Mexican American,0.48,race,3144
Non-Hispanic Asian,0.30864197530864196,race,3144
Non-Hispanic Black,0.5697674418604651,race,3144
Non-Hispanic White,0.5231910946196661,race,3144
Other Hispanic,0.5774647887323944,race,3144
Other Race - Including Multi-Racial,0.49206349206349204,race,3144
Above 4x poverty line,0.28846153846153844,income,3144
Below poverty line,0.6193181818181818,income,3144
Middle (2-4x),0.4859335038363171,income,3144
Near poverty (1-2x),0.546875,income,3144
Mexican American,0.445,race,3145
Non-Hispanic Asian,0.38271604938271603,race,3145
Non-Hispanic Black,0.5387596899224806,race,3145
Non-Hispanic White,0.5510204081632653,race,3145
Other Hispanic,0.5492957746478874,race,3145
Other Race - Including Multi-Racial,0.5714285714285714,race,3145
Above 4x poverty line,0.3413173652694611,income,3145
Below poverty line,0.6181818181818182,income,3145
Middle (2-4x),0.47029702970297027,income,3145
Near poverty (1-2x),0.5732984293193717,income,3145
Mexican American,0.47,race,3146
Non-Hispanic Asian,0.3950617283950617,race,3146
Non-Hispanic Black,0.5348837209302325,race,3146
Non-Hispanic White,0.5324675324675324,race,3146
Other Hispanic,0.5,race,3146
Other Race - Including Multi-Racial,0.5714285714285714,race,3146
Above 4x poverty line,0.3357664233576642,income,3146
Below poverty line,0.5816618911174785,income,3146
Middle (2-4x),0.4742014742014742,income,3146
Near poverty (1-2x),0.5538461538461539,income,3146
Mexican American,0.455,race,3147
Non-Hispanic Asian,0.4074074074074074,race,3147
Non-Hispanic Black,0.5038759689922481,race,3147
Non-Hispanic White,0.5398886827458256,race,3147
Other Hispanic,0.45774647887323944,race,3147
Other Race - Including Multi-Racial,0.5555555555555556,race,3147
Above 4x poverty line,0.3375796178343949,income,3147
Below poverty line,0.5674157303370787,income,3147
Middle (2-4x),0.4884318766066838,income,3147
Near poverty (1-2x),0.5249343832020997,income,3147
Mexican American,0.445,race,3148
Non-Hispanic Asian,0.3333333333333333,race,3148
Non-Hispanic Black,0.5077519379844961,race,3148
Non-Hispanic White,0.5250463821892394,race,3148
Other Hispanic,0.4788732394366197,race,3148
Other Race - Including Multi-Racial,0.47619047619047616,race,3148
Above 4x poverty line,0.3333333333333333,income,3148
Below poverty line,0.5586592178770949,income,3148
Middle (2-4x),0.4635416666666667,income,3148
Near poverty (1-2x),0.5231607629427792,income,3148
Mexican American,0.51,race,3149
Non-Hispanic Asian,0.35802469135802467,race,3149
Non-Hispanic Black,0.5697674418604651,race,3149
Non-Hispanic White,0.5324675324675324,race,3149
Other Hispanic,0.6056338028169014,race,3149
Other Race - Including Multi-Racial,0.5079365079365079,race,3149
Above 4x poverty line,0.3137254901960784,income,3149
Below poverty line,0.6011560693641619,income,3149
Middle (2-4x),0.5100502512562815,income,3149
Near poverty (1-2x),0.5803108808290155,income,3149
Mexican American,0.465,race,3150
Non-Hispanic Asian,0.43209876543209874,race,3150
Non-Hispanic Black,0.4728682170542636,race,3150
Non-Hispanic White,0.5083487940630798,race,3150
Other Hispanic,0.5915492957746479,race,3150
Other Race - Including Multi-Racial,0.5396825396825397,race,3150
Above 4x poverty line,0.2839506172839506,income,3150
Below poverty line,0.5794117647058824,income,3150
Middle (2-4x),0.45365853658536587,income,3150
Near poverty (1-2x),0.5741239892183289,income,3150
Mexican American,0.43,race,3151
Non-Hispanic Asian,0.345679012345679,race,3151
Non-Hispanic Black,0.562015503875969,race,3151
Non-Hispanic White,0.5417439703153989,race,3151
Other Hispanic,0.5563380281690141,race,3151
Other Race - Including Multi-Racial,0.49206349206349204,race,3151
Above 4x poverty line,0.3258426966292135,income,3151
Below poverty line,0.5794117647058824,income,3151
Middle (2-4x),0.49866666666666665,income,3151
Near poverty (1-2x),0.5615384615384615,income,3151
Mexican American,0.475,race,3152
Non-Hispanic Asian,0.30864197530864196,race,3152
Non-Hispanic Black,0.5077519379844961,race,3152
Non-Hispanic White,0.5380333951762524,race,3152
Other Hispanic,0.5,race,3152
Other Race - Including Multi-Racial,0.5238095238095238,race,3152
Above 4x poverty line,0.3333333333333333,income,3152
Below poverty line,0.5988372093023255,income,3152
Middle (2-4x),0.44642857142857145,income,3152
Near poverty (1-2x),0.5454545454545454,income,3152
Mexican American,0.515,race,3153
Non-Hispanic Asian,0.3333333333333333,race,3153
Non-Hispanic Black,0.562015503875969,race,3153
Non-Hispanic White,0.575139146567718,race,3153
Other Hispanic,0.5704225352112676,race,3153
Other Race - Including Multi-Racial,0.47619047619047616,race,3153
Above 4x poverty line,0.3961038961038961,income,3153
Below poverty line,0.6104651162790697,income,3153
Middle (2-4x),0.48641975308641977,income,3153
Near poverty (1-2x),0.6,income,3153
Mexican American,0.485,race,3154
Non-Hispanic Asian,0.32098765432098764,race,3154
Non-Hispanic Black,0.5503875968992248,race,3154
Non-Hispanic White,0.5027829313543599,race,3154
Other Hispanic,0.5,race,3154
Other Race - Including Multi-Racial,0.5873015873015873,race,3154
Above 4x poverty line,0.31446540880503143,income,3154
Below poverty line,0.6144927536231884,income,3154
Middle (2-4x),0.4666666666666667,income,3154
Near poverty (1-2x),0.5141388174807198,income,3154
Mexican American,0.51,race,3155
Non-Hispanic Asian,0.30864197530864196,race,3155
Non-Hispanic Black,0.562015503875969,race,3155
Non-Hispanic White,0.5250463821892394,race,3155
Other Hispanic,0.4647887323943662,race,3155
Other Race - Including Multi-Racial,0.6190476190476191,race,3155
Above 4x poverty line,0.35507246376811596,income,3155
Below poverty line,0.5698324022346368,income,3155
Middle (2-4x),0.4675,income,3155
Near poverty (1-2x),0.5684754521963824,income,3155
Mexican American,0.435,race,3156
Non-Hispanic Asian,0.30864197530864196,race,3156
Non-Hispanic Black,0.4883720930232558,race,3156
Non-Hispanic White,0.5454545454545454,race,3156
Other Hispanic,0.5704225352112676,race,3156
Other Race - Including Multi-Racial,0.5079365079365079,race,3156
Above 4x poverty line,0.36363636363636365,income,3156
Below poverty line,0.5677233429394812,income,3156
Middle (2-4x),0.43467336683417085,income,3156
Near poverty (1-2x),0.5703125,income,3156
Mexican American,0.465,race,3157
Non-Hispanic Asian,0.3333333333333333,race,3157
Non-Hispanic Black,0.6085271317829457,race,3157
Non-Hispanic White,0.5231910946196661,race,3157
Other Hispanic,0.5211267605633803,race,3157
Other Race - Including Multi-Racial,0.4444444444444444,race,3157
Above 4x poverty line,0.36470588235294116,income,3157
Below poverty line,0.6098265895953757,income,3157
Middle (2-4x),0.45038167938931295,income,3157
Near poverty (1-2x),0.5641711229946524,income,3157
Mexican American,0.465,race,3158
Non-Hispanic Asian,0.2716049382716049,race,3158
Non-Hispanic Black,0.5891472868217055,race,3158
Non-Hispanic White,0.5231910946196661,race,3158
Other Hispanic,0.5422535211267606,race,3158
Other Race - Including Multi-Racial,0.5238095238095238,race,3158
Above 4x poverty line,0.3836477987421384,income,3158
Below poverty line,0.5880681818181818,income,3158
Middle (2-4x),0.48429319371727747,income,3158
Near poverty (1-2x),0.5282051282051282,income,3158
Mexican American,0.445,race,3159
Non-Hispanic Asian,0.345679012345679,race,3159
Non-Hispanic Black,0.49224806201550386,race,3159
Non-Hispanic White,0.5417439703153989,race,3159
Other Hispanic,0.49295774647887325,race,3159
Other Race - Including Multi-Racial,0.5238095238095238,race,3159
Above 4x poverty line,0.34210526315789475,income,3159
Below poverty line,0.5661375661375662,income,3159
Middle (2-4x),0.465,income,3159
Near poverty (1-2x),0.5297450424929179,income,3159
Mexican American,0.47,race,3160
Non-Hispanic Asian,0.30864197530864196,race,3160
Non-Hispanic Black,0.5736434108527132,race,3160
Non-Hispanic White,0.536178107606679,race,3160
Other Hispanic,0.4788732394366197,race,3160
Other Race - Including Multi-Racial,0.5873015873015873,race,3160
Above 4x poverty line,0.3391812865497076,income,3160
Below poverty line,0.6022099447513812,income,3160
Middle (2-4x),0.46770025839793283,income,3160
Near poverty (1-2x),0.5619834710743802,income,3160
Mexican American,0.465,race,3161
Non-Hispanic Asian,0.30864197530864196,race,3161
Non-Hispanic Black,0.5232558139534884,race,3161
Non-Hispanic White,0.5380333951762524,race,3161
Other Hispanic,0.5211267605633803,race,3161
Other Race - Including Multi-Racial,0.5396825396825397,race,3161
Above 4x poverty line,0.3464052287581699,income,3161
Below poverty line,0.57636887608069165,income,3161
Middle (2-4x),0.45145631067961167,income,3161
Near poverty (1-2x),0.5714285714285714,income,3161
Mexican American,0.415,race,3162
Non-Hispanic Asian,0.41975308641975306,race,3162
Non-Hispanic Black,0.5813953488372093,race,3162
Non-Hispanic White,0.5510204081632653,race,3162
Other Hispanic,0.5492957746478874,race,3162
Other Race - Including Multi-Racial,0.5238095238095238,race,3162
Above 4x poverty line,0.3717948717948718,income,3162
Below poverty line,0.5901639344262295,income,3162
Middle (2-4x),0.4623115577889447,income,3162
Near poverty (1-2x),0.5977961432506887,income,3162
Mexican American,0.525,race,3163
Non-Hispanic Asian,0.37037037037037035,race,3163
Non-Hispanic Black,0.5387596899224806,race,3163
Non-Hispanic White,0.536178107606679,race,3163
Other Hispanic,0.5492957746478874,race,3163
Other Race - Including Multi-Racial,0.4603174603174603,race,3163
Above 4x poverty line,0.3105590062111801,income,3163
Below poverty line,0.592375366568915,income,3163
Middle (2-4x),0.48223350253807107,income,3163
Near poverty (1-2x),0.5891472868217055,income,3163
Mexican American,0.445,race,3164
Non-Hispanic Asian,0.30864197530864196,race,3164
Non-Hispanic Black,0.562015503875969,race,3164
Non-Hispanic White,0.5769944341372912,race,3164
Other Hispanic,0.5352112676056338,race,3164
Other Race - Including Multi-Racial,0.5079365079365079,race,3164
Above 4x poverty line,0.3416149068322981,income,3164
Below poverty line,0.5977337110481586,income,3164
Middle (2-4x),0.4876712328767123,income,3164
Near poverty (1-2x),0.5792079207920792,income,3164
Mexican American,0.465,race,3165
Non-Hispanic Asian,0.37037037037037035,race,3165
Non-Hispanic Black,0.5465116279069767,race,3165
Non-Hispanic White,0.5287569573283859,race,3165
Other Hispanic,0.49295774647887325,race,3165
Other Race - Including Multi-Racial,0.5079365079365079,race,3165
Above 4x poverty line,0.38311688311688313,income,3165
Below poverty line,0.5994152046783626,income,3165
Middle (2-4x),0.4470284237726098,income,3165
Near poverty (1-2x),0.535,income,3165
Mexican American,0.48,race,3166
Non-Hispanic Asian,0.345679012345679,race,3166
Non-Hispanic Black,0.5658914728682171,race,3166
Non-Hispanic White,0.5157699443413729,race,3166
Other Hispanic,0.5070422535211268,race,3166
Other Race - Including Multi-Racial,0.5079365079365079,race,3166
Above 4x poverty line,0.3136094674556213,income,3166
Below poverty line,0.5921450151057401,income,3166
Middle (2-4x),0.5138539042821159,income,3166
Near poverty (1-2x),0.5155440414507773,income,3166
Mexican American,0.445,race,3167
Non-Hispanic Asian,0.30864197530864196,race,3167
Non-Hispanic Black,0.562015503875969,race,3167
Non-Hispanic White,0.5343228200371057,race,3167
Other Hispanic,0.4859154929577465,race,3167
Other Race - Including Multi-Racial,0.5714285714285714,race,3167
Above 4x poverty line,0.32098765432098764,income,3167
Below poverty line,0.6063218390804598,income,3167
Middle (2-4x),0.4613333333333333,income,3167
Near poverty (1-2x),0.542713567839196,income,3167
Mexican American,0.42,race,3168
Non-Hispanic Asian,0.32098765432098764,race,3168
Non-Hispanic Black,0.5271317829457365,race,3168
Non-Hispanic White,0.5732838589981447,race,3168
Other Hispanic,0.5845070422535211,race,3168
Other Race - Including Multi-Racial,0.5079365079365079,race,3168
Above 4x poverty line,0.2875,income,3168
Below poverty line,0.5855072463768116,income,3168
Middle (2-4x),0.5050761421319797,income,3168
Near poverty (1-2x),0.5807291666666666,income,3168
Mexican American,0.435,race,3169
Non-Hispanic Asian,0.32098765432098764,race,3169
Non-Hispanic Black,0.5503875968992248,race,3169
Non-Hispanic White,0.5324675324675324,race,3169
Other Hispanic,0.528169014084507,race,3169
Other Race - Including Multi-Racial,0.5079365079365079,race,3169
Above 4x poverty line,0.3333333333333333,income,3169
Below poverty line,0.5268817204301075,income,3169
Middle (2-4x),0.48031496062992124,income,3169
Near poverty (1-2x),0.5849056603773585,income,3169
Mexican American,0.5,race,3170
Non-Hispanic Asian,0.38271604938271603,race,3170
Non-Hispanic Black,0.5116279069767442,race,3170
Non-Hispanic White,0.549165120593692,race,3170
Other Hispanic,0.5352112676056338,race,3170
Other Race - Including Multi-Racial,0.5238095238095238,race,3170
Above 4x poverty line,0.3219178082191781,income,3170
Below poverty line,0.6106442577030813,income,3170
Middle (2-4x),0.48635235732009924,income,3170
Near poverty (1-2x),0.5490716180371353,income,3170
Mexican American,0.44,race,3171
Non-Hispanic Asian,0.2716049382716049,race,3171
Non-Hispanic Black,0.5116279069767442,race,3171
Non-Hispanic White,0.5306122448979592,race,3171
Other Hispanic,0.5070422535211268,race,3171
Other Race - Including Multi-Racial,0.5714285714285714,race,3171
Above 4x poverty line,0.3717277486910995,income,3171
Below poverty line,0.5641025641025641,income,3171
Middle (2-4x),0.453125,income,3171
Near poverty (1-2x),0.5406162464985994,income,3171
Mexican American,0.445,race,3172
Non-Hispanic Asian,0.25925925925925924,race,3172
Non-Hispanic Black,0.5658914728682171,race,3172
Non-Hispanic White,0.5287569573283859,race,3172
Other Hispanic,0.5422535211267606,race,3172
Other Race - Including Multi-Racial,0.6031746031746031,race,3172
Above 4x poverty line,0.3803680981595092,income,3172
Below poverty line,0.6079545454545454,income,3172
Middle (2-4x),0.45368171021377673,income,3172
Near poverty (1-2x),0.5446685878962536,income,3172
Mexican American,0.46,race,3173
Non-Hispanic Asian,0.37037037037037035,race,3173
Non-Hispanic Black,0.5426356589147286,race,3173
Non-Hispanic White,0.549165120593692,race,3173
Other Hispanic,0.5633802816901409,race,3173
Other Race - Including Multi-Racial,0.47619047619047616,race,3173
Above 4x poverty line,0.3905325443786982,income,3173
Below poverty line,0.584958217270195,income,3173
Middle (2-4x),0.4831168831168831,income,3173
Near poverty (1-2x),0.5567567567567567,income,3173
Mexican American,0.47,race,3174
Non-Hispanic Asian,0.345679012345679,race,3174
Non-Hispanic Black,0.562015503875969,race,3174
Non-Hispanic White,0.5435992578849722,race,3174
Other Hispanic,0.4788732394366197,race,3174
Other Race - Including Multi-Racial,0.5555555555555556,race,3174
Above 4x poverty line,0.3333333333333333,income,3174
Below poverty line,0.5792682926829268,income,3174
Middle (2-4x),0.4849246231155779,income,3174
Near poverty (1-2x),0.5721518987341773,income,3174
Mexican American,0.465,race,3175
Non-Hispanic Asian,0.3950617283950617,race,3175
Non-Hispanic Black,0.5503875968992248,race,3175
Non-Hispanic White,0.562152133580705,race,3175
Other Hispanic,0.47183098591549294,race,3175
Other Race - Including Multi-Racial,0.5079365079365079,race,3175
Above 4x poverty line,0.3924050632911392,income,3175
Below poverty line,0.6111111111111112,income,3175
Middle (2-4x),0.446524064171123,income,3175
Near poverty (1-2x),0.5667447306791569,income,3175
Mexican American,0.465,race,3176
Non-Hispanic Asian,0.345679012345679,race,3176
Non-Hispanic Black,0.5232558139534884,race,3176
Non-Hispanic White,0.5435992578849722,race,3176
Other Hispanic,0.4788732394366197,race,3176
Other Race - Including Multi-Racial,0.4603174603174603,race,3176
Above 4x poverty line,0.30409356725146197,income,3176
Below poverty line,0.543859649122807,income,3176
Middle (2-4x),0.48586118251928023,income,3176
Near poverty (1-2x),0.5748031496062992,income,3176
Mexican American,0.45,race,3177
Non-Hispanic Asian,0.30864197530864196,race,3177
Non-Hispanic Black,0.5271317829457365,race,3177
Non-Hispanic White,0.575139146567718,race,3177
Other Hispanic,0.49295774647887325,race,3177
Other Race - Including Multi-Racial,0.47619047619047616,race,3177
Above 4x poverty line,0.3142857142857143,income,3177
Below poverty line,0.6092307692307692,income,3177
Middle (2-4x),0.45012165450121655,income,3177
Near poverty (1-2x),0.5994623655913979,income,3177
Mexican American,0.45,race,3178
Non-Hispanic Asian,0.345679012345679,race,3178
Non-Hispanic Black,0.5542635658914729,race,3178
Non-Hispanic White,0.5287569573283859,race,3178
Other Hispanic,0.5070422535211268,race,3178
Other Race - Including Multi-Racial,0.47619047619047616,race,3178
Above 4x poverty line,0.34810126582278483,income,3178
Below poverty line,0.5943661971830986,income,3178
Middle (2-4x),0.44611528822055135,income,3178
Near poverty (1-2x),0.5498652291105122,income,3178
Mexican American,0.45,race,3179
Non-Hispanic Asian,0.3950617283950617,race,3179
Non-Hispanic Black,0.5503875968992248,race,3179
Non-Hispanic White,0.5324675324675324,race,3179
Other Hispanic,0.43661971830985913,race,3179
Other Race - Including Multi-Racial,0.5079365079365079,race,3179
Above 4x poverty line,0.2891566265060241,income,3179
Below poverty line,0.5962145110410094,income,3179
Middle (2-4x),0.44191919191919193,income,3179
Near poverty (1-2x),0.5767326732673267,income,3179
Mexican American,0.47,race,3180
Non-Hispanic Asian,0.2962962962962963,race,3180
Non-Hispanic Black,0.5310077519379846,race,3180
Non-Hispanic White,0.5380333951762524,race,3180
Other Hispanic,0.528169014084507,race,3180
Other Race - Including Multi-Racial,0.5873015873015873,race,3180
Above 4x poverty line,0.3170731707317073,income,3180
Below poverty line,0.613941018766756,income,3180
Middle (2-4x),0.4520547945205479,income,3180
Near poverty (1-2x),0.5538057742782152,income,3180
Mexican American,0.415,race,3181
Non-Hispanic Asian,0.24691358024691357,race,3181
Non-Hispanic Black,0.5775193798449613,race,3181
Non-Hispanic White,0.562152133580705,race,3181
Other Hispanic,0.5352112676056338,race,3181
Other Race - Including Multi-Racial,0.5396825396825397,race,3181
Above 4x poverty line,0.38823529411764707,income,3181
Below poverty line,0.5779036827195467,income,3181
Middle (2-4x),0.5013262599469496,income,3181
Near poverty (1-2x),0.5378590078328982,income,3181
Mexican American,0.5,race,3182
Non-Hispanic Asian,0.32098765432098764,race,3182
Non-Hispanic Black,0.5775193798449613,race,3182
Non-Hispanic White,0.5510204081632653,race,3182
Other Hispanic,0.5985915492957746,race,3182
Other Race - Including Multi-Racial,0.49206349206349204,race,3182
Above 4x poverty line,0.4714285714285714,income,3182
Below poverty line,0.6335227272727273,income,3182
Middle (2-4x),0.46464646464646464,income,3182
Near poverty (1-2x),0.5443037974683544,income,3182
Mexican American,0.49,race,3183
Non-Hispanic Asian,0.32098765432098764,race,3183
Non-Hispanic Black,0.5465116279069767,race,3183
Non-Hispanic White,0.5398886827458256,race,3183
Other Hispanic,0.528169014084507,race,3183
Other Race - Including Multi-Racial,0.47619047619047616,race,3183
Above 4x poverty line,0.3076923076923077,income,3183
Below poverty line,0.536144578313253,income,3183
Middle (2-4x),0.5025252525252525,income,3183
Near poverty (1-2x),0.5914786967418546,income,3183
Mexican American,0.455,race,3184
Non-Hispanic Asian,0.3333333333333333,race,3184
Non-Hispanic Black,0.5503875968992248,race,3184
Non-Hispanic White,0.5454545454545454,race,3184
Other Hispanic,0.5352112676056338,race,3184
Other Race - Including Multi-Racial,0.47619047619047616,race,3184
Above 4x poverty line,0.3076923076923077,income,3184
Below poverty line,0.5941176470588235,income,3184
Middle (2-4x),0.46733668341708545,income,3184
Near poverty (1-2x),0.5758354755784062,income,3184
Mexican American,0.44,race,3185
Non-Hispanic Asian,0.32098765432098764,race,3185
Non-Hispanic Black,0.5503875968992248,race,3185
Non-Hispanic White,0.5695732838589982,race,3185
Other Hispanic,0.49295774647887325,race,3185
Other Race - Including Multi-Racial,0.5079365079365079,race,3185
Above 4x poverty line,0.34911242603550297,income,3185
Below poverty line,0.5882352941176471,income,3185
Middle (2-4x),0.4826666666666667,income,3185
Near poverty (1-2x),0.56282722513089,income,3185
Mexican American,0.49,race,3186
Non-Hispanic Asian,0.43209876543209874,race,3186
Non-Hispanic Black,0.562015503875969,race,3186
Non-Hispanic White,0.536178107606679,race,3186
Other Hispanic,0.5633802816901409,race,3186
Other Race - Including Multi-Racial,0.5714285714285714,race,3186
Above 4x poverty line,0.37662337662337664,income,3186
Below poverty line,0.6195965417867435,income,3186
Middle (2-4x),0.5087281795511222,income,3186
Near poverty (1-2x),0.5406824146981627,income,3186
Mexican American,0.44,race,3187
Non-Hispanic Asian,0.2962962962962963,race,3187
Non-Hispanic Black,0.5426356589147286,race,3187
Non-Hispanic White,0.5287569573283859,race,3187
Other Hispanic,0.5422535211267606,race,3187
Other Race - Including Multi-Racial,0.5079365079365079,race,3187
Above 4x poverty line,0.34177215189873417,income,3187
Below poverty line,0.5710227272727273,income,3187
Middle (2-4x),0.4693333333333333,income,3187
Near poverty (1-2x),0.5402010050251256,income,3187
Mexican American,0.435,race,3188
Non-Hispanic Asian,0.2716049382716049,race,3188
Non-Hispanic Black,0.5,race,3188
Non-Hispanic White,0.5213358070500927,race,3188
Other Hispanic,0.5140845070422535,race,3188
Other Race - Including Multi-Racial,0.6825396825396826,race,3188
Above 4x poverty line,0.2980132450331126,income,3188
Below poverty line,0.5526315789473685,income,3188
Middle (2-4x),0.4567901234567901,income,3188
Near poverty (1-2x),0.561038961038961,income,3188
Mexican American,0.43,race,3189
Non-Hispanic Asian,0.32098765432098764,race,3189
Non-Hispanic Black,0.5775193798449613,race,3189
Non-Hispanic White,0.5565862708719852,race,3189
Other Hispanic,0.5915492957746479,race,3189
Other Race - Including Multi-Racial,0.6349206349206349,race,3189
Above 4x poverty line,0.35714285714285715,income,3189
Below poverty line,0.5969230769230769,income,3189
Middle (2-4x),0.47058823529411764,income,3189
Near poverty (1-2x),0.6358695652173914,income,3189
Mexican American,0.4,race,3190
Non-Hispanic Asian,0.37037037037037035,race,3190
Non-Hispanic Black,0.5852713178294574,race,3190
Non-Hispanic White,0.5380333951762524,race,3190
Other Hispanic,0.5492957746478874,race,3190
Other Race - Including Multi-Racial,0.4603174603174603,race,3190
Above 4x poverty line,0.3448275862068966,income,3190
Below poverty line,0.6033519553072626,income,3190
Middle (2-4x),0.4798994974874372,income,3190
Near poverty (1-2x),0.5261780104712042,income,3190
Mexican American,0.44,race,3191
Non-Hispanic Asian,0.38271604938271603,race,3191
Non-Hispanic Black,0.5232558139534884,race,3191
Non-Hispanic White,0.5324675324675324,race,3191
Other Hispanic,0.5140845070422535,race,3191
Other Race - Including Multi-Racial,0.5555555555555556,race,3191
Above 4x poverty line,0.34782608695652173,income,3191
Below poverty line,0.5815384615384616,income,3191
Middle (2-4x),0.45083932853717024,income,3191
Near poverty (1-2x),0.5558312655086849,income,3191
Mexican American,0.455,race,3192
Non-Hispanic Asian,0.30864197530864196,race,3192
Non-Hispanic Black,0.5426356589147286,race,3192
Non-Hispanic White,0.5658627087198516,race,3192
Other Hispanic,0.4788732394366197,race,3192
Other Race - Including Multi-Racial,0.5714285714285714,race,3192
Above 4x poverty line,0.34210526315789475,income,3192
Below poverty line,0.5845697329376854,income,3192
Middle (2-4x),0.4806201550387597,income,3192
Near poverty (1-2x),0.5651105651105651,income,3192
Mexican American,0.42,race,3193
Non-Hispanic Asian,0.32098765432098764,race,3193
Non-Hispanic Black,0.5813953488372093,race,3193
Non-Hispanic White,0.5064935064935064,race,3193
Other Hispanic,0.4647887323943662,race,3193
Other Race - Including Multi-Racial,0.5714285714285714,race,3193
Above 4x poverty line,0.2857142857142857,income,3193
Below poverty line,0.5823529411764706,income,3193
Middle (2-4x),0.46736292428198434,income,3193
Near poverty (1-2x),0.5402597402597402,income,3193
Mexican American,0.49,race,3194
Non-Hispanic Asian,0.2839506172839506,race,3194
Non-Hispanic Black,0.5426356589147286,race,3194
Non-Hispanic White,0.5102040816326531,race,3194
Other Hispanic,0.5845070422535211,race,3194
Other Race - Including Multi-Racial,0.5238095238095238,race,3194
Above 4x poverty line,0.31137724550898205,income,3194
Below poverty line,0.6081871345029239,income,3194
Middle (2-4x),0.48370927318295737,income,3194
Near poverty (1-2x),0.5306666666666666,income,3194
Mexican American,0.485,race,3195
Non-Hispanic Asian,0.35802469135802467,race,3195
Non-Hispanic Black,0.5,race,3195
Non-Hispanic White,0.5269016697588126,race,3195
Other Hispanic,0.5563380281690141,race,3195
Other Race - Including Multi-Racial,0.6190476190476191,race,3195
Above 4x poverty line,0.3357142857142857,income,3195
Below poverty line,0.6182965299684543,income,3195
Middle (2-4x),0.4646924829157175,income,3195
Near poverty (1-2x),0.5426356589147286,income,3195
Mexican American,0.445,race,3196
Non-Hispanic Asian,0.345679012345679,race,3196
Non-Hispanic Black,0.5271317829457365,race,3196
Non-Hispanic White,0.5343228200371057,race,3196
Other Hispanic,0.5352112676056338,race,3196
Other Race - Including Multi-Racial,0.42857142857142855,race,3196
Above 4x poverty line,0.35625,income,3196
Below poverty line,0.5710059171597633,income,3196
Middle (2-4x),0.4803921568627451,income,3196
Near poverty (1-2x),0.5251989389920424,income,3196
Mexican American,0.455,race,3197
Non-Hispanic Asian,0.30864197530864196,race,3197
Non-Hispanic Black,0.562015503875969,race,3197
Non-Hispanic White,0.562152133580705,race,3197
Other Hispanic,0.528169014084507,race,3197
Other Race - Including Multi-Racial,0.6666666666666666,race,3197
Above 4x poverty line,0.3401360544217687,income,3197
Below poverty line,0.6174863387978142,income,3197
Middle (2-4x),0.4776902887139108,income,3197
Near poverty (1-2x),0.5732647814910026,income,3197
Mexican American,0.445,race,3198
Non-Hispanic Asian,0.32098765432098764,race,3198
Non-Hispanic Black,0.5852713178294574,race,3198
Non-Hispanic White,0.5602968460111317,race,3198
Other Hispanic,0.5211267605633803,race,3198
Other Race - Including Multi-Racial,0.6031746031746031,race,3198
Above 4x poverty line,0.3409090909090909,income,3198
Below poverty line,0.6051873198847262,income,3198
Middle (2-4x),0.4823232323232323,income,3198
Near poverty (1-2x),0.6016483516483516,income,3198
Mexican American,0.405,race,3199
Non-Hispanic Asian,0.38271604938271603,race,3199
Non-Hispanic Black,0.5581395348837209,race,3199
Non-Hispanic White,0.562152133580705,race,3199
Other Hispanic,0.5704225352112676,race,3199
Other Race - Including Multi-Racial,0.5396825396825397,race,3199
Above 4x poverty line,0.379746835443038,income,3199
Below poverty line,0.5787965616045845,income,3199
Middle (2-4x),0.49635036496350365,income,3199
Near poverty (1-2x),0.5698630136986301,income,3199
Mexican American,0.445,race,3200
Non-Hispanic Asian,0.3950617283950617,race,3200
Non-Hispanic Black,0.5503875968992248,race,3200
Non-Hispanic White,0.5343228200371057,race,3200
Other Hispanic,0.5774647887323944,race,3200
Other Race - Including Multi-Racial,0.42857142857142855,race,3200
Above 4x poverty line,0.3291139240506329,income,3200
Below poverty line,0.6071428571428571,income,3200
Middle (2-4x),0.457286432160804,income,3200
Near poverty (1-2x),0.5647382920110193,income,3200
Mexican American,0.39,race,3201
Non-Hispanic Asian,0.4074074074074074,race,3201
Non-Hispanic Black,0.5891472868217055,race,3201
Non-Hispanic White,0.562152133580705,race,3201
Other Hispanic,0.5985915492957746,race,3201
Other Race - Including Multi-Racial,0.5396825396825397,race,3201
Above 4x poverty line,0.3333333333333333,income,3201
Below poverty line,0.6308139534883721,income,3201
Middle (2-4x),0.4949238578680203,income,3201
Near poverty (1-2x),0.5699481865284974,income,3201
Mexican American,0.45,race,3202
Non-Hispanic Asian,0.3333333333333333,race,3202
Non-Hispanic Black,0.562015503875969,race,3202
Non-Hispanic White,0.5732838589981447,race,3202
Other Hispanic,0.5492957746478874,race,3202
Other Race - Including Multi-Racial,0.5079365079365079,race,3202
Above 4x poverty line,0.33962264150943394,income,3202
Below poverty line,0.593939393939394,income,3202
Middle (2-4x),0.4846938775510204,income,3202
Near poverty (1-2x),0.599502487562189,income,3202
Mexican American,0.39,race,3203
Non-Hispanic Asian,0.2345679012345679,race,3203
Non-Hispanic Black,0.5697674418604651,race,3203
Non-Hispanic White,0.5398886827458256,race,3203
Other Hispanic,0.5,race,3203
Other Race - Including Multi-Racial,0.6507936507936508,race,3203
Above 4x poverty line,0.310126582278481,income,3203
Below poverty line,0.5809248554913294,income,3203
Middle (2-4x),0.4540540540540541,income,3203
Near poverty (1-2x),0.5599022004889975,income,3203
Mexican American,0.43,race,3204
Non-Hispanic Asian,0.2716049382716049,race,3204
Non-Hispanic Black,0.5813953488372093,race,3204
Non-Hispanic White,0.5398886827458256,race,3204
Other Hispanic,0.5633802816901409,race,3204
Other Race - Including Multi-Racial,0.6349206349206349,race,3204
Above 4x poverty line,0.32571428571428573,income,3204
Below poverty line,0.5768115942028985,income,3204
Middle (2-4x),0.4945054945054945,income,3204
Near poverty (1-2x),0.5839598997493735,income,3204
Mexican American,0.42,race,3205
Non-Hispanic Asian,0.25925925925925924,race,3205
Non-Hispanic Black,0.5465116279069767,race,3205
Non-Hispanic White,0.5473098330241187,race,3205
Other Hispanic,0.5845070422535211,race,3205
Other Race - Including Multi-Racial,0.5396825396825397,race,3205
Above 4x poverty line,0.2774566473988439,income,3205
Below poverty line,0.596045197740113,income,3205
Middle (2-4x),0.5026881720430108,income,3205
Near poverty (1-2x),0.5520833333333334,income,3205
Mexican American,0.505,race,3206
Non-Hispanic Asian,0.41975308641975306,race,3206
Non-Hispanic Black,0.5775193798449613,race,3206
Non-Hispanic White,0.5714285714285714,race,3206
Other Hispanic,0.5140845070422535,race,3206
Other Race - Including Multi-Racial,0.5079365079365079,race,3206
Above 4x poverty line,0.3592814371257485,income,3206
Below poverty line,0.6096866096866097,income,3206
Middle (2-4x),0.5219638242894057,income,3206
Near poverty (1-2x),0.5846560846560847,income,3206
Mexican American,0.42,race,3207
Non-Hispanic Asian,0.35802469135802467,race,3207
Non-Hispanic Black,0.5465116279069767,race,3207
Non-Hispanic White,0.5027829313543599,race,3207
Other Hispanic,0.5070422535211268,race,3207
Other Race - Including Multi-Racial,0.5714285714285714,race,3207
Above 4x poverty line,0.2732919254658385,income,3207
Below poverty line,0.5726495726495726,income,3207
Middle (2-4x),0.45077720207253885,income,3207
Near poverty (1-2x),0.5558441558441558,income,3207
Mexican American,0.45,race,3208
Non-Hispanic Asian,0.30864197530864196,race,3208
Non-Hispanic Black,0.5581395348837209,race,3208
Non-Hispanic White,0.5435992578849722,race,3208
Other Hispanic,0.5070422535211268,race,3208
Other Race - Including Multi-Racial,0.5714285714285714,race,3208
Above 4x poverty line,0.3223684210526316,income,3208
Below poverty line,0.5659340659340659,income,3208
Middle (2-4x),0.513715710723192,income,3208
Near poverty (1-2x),0.5437158469945356,income,3208
Mexican American,0.49,race,3209
Non-Hispanic Asian,0.2716049382716049,race,3209
Non-Hispanic Black,0.4806201550387597,race,3209
Non-Hispanic White,0.5343228200371057,race,3209
Other Hispanic,0.4788732394366197,race,3209
Other Race - Including Multi-Racial,0.5873015873015873,race,3209
Above 4x poverty line,0.2727272727272727,income,3209
Below poverty line,0.5993788819875776,income,3209
Middle (2-4x),0.4486873508353222,income,3209
Near poverty (1-2x),0.5515463917525774,income,3209
Mexican American,0.415,race,3210
Non-Hispanic Asian,0.2962962962962963,race,3210
Non-Hispanic Black,0.5581395348837209,race,3210
Non-Hispanic White,0.5009276437847866,race,3210
Other Hispanic,0.5492957746478874,race,3210
Other Race - Including Multi-Racial,0.42857142857142855,race,3210
Above 4x poverty line,0.28415300546448086,income,3210
Below poverty line,0.5701219512195121,income,3210
Middle (2-4x),0.4770408163265306,income,3210
Near poverty (1-2x),0.5263157894736842,income,3210
Mexican American,0.405,race,3211
Non-Hispanic Asian,0.2962962962962963,race,3211
Non-Hispanic Black,0.5697674418604651,race,3211
Non-Hispanic White,0.5454545454545454,race,3211
Other Hispanic,0.5,race,3211
Other Race - Including Multi-Racial,0.5714285714285714,race,3211
Above 4x poverty line,0.32727272727272727,income,3211
Below poverty line,0.5738636363636364,income,3211
Middle (2-4x),0.47668393782383417,income,3211
Near poverty (1-2x),0.5605263157894737,income,3211
Mexican American,0.39,race,3212
Non-Hispanic Asian,0.20987654320987653,race,3212
Non-Hispanic Black,0.5348837209302325,race,3212
Non-Hispanic White,0.5695732838589982,race,3212
Other Hispanic,0.5211267605633803,race,3212
Other Race - Including Multi-Racial,0.6031746031746031,race,3212
Above 4x poverty line,0.32298136645962733,income,3212
Below poverty line,0.5568862275449101,income,3212
Middle (2-4x),0.46246973365617433,income,3212
Near poverty (1-2x),0.5946666666666667,income,3212
Mexican American,0.505,race,3213
Non-Hispanic Asian,0.3950617283950617,race,3213
Non-Hispanic Black,0.5426356589147286,race,3213
Non-Hispanic White,0.5194805194805194,race,3213
Other Hispanic,0.49295774647887325,race,3213
Other Race - Including Multi-Racial,0.5238095238095238,race,3213
Above 4x poverty line,0.325,income,3213
Below poverty line,0.559375,income,3213
Middle (2-4x),0.4605911330049261,income,3213
Near poverty (1-2x),0.5994962216624685,income,3213
Mexican American,0.405,race,3214
Non-Hispanic Asian,0.2839506172839506,race,3214
Non-Hispanic Black,0.5775193798449613,race,3214
Non-Hispanic White,0.5528756957328386,race,3214
Other Hispanic,0.5352112676056338,race,3214
Other Race - Including Multi-Racial,0.5555555555555556,race,3214
Above 4x poverty line,0.3167701863354037,income,3214
Below poverty line,0.5963855421686747,income,3214
Middle (2-4x),0.4740740740740741,income,3214
Near poverty (1-2x),0.574025974025974,income,3214
Mexican American,0.445,race,3215
Non-Hispanic Asian,0.2962962962962963,race,3215
Non-Hispanic Black,0.5542635658914729,race,3215
Non-Hispanic White,0.5732838589981447,race,3215
Other Hispanic,0.5563380281690141,race,3215
Other Race - Including Multi-Racial,0.5714285714285714,race,3215
Above 4x poverty line,0.40559440559440557,income,3215
Below poverty line,0.6301369863013698,income,3215
Middle (2-4x),0.43882978723404253,income,3215
Near poverty (1-2x),0.568922305764411,income,3215
Mexican American,0.49,race,3216
Non-Hispanic Asian,0.3333333333333333,race,3216
Non-Hispanic Black,0.5542635658914729,race,3216
Non-Hispanic White,0.5064935064935064,race,3216
Other Hispanic,0.5422535211267606,race,3216
Other Race - Including Multi-Racial,0.5396825396825397,race,3216
Above 4x poverty line,0.3464052287581699,income,3216
Below poverty line,0.5701754385964912,income,3216
Middle (2-4x),0.48009950248756217,income,3216
Near poverty (1-2x),0.5466321243523317,income,3216
Mexican American,0.435,race,3217
Non-Hispanic Asian,0.4074074074074074,race,3217
Non-Hispanic Black,0.5930232558139535,race,3217
Non-Hispanic White,0.5732838589981447,race,3217
Other Hispanic,0.4859154929577465,race,3217
Other Race - Including Multi-Racial,0.5079365079365079,race,3217
Above 4x poverty line,0.33548387096774196,income,3217
Below poverty line,0.6057971014492753,income,3217
Middle (2-4x),0.4884910485933504,income,3217
Near poverty (1-2x),0.5892857142857143,income,3217
Mexican American,0.445,race,3218
Non-Hispanic Asian,0.35802469135802467,race,3218
Non-Hispanic Black,0.5852713178294574,race,3218
Non-Hispanic White,0.5844155844155844,race,3218
Other Hispanic,0.5211267605633803,race,3218
Other Race - Including Multi-Racial,0.49206349206349204,race,3218
Above 4x poverty line,0.39869281045751637,income,3218
Below poverty line,0.6246719160104987,income,3218
Middle (2-4x),0.45789473684210524,income,3218
Near poverty (1-2x),0.5853658536585366,income,3218
Mexican American,0.495,race,3219
Non-Hispanic Asian,0.345679012345679,race,3219
Non-Hispanic Black,0.5697674418604651,race,3219
Non-Hispanic White,0.5287569573283859,race,3219
Other Hispanic,0.4859154929577465,race,3219
Other Race - Including Multi-Racial,0.5873015873015873,race,3219
Above 4x poverty line,0.3263888888888889,income,3219
Below poverty line,0.5619596541786743,income,3219
Middle (2-4x),0.4557291666666667,income,3219
Near poverty (1-2x),0.6078431372549019,income,3219
Mexican American,0.44,race,3220
Non-Hispanic Asian,0.30864197530864196,race,3220
Non-Hispanic Black,0.5581395348837209,race,3220
Non-Hispanic White,0.5398886827458256,race,3220
Other Hispanic,0.528169014084507,race,3220
Other Race - Including Multi-Racial,0.6190476190476191,race,3220
Above 4x poverty line,0.3072289156626506,income,3220
Below poverty line,0.6246498599439776,income,3220
Middle (2-4x),0.45595854922279794,income,3220
Near poverty (1-2x),0.5668449197860963,income,3220
Mexican American,0.435,race,3221
Non-Hispanic Asian,0.3333333333333333,race,3221
Non-Hispanic Black,0.562015503875969,race,3221
Non-Hispanic White,0.5640074211502782,race,3221
Other Hispanic,0.4859154929577465,race,3221
Other Race - Including Multi-Racial,0.5396825396825397,race,3221
Above 4x poverty line,0.3402777777777778,income,3221
Below poverty line,0.5854341736694678,income,3221
Middle (2-4x),0.4577114427860697,income,3221
Near poverty (1-2x),0.5894736842105263,income,3221
Mexican American,0.49,race,3222
Non-Hispanic Asian,0.345679012345679,race,3222
Non-Hispanic Black,0.5697674418604651,race,3222
Non-Hispanic White,0.536178107606679,race,3222
Other Hispanic,0.5492957746478874,race,3222
Other Race - Including Multi-Racial,0.5873015873015873,race,3222
Above 4x poverty line,0.3137254901960784,income,3222
Below poverty line,0.5994397759103641,income,3222
Middle (2-4x),0.4884910485933504,income,3222
Near poverty (1-2x),0.5863874345549738,income,3222
Mexican American,0.46,race,3223
Non-Hispanic Asian,0.2839506172839506,race,3223
Non-Hispanic Black,0.5542635658914729,race,3223
Non-Hispanic White,0.5677179962894249,race,3223
Other Hispanic,0.5492957746478874,race,3223
Other Race - Including Multi-Racial,0.5555555555555556,race,3223
Above 4x poverty line,0.3469387755102041,income,3223
Below poverty line,0.625,income,3223
Middle (2-4x),0.47901234567901235,income,3223
Near poverty (1-2x),0.5593667546174143,income,3223
Mexican American,0.47,race,3224
Non-Hispanic Asian,0.38271604938271603,race,3224
Non-Hispanic Black,0.5155038759689923,race,3224
Non-Hispanic White,0.5510204081632653,race,3224
Other Hispanic,0.5704225352112676,race,3224
Other Race - Including Multi-Racial,0.5238095238095238,race,3224
Above 4x poverty line,0.3390804597701149,income,3224
Below poverty line,0.5877192982456141,income,3224
Middle (2-4x),0.4730077120822622,income,3224
Near poverty (1-2x),0.5952380952380952,income,3224
Mexican American,0.405,race,3225
Non-Hispanic Asian,0.345679012345679,race,3225
Non-Hispanic Black,0.5426356589147286,race,3225
Non-Hispanic White,0.5510204081632653,race,3225
Other Hispanic,0.5563380281690141,race,3225
Other Race - Including Multi-Racial,0.5238095238095238,race,3225
Above 4x poverty line,0.3815789473684211,income,3225
Below poverty line,0.5537190082644629,income,3225
Middle (2-4x),0.4819277108433735,income,3225
Near poverty (1-2x),0.5637393767705382,income,3225
Mexican American,0.415,race,3226
Non-Hispanic Asian,0.35802469135802467,race,3226
Non-Hispanic Black,0.5465116279069767,race,3226
Non-Hispanic White,0.5788497217068646,race,3226
Other Hispanic,0.5563380281690141,race,3226
Other Race - Including Multi-Racial,0.47619047619047616,race,3226
Above 4x poverty line,0.34104046242774566,income,3226
Below poverty line,0.5795454545454546,income,3226
Middle (2-4x),0.529126213592233,income,3226
Near poverty (1-2x),0.5578034682080925,income,3226
Mexican American,0.455,race,3227
Non-Hispanic Asian,0.4074074074074074,race,3227
Non-Hispanic Black,0.49612403100775193,race,3227
Non-Hispanic White,0.5027829313543599,race,3227
Other Hispanic,0.5140845070422535,race,3227
Other Race - Including Multi-Racial,0.47619047619047616,race,3227
Above 4x poverty line,0.27071823204419887,income,3227
Below poverty line,0.5786516853932584,income,3227
Middle (2-4x),0.4453551912568306,income,3227
Near poverty (1-2x),0.5473684210526316,income,3227
Mexican American,0.495,race,3228
Non-Hispanic Asian,0.32098765432098764,race,3228
Non-Hispanic Black,0.5930232558139535,race,3228
Non-Hispanic White,0.4972170686456401,race,3228
Other Hispanic,0.5422535211267606,race,3228
Other Race - Including Multi-Racial,0.49206349206349204,race,3228
Above 4x poverty line,0.2974683544303797,income,3228
Below poverty line,0.6049723756906077,income,3228
Middle (2-4x),0.4529262086513995,income,3228
Near poverty (1-2x),0.5675675675675675,income,3228
Mexican American,0.485,race,3229
Non-Hispanic Asian,0.2962962962962963,race,3229
Non-Hispanic Black,0.5310077519379846,race,3229
Non-Hispanic White,0.5732838589981447,race,3229
Other Hispanic,0.5422535211267606,race,3229
Other Race - Including Multi-Racial,0.49206349206349204,race,3229
Above 4x poverty line,0.3509933774834437,income,3229
Below poverty line,0.6017441860465116,income,3229
Middle (2-4x),0.4724220623501199,income,3229
Near poverty (1-2x),0.5876010781671159,income,3229
Mexican American,0.505,race,3230
Non-Hispanic Asian,0.3333333333333333,race,3230
Non-Hispanic Black,0.5271317829457365,race,3230
Non-Hispanic White,0.562152133580705,race,3230
Other Hispanic,0.5422535211267606,race,3230
Other Race - Including Multi-Racial,0.5555555555555556,race,3230
Above 4x poverty line,0.36879432624113473,income,3230
Below poverty line,0.603448275862069,income,3230
Middle (2-4x),0.47836538461538464,income,3230
Near poverty (1-2x),0.5767195767195767,income,3230
Mexican American,0.465,race,3231
Non-Hispanic Asian,0.345679012345679,race,3231
Non-Hispanic Black,0.5736434108527132,race,3231
Non-Hispanic White,0.5194805194805194,race,3231
Other Hispanic,0.5352112676056338,race,3231
Other Race - Including Multi-Racial,0.5555555555555556,race,3231
Above 4x poverty line,0.3488372093023256,income,3231
Below poverty line,0.6072423398328691,income,3231
Middle (2-4x),0.46408839779005523,income,3231
Near poverty (1-2x),0.5487179487179488,income,3231
Mexican American,0.485,race,3232
Non-Hispanic Asian,0.35802469135802467,race,3232
Non-Hispanic Black,0.5426356589147286,race,3232
Non-Hispanic White,0.5380333951762524,race,3232
Other Hispanic,0.5563380281690141,race,3232
Other Race - Including Multi-Racial,0.5873015873015873,race,3232
Above 4x poverty line,0.26973684210526316,income,3232
Below poverty line,0.5861111111111111,income,3232
Middle (2-4x),0.5137844611528822,income,3232
Near poverty (1-2x),0.5779569892473119,income,3232
Mexican American,0.515,race,3233
Non-Hispanic Asian,0.41975308641975306,race,3233
Non-Hispanic Black,0.5658914728682171,race,3233
Non-Hispanic White,0.5454545454545454,race,3233
Other Hispanic,0.5492957746478874,race,3233
Other Race - Including Multi-Racial,0.4444444444444444,race,3233
Above 4x poverty line,0.38509316770186336,income,3233
Below poverty line,0.579250720461095,income,3233
Middle (2-4x),0.4806201550387597,income,3233
Near poverty (1-2x),0.6030927835051546,income,3233
Mexican American,0.44,race,3234
Non-Hispanic Asian,0.30864197530864196,race,3234
Non-Hispanic Black,0.5775193798449613,race,3234
Non-Hispanic White,0.5213358070500927,race,3234
Other Hispanic,0.49295774647887325,race,3234
Other Race - Including Multi-Racial,0.47619047619047616,race,3234
Above 4x poverty line,0.3614457831325301,income,3234
Below poverty line,0.5878962536023055,income,3234
Middle (2-4x),0.45409429280397023,income,3234
Near poverty (1-2x),0.5340599455040872,income,3234
Mexican American,0.43,race,3235
Non-Hispanic Asian,0.2839506172839506,race,3235
Non-Hispanic Black,0.562015503875969,race,3235
Non-Hispanic White,0.5417439703153989,race,3235
Other Hispanic,0.5211267605633803,race,3235
Other Race - Including Multi-Racial,0.5714285714285714,race,3235
Above 4x poverty line,0.29559748427672955,income,3235
Below poverty line,0.60790273556231,income,3235
Middle (2-4x),0.46798029556650245,income,3235
Near poverty (1-2x),0.5629820051413882,income,3235
Mexican American,0.45,race,3236
Non-Hispanic Asian,0.3950617283950617,race,3236
Non-Hispanic Black,0.5503875968992248,race,3236
Non-Hispanic White,0.5547309833024119,race,3236
Other Hispanic,0.5845070422535211,race,3236
Other Race - Including Multi-Racial,0.5238095238095238,race,3236
Above 4x poverty line,0.3333333333333333,income,3236
Below poverty line,0.638121546961326,income,3236
Middle (2-4x),0.4732620320855615,income,3236
Near poverty (1-2x),0.5672823218997362,income,3236
Mexican American,0.465,race,3237
Non-Hispanic Asian,0.4074074074074074,race,3237
Non-Hispanic Black,0.5232558139534884,race,3237
Non-Hispanic White,0.5584415584415584,race,3237
Other Hispanic,0.5492957746478874,race,3237
Other Race - Including Multi-Racial,0.5238095238095238,race,3237
Above 4x poverty line,0.3167701863354037,income,3237
Below poverty line,0.5804597701149425,income,3237
Middle (2-4x),0.49370277078085645,income,3237
Near poverty (1-2x),0.5941644562334217,income,3237
Mexican American,0.435,race,3238
Non-Hispanic Asian,0.345679012345679,race,3238
Non-Hispanic Black,0.5542635658914729,race,3238
Non-Hispanic White,0.5343228200371057,race,3238
Other Hispanic,0.5492957746478874,race,3238
Other Race - Including Multi-Racial,0.47619047619047616,race,3238
Above 4x poverty line,0.345679012345679,income,3238
Below poverty line,0.5953079178885631,income,3238
Middle (2-4x),0.4585365853658537,income,3238
Near poverty (1-2x),0.5594594594594594,income,3238
Mexican American,0.445,race,3239
Non-Hispanic Asian,0.32098765432098764,race,3239
Non-Hispanic Black,0.5155038759689923,race,3239
Non-Hispanic White,0.5547309833024119,race,3239
Other Hispanic,0.5211267605633803,race,3239
Other Race - Including Multi-Racial,0.5555555555555556,race,3239
Above 4x poverty line,0.391812865497076,income,3239
Below poverty line,0.5934065934065934,income,3239
Middle (2-4x),0.4461942257217848,income,3239
Near poverty (1-2x),0.553133514986376,income,3239
Mexican American,0.45,race,3240
Non-Hispanic Asian,0.35802469135802467,race,3240
Non-Hispanic Black,0.5116279069767442,race,3240
Non-Hispanic White,0.5454545454545454,race,3240
Other Hispanic,0.5492957746478874,race,3240
Other Race - Including Multi-Racial,0.5079365079365079,race,3240
Above 4x poverty line,0.36942675159235666,income,3240
Below poverty line,0.597667638483965,income,3240
Middle (2-4x),0.45454545454545453,income,3240
Near poverty (1-2x),0.550531914893617,income,3240
Mexican American,0.42,race,3241
Non-Hispanic Asian,0.3333333333333333,race,3241
Non-Hispanic Black,0.5271317829457365,race,3241
Non-Hispanic White,0.5380333951762524,race,3241
Other Hispanic,0.4647887323943662,race,3241
Other Race - Including Multi-Racial,0.6031746031746031,race,3241
Above 4x poverty line,0.3246753246753247,income,3241
Below poverty line,0.5472222222222223,income,3241
Middle (2-4x),0.5012722646310432,income,3241
Near poverty (1-2x),0.523936170212766,income,3241
Mexican American,0.405,race,3242
Non-Hispanic Asian,0.32098765432098764,race,3242
Non-Hispanic Black,0.5658914728682171,race,3242
Non-Hispanic White,0.5454545454545454,race,3242
Other Hispanic,0.5563380281690141,race,3242
Other Race - Including Multi-Racial,0.5396825396825397,race,3242
Above 4x poverty line,0.32727272727272727,income,3242
Below poverty line,0.6067415730337079,income,3242
Middle (2-4x),0.47297297297297297,income,3242
Near poverty (1-2x),0.548469387755102,income,3242
Mexican American,0.41,race,3243
Non-Hispanic Asian,0.35802469135802467,race,3243
Non-Hispanic Black,0.5271317829457365,race,3243
Non-Hispanic White,0.5473098330241187,race,3243
Other Hispanic,0.5563380281690141,race,3243
Other Race - Including Multi-Racial,0.5873015873015873,race,3243
Above 4x poverty line,0.3081761006289308,income,3243
Below poverty line,0.5831062670299727,income,3243
Middle (2-4x),0.47956403269754766,income,3243
Near poverty (1-2x),0.5615384615384615,income,3243
Mexican American,0.485,race,3244
Non-Hispanic Asian,0.30864197530864196,race,3244
Non-Hispanic Black,0.5387596899224806,race,3244
Non-Hispanic White,0.5695732838589982,race,3244
Other Hispanic,0.5352112676056338,race,3244
Other Race - Including Multi-Racial,0.49206349206349204,race,3244
Above 4x poverty line,0.3148148148148148,income,3244
Below poverty line,0.6099706744868035,income,3244
Middle (2-4x),0.48877805486284287,income,3244
Near poverty (1-2x),0.5804749340369393,income,3244
Mexican American,0.425,race,3245
Non-Hispanic Asian,0.2839506172839506,race,3245
Non-Hispanic Black,0.5426356589147286,race,3245
Non-Hispanic White,0.5602968460111317,race,3245
Other Hispanic,0.528169014084507,race,3245
Other Race - Including Multi-Racial,0.38095238095238093,race,3245
Above 4x poverty line,0.3464052287581699,income,3245
Below poverty line,0.5833333333333334,income,3245
Middle (2-4x),0.4650602409638554,income,3245
Near poverty (1-2x),0.5449591280653951,income,3245
Mexican American,0.45,race,3246
Non-Hispanic Asian,0.37037037037037035,race,3246
Non-Hispanic Black,0.5426356589147286,race,3246
Non-Hispanic White,0.5695732838589982,race,3246
Other Hispanic,0.5845070422535211,race,3246
Other Race - Including Multi-Racial,0.5555555555555556,race,3246
Above 4x poverty line,0.3170731707317073,income,3246
Below poverty line,0.6175637393767706,income,3246
Middle (2-4x),0.5324675324675324,income,3246
Near poverty (1-2x),0.5511811023622047,income,3246
Mexican American,0.44,race,3247
Non-Hispanic Asian,0.2962962962962963,race,3247
Non-Hispanic Black,0.5697674418604651,race,3247
Non-Hispanic White,0.5602968460111317,race,3247
Other Hispanic,0.5704225352112676,race,3247
Other Race - Including Multi-Racial,0.5396825396825397,race,3247
Above 4x poverty line,0.3619631901840491,income,3247
Below poverty line,0.590778097982709,income,3247
Middle (2-4x),0.4830287206266319,income,3247
Near poverty (1-2x),0.5820512820512821,income,3247
Mexican American,0.435,race,3248
Non-Hispanic Asian,0.2839506172839506,race,3248
Non-Hispanic Black,0.5542635658914729,race,3248
Non-Hispanic White,0.4972170686456401,race,3248
Other Hispanic,0.5070422535211268,race,3248
Other Race - Including Multi-Racial,0.5396825396825397,race,3248
Above 4x poverty line,0.2914285714285714,income,3248
Below poverty line,0.5255681818181818,income,3248
Middle (2-4x),0.42036553524804177,income,3248
Near poverty (1-2x),0.6166219839142091,income,3248
Mexican American,0.45,race,3249
Non-Hispanic Asian,0.4074074074074074,race,3249
Non-Hispanic Black,0.5310077519379846,race,3249
Non-Hispanic White,0.5343228200371057,race,3249
Other Hispanic,0.5140845070422535,race,3249
Other Race - Including Multi-Racial,0.5396825396825397,race,3249
Above 4x poverty line,0.35542168674698793,income,3249
Below poverty line,0.5850340136054422,income,3249
Middle (2-4x),0.4563106796116505,income,3249
Near poverty (1-2x),0.5742092457420924,income,3249
Mexican American,0.47,race,3250
Non-Hispanic Asian,0.2716049382716049,race,3250
Non-Hispanic Black,0.5891472868217055,race,3250
Non-Hispanic White,0.5417439703153989,race,3250
Other Hispanic,0.49295774647887325,race,3250
Other Race - Including Multi-Racial,0.47619047619047616,race,3250
Above 4x poverty line,0.2721518987341772,income,3250
Below poverty line,0.5542521994134897,income,3250
Middle (2-4x),0.5063613231552163,income,3250
Near poverty (1-2x),0.5856777493606138,income,3250
Mexican American,0.415,race,3251
Non-Hispanic Asian,0.32098765432098764,race,3251
Non-Hispanic Black,0.5348837209302325,race,3251
Non-Hispanic White,0.5510204081632653,race,3251
Other Hispanic,0.5211267605633803,race,3251
Other Race - Including Multi-Racial,0.5079365079365079,race,3251
Above 4x poverty line,0.4444444444444444,income,3251
Below poverty line,0.5718654434250765,income,3251
Middle (2-4x),0.4621026894865526,income,3251
Near poverty (1-2x),0.5228426395939086,income,3251
Mexican American,0.41,race,3252
Non-Hispanic Asian,0.345679012345679,race,3252
Non-Hispanic Black,0.5310077519379846,race,3252
Non-Hispanic White,0.5714285714285714,race,3252
Other Hispanic,0.5845070422535211,race,3252
Other Race - Including Multi-Racial,0.5714285714285714,race,3252
Above 4x poverty line,0.31125827814569534,income,3252
Below poverty line,0.589041095890411,income,3252
Middle (2-4x),0.47692307692307695,income,3252
Near poverty (1-2x),0.5994694960212201,income,3252
Mexican American,0.47,race,3253
Non-Hispanic Asian,0.2839506172839506,race,3253
Non-Hispanic Black,0.5232558139534884,race,3253
Non-Hispanic White,0.5213358070500927,race,3253
Other Hispanic,0.5563380281690141,race,3253
Other Race - Including Multi-Racial,0.49206349206349204,race,3253
Above 4x poverty line,0.32051282051282054,income,3253
Below poverty line,0.5738161559888579,income,3253
Middle (2-4x),0.46954314720812185,income,3253
Near poverty (1-2x),0.5401069518716578,income,3253
Mexican American,0.445,race,3254
Non-Hispanic Asian,0.35802469135802467,race,3254
Non-Hispanic Black,0.5658914728682171,race,3254
Non-Hispanic White,0.5473098330241187,race,3254
Other Hispanic,0.5704225352112676,race,3254
Other Race - Including Multi-Racial,0.6031746031746031,race,3254
Above 4x poverty line,0.33974358974358976,income,3254
Below poverty line,0.6118980169971672,income,3254
Middle (2-4x),0.46564885496183206,income,3254
Near poverty (1-2x),0.5931758530183727,income,3254
Mexican American,0.4,race,3255
Non-Hispanic Asian,0.41975308641975306,race,3255
Non-Hispanic Black,0.6046511627906976,race,3255
Non-Hispanic White,0.5176252319109462,race,3255
Other Hispanic,0.6197183098591549,race,3255
Other Race - Including Multi-Racial,0.5238095238095238,race,3255
Above 4x poverty line,0.37222222222222223,income,3255
Below poverty line,0.5943661971830986,income,3255
Middle (2-4x),0.46774193548387094,income,3255
Near poverty (1-2x),0.5797872340425532,income,3255
Mexican American,0.405,race,3256
Non-Hispanic Asian,0.35802469135802467,race,3256
Non-Hispanic Black,0.5697674418604651,race,3256
Non-Hispanic White,0.5510204081632653,race,3256
Other Hispanic,0.5352112676056338,race,3256
Other Race - Including Multi-Racial,0.5714285714285714,race,3256
Above 4x poverty line,0.36423841059602646,income,3256
Below poverty line,0.5994397759103641,income,3256
Middle (2-4x),0.48677248677248675,income,3256
Near poverty (1-2x),0.5365239294710328,income,3256
Mexican American,0.45,race,3257
Non-Hispanic Asian,0.35802469135802467,race,3257
Non-Hispanic Black,0.5426356589147286,race,3257
Non-Hispanic White,0.5398886827458256,race,3257
Other Hispanic,0.5211267605633803,race,3257
Other Race - Including Multi-Racial,0.5555555555555556,race,3257
Above 4x poverty line,0.33986928104575165,income,3257
Below poverty line,0.6099706744868035,income,3257
Middle (2-4x),0.41361256544502617,income,3257
Near poverty (1-2x),0.5921375921375921,income,3257
Mexican American,0.435,race,3258
Non-Hispanic Asian,0.25925925925925924,race,3258
Non-Hispanic Black,0.5542635658914729,race,3258
Non-Hispanic White,0.5398886827458256,race,3258
Other Hispanic,0.5,race,3258
Other Race - Including Multi-Racial,0.6349206349206349,race,3258
Above 4x poverty line,0.36774193548387096,income,3258
Below poverty line,0.5902578796561605,income,3258
Middle (2-4x),0.4601542416452442,income,3258
Near poverty (1-2x),0.541025641025641,income,3258
Mexican American,0.425,race,3259
Non-Hispanic Asian,0.4074074074074074,race,3259
Non-Hispanic Black,0.5658914728682171,race,3259
Non-Hispanic White,0.5862708719851577,race,3259
Other Hispanic,0.5352112676056338,race,3259
Other Race - Including Multi-Racial,0.5555555555555556,race,3259
Above 4x poverty line,0.40397350993377484,income,3259
Below poverty line,0.5959302325581395,income,3259
Middle (2-4x),0.4856396866840731,income,3259
Near poverty (1-2x),0.5901234567901235,income,3259
Mexican American,0.47,race,3260
Non-Hispanic Asian,0.37037037037037035,race,3260
Non-Hispanic Black,0.5697674418604651,race,3260
Non-Hispanic White,0.5250463821892394,race,3260
Other Hispanic,0.47183098591549294,race,3260
Other Race - Including Multi-Racial,0.5396825396825397,race,3260
Above 4x poverty line,0.36942675159235666,income,3260
Below poverty line,0.5867052023121387,income,3260
Middle (2-4x),0.47058823529411764,income,3260
Near poverty (1-2x),0.543010752688172,income,3260
Mexican American,0.44,race,3261
Non-Hispanic Asian,0.38271604938271603,race,3261
Non-Hispanic Black,0.5697674418604651,race,3261
Non-Hispanic White,0.5640074211502782,race,3261
Other Hispanic,0.5633802816901409,race,3261
Other Race - Including Multi-Racial,0.6190476190476191,race,3261
Above 4x poverty line,0.3235294117647059,income,3261
Below poverty line,0.6456456456456456,income,3261
Middle (2-4x),0.49230769230769234,income,3261
Near poverty (1-2x),0.5820512820512821,income,3261
Mexican American,0.475,race,3262
Non-Hispanic Asian,0.25925925925925924,race,3262
Non-Hispanic Black,0.5503875968992248,race,3262
Non-Hispanic White,0.5398886827458256,race,3262
Other Hispanic,0.5422535211267606,race,3262
Other Race - Including Multi-Racial,0.42857142857142855,race,3262
Above 4x poverty line,0.34782608695652173,income,3262
Below poverty line,0.564327485380117,income,3262
Middle (2-4x),0.4682926829268293,income,3262
Near poverty (1-2x),0.572972972972973,income,3262
Mexican American,0.41,race,3263
Non-Hispanic Asian,0.2962962962962963,race,3263
Non-Hispanic Black,0.562015503875969,race,3263
Non-Hispanic White,0.5194805194805194,race,3263
Other Hispanic,0.5070422535211268,race,3263
Other Race - Including Multi-Racial,0.6190476190476191,race,3263
Above 4x poverty line,0.3314917127071823,income,3263
Below poverty line,0.5422740524781341,income,3263
Middle (2-4x),0.4639175257731959,income,3263
Near poverty (1-2x),0.5822102425876011,income,3263
Mexican American,0.475,race,3264
Non-Hispanic Asian,0.35802469135802467,race,3264
Non-Hispanic Black,0.5465116279069767,race,3264
Non-Hispanic White,0.549165120593692,race,3264
Other Hispanic,0.5352112676056338,race,3264
Other Race - Including Multi-Racial,0.6349206349206349,race,3264
Above 4x poverty line,0.39855072463768115,income,3264
Below poverty line,0.6206896551724138,income,3264
Middle (2-4x),0.4770408163265306,income,3264
Near poverty (1-2x),0.5407407407407407,income,3264
Mexican American,0.455,race,3265
Non-Hispanic Asian,0.35802469135802467,race,3265
Non-Hispanic Black,0.5697674418604651,race,3265
Non-Hispanic White,0.549165120593692,race,3265
Other Hispanic,0.5352112676056338,race,3265
Other Race - Including Multi-Racial,0.5714285714285714,race,3265
Above 4x poverty line,0.36666666666666664,income,3265
Below poverty line,0.6118980169971672,income,3265
Middle (2-4x),0.5,income,3265
Near poverty (1-2x),0.5360824742268041,income,3265
Mexican American,0.47,race,3266
Non-Hispanic Asian,0.345679012345679,race,3266
Non-Hispanic Black,0.5271317829457365,race,3266
Non-Hispanic White,0.5435992578849722,race,3266
Other Hispanic,0.4647887323943662,race,3266
Other Race - Including Multi-Racial,0.4444444444444444,race,3266
Above 4x poverty line,0.3575757575757576,income,3266
Below poverty line,0.5773809523809523,income,3266
Middle (2-4x),0.47146401985111663,income,3266
Near poverty (1-2x),0.5329815303430079,income,3266
Mexican American,0.45,race,3267
Non-Hispanic Asian,0.38271604938271603,race,3267
Non-Hispanic Black,0.5116279069767442,race,3267
Non-Hispanic White,0.5714285714285714,race,3267
Other Hispanic,0.5140845070422535,race,3267
Other Race - Including Multi-Racial,0.5873015873015873,race,3267
Above 4x poverty line,0.3076923076923077,income,3267
Below poverty line,0.5855614973262032,income,3267
Middle (2-4x),0.5185185185185185,income,3267
Near poverty (1-2x),0.5546666666666666,income,3267
Mexican American,0.475,race,3268
Non-Hispanic Asian,0.38271604938271603,race,3268
Non-Hispanic Black,0.5542635658914729,race,3268
Non-Hispanic White,0.5027829313543599,race,3268
Other Hispanic,0.5140845070422535,race,3268
Other Race - Including Multi-Racial,0.5714285714285714,race,3268
Above 4x poverty line,0.30357142857142855,income,3268
Below poverty line,0.5774647887323944,income,3268
Middle (2-4x),0.4738219895287958,income,3268
Near poverty (1-2x),0.5608465608465608,income,3268
Mexican American,0.49,race,3269
Non-Hispanic Asian,0.32098765432098764,race,3269
Non-Hispanic Black,0.4883720930232558,race,3269
Non-Hispanic White,0.5083487940630798,race,3269
Other Hispanic,0.5070422535211268,race,3269
Other Race - Including Multi-Racial,0.5079365079365079,race,3269
Above 4x poverty line,0.3170731707317073,income,3269
Below poverty line,0.6072423398328691,income,3269
Middle (2-4x),0.41362530413625304,income,3269
Near poverty (1-2x),0.5386819484240688,income,3269
Mexican American,0.41,race,3270
Non-Hispanic Asian,0.3333333333333333,race,3270
Non-Hispanic Black,0.5038759689922481,race,3270
Non-Hispanic White,0.575139146567718,race,3270
Other Hispanic,0.6549295774647887,race,3270
Other Race - Including Multi-Racial,0.6190476190476191,race,3270
Above 4x poverty line,0.43448275862068964,income,3270
Below poverty line,0.5735735735735735,income,3270
Middle (2-4x),0.4962962962962963,income,3270
Near poverty (1-2x),0.565,income,3270
Mexican American,0.435,race,3271
Non-Hispanic Asian,0.32098765432098764,race,3271
Non-Hispanic Black,0.5542635658914729,race,3271
Non-Hispanic White,0.549165120593692,race,3271
Other Hispanic,0.5633802816901409,race,3271
Other Race - Including Multi-Racial,0.6031746031746031,race,3271
Above 4x poverty line,0.38509316770186336,income,3271
Below poverty line,0.5750708215297451,income,3271
Middle (2-4x),0.49743589743589745,income,3271
Near poverty (1-2x),0.5567282321899736,income,3271
Mexican American,0.46,race,3272
Non-Hispanic Asian,0.3333333333333333,race,3272
Non-Hispanic Black,0.5813953488372093,race,3272
Non-Hispanic White,0.5417439703153989,race,3272
Other Hispanic,0.5492957746478874,race,3272
Other Race - Including Multi-Racial,0.5079365079365079,race,3272
Above 4x poverty line,0.36129032258064514,income,3272
Below poverty line,0.6047197640117994,income,3272
Middle (2-4x),0.49370277078085645,income,3272
Near poverty (1-2x),0.5459183673469388,income,3272
Mexican American,0.47,race,3273
Non-Hispanic Asian,0.30864197530864196,race,3273
Non-Hispanic Black,0.5503875968992248,race,3273
Non-Hispanic White,0.5269016697588126,race,3273
Other Hispanic,0.5563380281690141,race,3273
Other Race - Including Multi-Racial,0.47619047619047616,race,3273
Above 4x poverty line,0.34355828220858897,income,3273
Below poverty line,0.5905044510385756,income,3273
Middle (2-4x),0.47435897435897434,income,3273
Near poverty (1-2x),0.544529262086514,income,3273
Mexican American,0.49,race,3274
Non-Hispanic Asian,0.37037037037037035,race,3274
Non-Hispanic Black,0.5697674418604651,race,3274
Non-Hispanic White,0.5417439703153989,race,3274
Other Hispanic,0.5,race,3274
Other Race - Including Multi-Racial,0.5079365079365079,race,3274
Above 4x poverty line,0.2967032967032967,income,3274
Below poverty line,0.6011730205278593,income,3274
Middle (2-4x),0.48860759493670886,income,3274
Near poverty (1-2x),0.5972602739726027,income,3274
Mexican American,0.47,race,3275
Non-Hispanic Asian,0.4074074074074074,race,3275
Non-Hispanic Black,0.5426356589147286,race,3275
Non-Hispanic White,0.5435992578849722,race,3275
Other Hispanic,0.5422535211267606,race,3275
Other Race - Including Multi-Racial,0.5873015873015873,race,3275
Above 4x poverty line,0.3772455089820359,income,3275
Below poverty line,0.5743440233236151,income,3275
Middle (2-4x),0.5211640211640212,income,3275
Near poverty (1-2x),0.549367088607595,income,3275
Mexican American,0.47,race,3276
Non-Hispanic Asian,0.43209876543209874,race,3276
Non-Hispanic Black,0.49224806201550386,race,3276
Non-Hispanic White,0.5435992578849722,race,3276
Other Hispanic,0.5845070422535211,race,3276
Other Race - Including Multi-Racial,0.49206349206349204,race,3276
Above 4x poverty line,0.4,income,3276
Below poverty line,0.5518207282913166,income,3276
Middle (2-4x),0.4675324675324675,income,3276
Near poverty (1-2x),0.5851063829787234,income,3276
Mexican American,0.47,race,3277
Non-Hispanic Asian,0.2962962962962963,race,3277
Non-Hispanic Black,0.5891472868217055,race,3277
Non-Hispanic White,0.5343228200371057,race,3277
Other Hispanic,0.5492957746478874,race,3277
Other Race - Including Multi-Racial,0.5396825396825397,race,3277
Above 4x poverty line,0.3522727272727273,income,3277
Below poverty line,0.6,income,3277
Middle (2-4x),0.48097826086956524,income,3277
Near poverty (1-2x),0.5672823218997362,income,3277
Mexican American,0.375,race,3278
Non-Hispanic Asian,0.2839506172839506,race,3278
Non-Hispanic Black,0.5232558139534884,race,3278
Non-Hispanic White,0.5769944341372912,race,3278
Other Hispanic,0.5070422535211268,race,3278
Other Race - Including Multi-Racial,0.49206349206349204,race,3278
Above 4x poverty line,0.37888198757763975,income,3278
Below poverty line,0.5349462365591398,income,3278
Middle (2-4x),0.46866485013623976,income,3278
Near poverty (1-2x),0.5613577023498695,income,3278
Mexican American,0.435,race,3279
Non-Hispanic Asian,0.35802469135802467,race,3279
Non-Hispanic Black,0.5038759689922481,race,3279
Non-Hispanic White,0.5435992578849722,race,3279
Other Hispanic,0.5070422535211268,race,3279
Other Race - Including Multi-Racial,0.6349206349206349,race,3279
Above 4x poverty line,0.29936305732484075,income,3279
Below poverty line,0.57636887608069165,income,3279
Middle (2-4x),0.46867167919799496,income,3279
Near poverty (1-2x),0.5710526315789474,income,3279
Mexican American,0.42,race,3280
Non-Hispanic Asian,0.2222222222222222,race,3280
Non-Hispanic Black,0.5310077519379846,race,3280
Non-Hispanic White,0.5231910946196661,race,3280
Other Hispanic,0.5070422535211268,race,3280
Other Race - Including Multi-Racial,0.4603174603174603,race,3280
Above 4x poverty line,0.2655367231638418,income,3280
Below poverty line,0.5809248554913294,income,3280
Middle (2-4x),0.45287958115183247,income,3280
Near poverty (1-2x),0.5317460317460317,income,3280
Mexican American,0.395,race,3281
Non-Hispanic Asian,0.345679012345679,race,3281
Non-Hispanic Black,0.562015503875969,race,3281
Non-Hispanic White,0.5658627087198516,race,3281
Other Hispanic,0.6338028169014085,race,3281
Other Race - Including Multi-Racial,0.5555555555555556,race,3281
Above 4x poverty line,0.37341772151898733,income,3281
Below poverty line,0.6106194690265486,income,3281
Middle (2-4x),0.5156626506024097,income,3281
Near poverty (1-2x),0.5444743935309974,income,3281
Mexican American,0.455,race,3282
Non-Hispanic Asian,0.37037037037037035,race,3282
Non-Hispanic Black,0.5077519379844961,race,3282
Non-Hispanic White,0.5324675324675324,race,3282
Other Hispanic,0.5633802816901409,race,3282
Other Race - Including Multi-Racial,0.5396825396825397,race,3282
Above 4x poverty line,0.310126582278481,income,3282
Below poverty line,0.5730659025787965,income,3282
Middle (2-4x),0.4642857142857143,income,3282
Near poverty (1-2x),0.578125,income,3282
Mexican American,0.46,race,3283
Non-Hispanic Asian,0.32098765432098764,race,3283
Non-Hispanic Black,0.5658914728682171,race,3283
Non-Hispanic White,0.536178107606679,race,3283
Other Hispanic,0.5422535211267606,race,3283
Other Race - Including Multi-Racial,0.6031746031746031,race,3283
Above 4x poverty line,0.3076923076923077,income,3283
Below poverty line,0.5706806282722513,income,3283
Middle (2-4x),0.4973958333333333,income,3283
Near poverty (1-2x),0.5748663101604278,income,3283
Mexican American,0.48,race,3284
Non-Hispanic Asian,0.2839506172839506,race,3284
Non-Hispanic Black,0.5581395348837209,race,3284
Non-Hispanic White,0.5157699443413729,race,3284
Other Hispanic,0.5704225352112676,race,3284
Other Race - Including Multi-Racial,0.6190476190476191,race,3284
Above 4x poverty line,0.3618421052631579,income,3284
Below poverty line,0.6106442577030813,income,3284
Middle (2-4x),0.4479166666666667,income,3284
Near poverty (1-2x),0.5538461538461539,income,3284
Mexican American,0.465,race,3285
Non-Hispanic Asian,0.2962962962962963,race,3285
Non-Hispanic Black,0.5658914728682171,race,3285
Non-Hispanic White,0.5398886827458256,race,3285
Other Hispanic,0.4788732394366197,race,3285
Other Race - Including Multi-Racial,0.5079365079365079,race,3285
Above 4x poverty line,0.38285714285714284,income,3285
Below poverty line,0.5749235474006116,income,3285
Middle (2-4x),0.45542168674698796,income,3285
Near poverty (1-2x),0.5737704918032787,income,3285
Mexican American,0.47,race,3286
Non-Hispanic Asian,0.32098765432098764,race,3286
Non-Hispanic Black,0.5193798449612403,race,3286
Non-Hispanic White,0.5732838589981447,race,3286
Other Hispanic,0.528169014084507,race,3286
Other Race - Including Multi-Racial,0.6349206349206349,race,3286
Above 4x poverty line,0.34146341463414637,income,3286
Below poverty line,0.6142433234421365,income,3286
Middle (2-4x),0.4720812182741117,income,3286
Near poverty (1-2x),0.5902061855670103,income,3286
Mexican American,0.475,race,3287
Non-Hispanic Asian,0.2839506172839506,race,3287
Non-Hispanic Black,0.5465116279069767,race,3287
Non-Hispanic White,0.5454545454545454,race,3287
Other Hispanic,0.5633802816901409,race,3287
Other Race - Including Multi-Racial,0.5238095238095238,race,3287
Above 4x poverty line,0.3743016759776536,income,3287
Below poverty line,0.5656836461126006,income,3287
Middle (2-4x),0.483695652173913,income,3287
Near poverty (1-2x),0.5785123966942148,income,3287
Mexican American,0.44,race,3288
Non-Hispanic Asian,0.345679012345679,race,3288
Non-Hispanic Black,0.5271317829457365,race,3288
Non-Hispanic White,0.5807050092764379,race,3288
Other Hispanic,0.49295774647887325,race,3288
Other Race - Including Multi-Racial,0.42857142857142855,race,3288
Above 4x poverty line,0.3475609756097561,income,3288
Below poverty line,0.6,income,3288
Middle (2-4x),0.4746192893401015,income,3288
Near poverty (1-2x),0.5527777777777778,income,3288
Mexican American,0.41,race,3289
Non-Hispanic Asian,0.3950617283950617,race,3289
Non-Hispanic Black,0.5387596899224806,race,3289
Non-Hispanic White,0.536178107606679,race,3289
Other Hispanic,0.5070422535211268,race,3289
Other Race - Including Multi-Racial,0.5079365079365079,race,3289
Above 4x poverty line,0.25862068965517243,income,3289
Below poverty line,0.5779036827195467,income,3289
Middle (2-4x),0.49866666666666665,income,3289
Near poverty (1-2x),0.5511811023622047,income,3289
Mexican American,0.5,race,3290
Non-Hispanic Asian,0.32098765432098764,race,3290
Non-Hispanic Black,0.5465116279069767,race,3290
Non-Hispanic White,0.5584415584415584,race,3290
Other Hispanic,0.4647887323943662,race,3290
Other Race - Including Multi-Racial,0.5079365079365079,race,3290
Above 4x poverty line,0.3630573248407643,income,3290
Below poverty line,0.5780346820809249,income,3290
Middle (2-4x),0.4613333333333333,income,3290
Near poverty (1-2x),0.582716049382716,income,3290
Mexican American,0.41,race,3291
Non-Hispanic Asian,0.345679012345679,race,3291
Non-Hispanic Black,0.5930232558139535,race,3291
Non-Hispanic White,0.5083487940630798,race,3291
Other Hispanic,0.5070422535211268,race,3291
Other Race - Including Multi-Racial,0.5555555555555556,race,3291
Above 4x poverty line,0.296969696969697,income,3291
Below poverty line,0.6005665722379604,income,3291
Middle (2-4x),0.4665012406947891,income,3291
Near poverty (1-2x),0.5386740331491713,income,3291
Mexican American,0.435,race,3292
Non-Hispanic Asian,0.4074074074074074,race,3292
Non-Hispanic Black,0.5542635658914729,race,3292
Non-Hispanic White,0.562152133580705,race,3292
Other Hispanic,0.4647887323943662,race,3292
Other Race - Including Multi-Racial,0.5714285714285714,race,3292
Above 4x poverty line,0.3924050632911392,income,3292
Below poverty line,0.5705705705705706,income,3292
Middle (2-4x),0.46867167919799496,income,3292
Near poverty (1-2x),0.58269720101781175,income,3292
Mexican American,0.47,race,3293
Non-Hispanic Asian,0.345679012345679,race,3293
Non-Hispanic Black,0.5387596899224806,race,3293
Non-Hispanic White,0.5584415584415584,race,3293
Other Hispanic,0.5070422535211268,race,3293
Other Race - Including Multi-Racial,0.5873015873015873,race,3293
Above 4x poverty line,0.36645962732919257,income,3293
Below poverty line,0.5726027397260274,income,3293
Middle (2-4x),0.4525,income,3293
Near poverty (1-2x),0.6218487394957983,income,3293
Mexican American,0.44,race,3294
Non-Hispanic Asian,0.35802469135802467,race,3294
Non-Hispanic Black,0.5271317829457365,race,3294
Non-Hispanic White,0.5250463821892394,race,3294
Other Hispanic,0.5,race,3294
Other Race - Including Multi-Racial,0.5238095238095238,race,3294
Above 4x poverty line,0.3888888888888889,income,3294
Below poverty line,0.5876923076923077,income,3294
Middle (2-4x),0.44473007712082263,income,3294
Near poverty (1-2x),0.5233415233415234,income,3294
Mexican American,0.425,race,3295
Non-Hispanic Asian,0.35802469135802467,race,3295
Non-Hispanic Black,0.5232558139534884,race,3295
Non-Hispanic White,0.5250463821892394,race,3295
Other Hispanic,0.4859154929577465,race,3295
Other Race - Including Multi-Racial,0.5238095238095238,race,3295
Above 4x poverty line,0.2857142857142857,income,3295
Below poverty line,0.5994152046783626,income,3295
Middle (2-4x),0.43669250645994834,income,3295
Near poverty (1-2x),0.5492227979274611,income,3295
Mexican American,0.43,race,3296
Non-Hispanic Asian,0.35802469135802467,race,3296
Non-Hispanic Black,0.49612403100775193,race,3296
Non-Hispanic White,0.5287569573283859,race,3296
Other Hispanic,0.5352112676056338,race,3296
Other Race - Including Multi-Racial,0.5873015873015873,race,3296
Above 4x poverty line,0.310126582278481,income,3296
Below poverty line,0.5867768595041323,income,3296
Middle (2-4x),0.4225721784776903,income,3296
Near poverty (1-2x),0.5721784776902887,income,3296
Mexican American,0.465,race,3297
Non-Hispanic Asian,0.3333333333333333,race,3297
Non-Hispanic Black,0.5736434108527132,race,3297
Non-Hispanic White,0.5640074211502782,race,3297
Other Hispanic,0.5492957746478874,race,3297
Other Race - Including Multi-Racial,0.5238095238095238,race,3297
Above 4x poverty line,0.3333333333333333,income,3297
Below poverty line,0.6325301204819277,income,3297
Middle (2-4x),0.48081841432225064,income,3297
Near poverty (1-2x),0.5804020100502513,income,3297
Mexican American,0.425,race,3298
Non-Hispanic Asian,0.345679012345679,race,3298
Non-Hispanic Black,0.5271317829457365,race,3298
Non-Hispanic White,0.5157699443413729,race,3298
Other Hispanic,0.47183098591549294,race,3298
Other Race - Including Multi-Racial,0.5238095238095238,race,3298
Above 4x poverty line,0.32075471698113206,income,3298
Below poverty line,0.5764705882352941,income,3298
Middle (2-4x),0.43556701030927836,income,3298
Near poverty (1-2x),0.5328282828282829,income,3298
Mexican American,0.445,race,3299
Non-Hispanic Asian,0.20987654320987653,race,3299
Non-Hispanic Black,0.5155038759689923,race,3299
Non-Hispanic White,0.5269016697588126,race,3299
Other Hispanic,0.5985915492957746,race,3299
Other Race - Including Multi-Racial,0.5396825396825397,race,3299
Above 4x poverty line,0.3333333333333333,income,3299
Below poverty line,0.584045584045584,income,3299
Middle (2-4x),0.4621212121212121,income,3299
Near poverty (1-2x),0.531578947368421,income,3299
Mexican American,0.475,race,3300
Non-Hispanic Asian,0.30864197530864196,race,3300
Non-Hispanic Black,0.5465116279069767,race,3300
Non-Hispanic White,0.5454545454545454,race,3300
Other Hispanic,0.5140845070422535,race,3300
Other Race - Including Multi-Racial,0.4444444444444444,race,3300
Above 4x poverty line,0.3630573248407643,income,3300
Below poverty line,0.5935828877005348,income,3300
Middle (2-4x),0.48717948717948717,income,3300
Near poverty (1-2x),0.5165745856353591,income,3300
Mexican American,0.46,race,3301
Non-Hispanic Asian,0.2962962962962963,race,3301
Non-Hispanic Black,0.5503875968992248,race,3301
Non-Hispanic White,0.5528756957328386,race,3301
Other Hispanic,0.5352112676056338,race,3301
Other Race - Including Multi-Racial,0.6031746031746031,race,3301
Above 4x poverty line,0.3835616438356164,income,3301
Below poverty line,0.5976331360946746,income,3301
Middle (2-4x),0.47858942065491183,income,3301
Near poverty (1-2x),0.5522388059701493,income,3301
Mexican American,0.495,race,3302
Non-Hispanic Asian,0.345679012345679,race,3302
Non-Hispanic Black,0.5658914728682171,race,3302
Non-Hispanic White,0.5955473098330241,race,3302
Other Hispanic,0.5140845070422535,race,3302
Other Race - Including Multi-Racial,0.5238095238095238,race,3302
Above 4x poverty line,0.3821656050955414,income,3302
Below poverty line,0.5628571428571428,income,3302
Middle (2-4x),0.5586734693877551,income,3302
Near poverty (1-2x),0.5833333333333334,income,3302
Mexican American,0.42,race,3303
Non-Hispanic Asian,0.4074074074074074,race,3303
Non-Hispanic Black,0.5465116279069767,race,3303
Non-Hispanic White,0.5324675324675324,race,3303
Other Hispanic,0.5422535211267606,race,3303
Other Race - Including Multi-Racial,0.5079365079365079,race,3303
Above 4x poverty line,0.33116883116883117,income,3303
Below poverty line,0.5582655826558266,income,3303
Middle (2-4x),0.4895287958115183,income,3303
Near poverty (1-2x),0.5555555555555556,income,3303
Mexican American,0.485,race,3304
Non-Hispanic Asian,0.4567901234567901,race,3304
Non-Hispanic Black,0.5968992248062015,race,3304
Non-Hispanic White,0.5602968460111317,race,3304
Other Hispanic,0.4859154929577465,race,3304
Other Race - Including Multi-Racial,0.4444444444444444,race,3304
Above 4x poverty line,0.2847222222222222,income,3304
Below poverty line,0.6074270557029178,income,3304
Middle (2-4x),0.5157068062827225,income,3304
Near poverty (1-2x),0.5789473684210527,income,3304
Mexican American,0.435,race,3305
Non-Hispanic Asian,0.345679012345679,race,3305
Non-Hispanic Black,0.5503875968992248,race,3305
Non-Hispanic White,0.5510204081632653,race,3305
Other Hispanic,0.5,race,3305
Other Race - Including Multi-Racial,0.5079365079365079,race,3305
Above 4x poverty line,0.33774834437086093,income,3305
Below poverty line,0.577259475218659,income,3305
Middle (2-4x),0.5,income,3305
Near poverty (1-2x),0.535064935064935,income,3305
Mexican American,0.465,race,3306
Non-Hispanic Asian,0.30864197530864196,race,3306
Non-Hispanic Black,0.5658914728682171,race,3306
Non-Hispanic White,0.5157699443413729,race,3306
Other Hispanic,0.5352112676056338,race,3306
Other Race - Including Multi-Racial,0.4603174603174603,race,3306
Above 4x poverty line,0.24516129032258063,income,3306
Below poverty line,0.592375366568915,income,3306
Middle (2-4x),0.45742092457420924,income,3306
Near poverty (1-2x),0.5824468085106383,income,3306
Mexican American,0.425,race,3307
Non-Hispanic Asian,0.35802469135802467,race,3307
Non-Hispanic Black,0.5658914728682171,race,3307
Non-Hispanic White,0.5398886827458256,race,3307
Other Hispanic,0.5422535211267606,race,3307
Other Race - Including Multi-Racial,0.5396825396825397,race,3307
Above 4x poverty line,0.35064935064935066,income,3307
Below poverty line,0.5768115942028985,income,3307
Middle (2-4x),0.5012594458438288,income,3307
Near poverty (1-2x),0.5426356589147286,income,3307
Mexican American,0.415,race,3308
Non-Hispanic Asian,0.3950617283950617,race,3308
Non-Hispanic Black,0.5077519379844961,race,3308
Non-Hispanic White,0.5176252319109462,race,3308
Other Hispanic,0.5633802816901409,race,3308
Other Race - Including Multi-Racial,0.5079365079365079,race,3308
Above 4x poverty line,0.32919254658385094,income,3308
Below poverty line,0.5457063711911357,income,3308
Middle (2-4x),0.4609571788413098,income,3308
Near poverty (1-2x),0.5604395604395604,income,3308
Mexican American,0.495,race,3309
Non-Hispanic Asian,0.32098765432098764,race,3309
Non-Hispanic Black,0.5658914728682171,race,3309
Non-Hispanic White,0.5602968460111317,race,3309
Other Hispanic,0.5845070422535211,race,3309
Other Race - Including Multi-Racial,0.5396825396825397,race,3309
Above 4x poverty line,0.37735849056603776,income,3309
Below poverty line,0.5989717223650386,income,3309
Middle (2-4x),0.49554896142433236,income,3309
Near poverty (1-2x),0.5778894472361809,income,3309
Mexican American,0.465,race,3310
Non-Hispanic Asian,0.345679012345679,race,3310
Non-Hispanic Black,0.5503875968992248,race,3310
Non-Hispanic White,0.5083487940630798,race,3310
Other Hispanic,0.49295774647887325,race,3310
Other Race - Including Multi-Racial,0.5079365079365079,race,3310
Above 4x poverty line,0.327683615819209,income,3310
Below poverty line,0.5905044510385756,income,3310
Middle (2-4x),0.47680412371134023,income,3310
Near poverty (1-2x),0.5170603674540682,income,3310
Mexican American,0.485,race,3311
Non-Hispanic Asian,0.37037037037037035,race,3311
Non-Hispanic Black,0.5465116279069767,race,3311
Non-Hispanic White,0.5269016697588126,race,3311
Other Hispanic,0.5211267605633803,race,3311
Other Race - Including Multi-Racial,0.5873015873015873,race,3311
Above 4x poverty line,0.4105960264900662,income,3311
Below poverty line,0.5973333333333334,income,3311
Middle (2-4x),0.44155844155844154,income,3311
Near poverty (1-2x),0.5564516129032258,income,3311
Mexican American,0.43,race,3312
Non-Hispanic Asian,0.345679012345679,race,3312
Non-Hispanic Black,0.5310077519379846,race,3312
Non-Hispanic White,0.5194805194805194,race,3312
Other Hispanic,0.5563380281690141,race,3312
Other Race - Including Multi-Racial,0.5714285714285714,race,3312
Above 4x poverty line,0.3055555555555556,income,3312
Below poverty line,0.5593667546174143,income,3312
Middle (2-4x),0.506426735218509,income,3312
Near poverty (1-2x),0.5202156334231806,income,3312
Mexican American,0.505,race,3313
Non-Hispanic Asian,0.2222222222222222,race,3313
Non-Hispanic Black,0.5193798449612403,race,3313
Non-Hispanic White,0.5287569573283859,race,3313
Other Hispanic,0.5704225352112676,race,3313
Other Race - Including Multi-Racial,0.5714285714285714,race,3313
Above 4x poverty line,0.40384615384615385,income,3313
Below poverty line,0.5578635014836796,income,3313
Middle (2-4x),0.44473007712082263,income,3313
Near poverty (1-2x),0.5760598503740648,income,3313
Mexican American,0.47,race,3314
Non-Hispanic Asian,0.32098765432098764,race,3314
Non-Hispanic Black,0.5658914728682171,race,3314
Non-Hispanic White,0.5528756957328386,race,3314
Other Hispanic,0.5211267605633803,race,3314
Other Race - Including Multi-Racial,0.6190476190476191,race,3314
Above 4x poverty line,0.34,income,3314
Below poverty line,0.5978552278820375,income,3314
Middle (2-4x),0.5025906735751295,income,3314
Near poverty (1-2x),0.5588235294117647,income,3314
Mexican American,0.445,race,3315
Non-Hispanic Asian,0.345679012345679,race,3315
Non-Hispanic Black,0.5658914728682171,race,3315
Non-Hispanic White,0.575139146567718,race,3315
Other Hispanic,0.5563380281690141,race,3315
Other Race - Including Multi-Racial,0.5396825396825397,race,3315
Above 4x poverty line,0.36054421768707484,income,3315
Below poverty line,0.6442577030812325,income,3315
Middle (2-4x),0.4986737400530504,income,3315
Near poverty (1-2x),0.5348258706467661,income,3315
Mexican American,0.44,race,3316
Non-Hispanic Asian,0.3333333333333333,race,3316
Non-Hispanic Black,0.49224806201550386,race,3316
Non-Hispanic White,0.49907235621521334,race,3316
Other Hispanic,0.5563380281690141,race,3316
Other Race - Including Multi-Racial,0.47619047619047616,race,3316
Above 4x poverty line,0.3132530120481928,income,3316
Below poverty line,0.5369318181818182,income,3316
Middle (2-4x),0.4496124031007752,income,3316
Near poverty (1-2x),0.5423280423280423,income,3316
Mexican American,0.49,race,3317
Non-Hispanic Asian,0.37037037037037035,race,3317
Non-Hispanic Black,0.562015503875969,race,3317
Non-Hispanic White,0.5306122448979592,race,3317
Other Hispanic,0.5140845070422535,race,3317
Other Race - Including Multi-Racial,0.49206349206349204,race,3317
Above 4x poverty line,0.32558139534883723,income,3317
Below poverty line,0.6264705882352941,income,3317
Middle (2-4x),0.4547738693467337,income,3317
Near poverty (1-2x),0.5710455764075067,income,3317
Mexican American,0.485,race,3318
Non-Hispanic Asian,0.2962962962962963,race,3318
Non-Hispanic Black,0.5271317829457365,race,3318
Non-Hispanic White,0.549165120593692,race,3318
Other Hispanic,0.4647887323943662,race,3318
Other Race - Including Multi-Racial,0.42857142857142855,race,3318
Above 4x poverty line,0.3269230769230769,income,3318
Below poverty line,0.5626740947075209,income,3318
Middle (2-4x),0.4474393530997305,income,3318
Near poverty (1-2x),0.5717884130982368,income,3318
Mexican American,0.5,race,3319
Non-Hispanic Asian,0.30864197530864196,race,3319
Non-Hispanic Black,0.5155038759689923,race,3319
Non-Hispanic White,0.5343228200371057,race,3319
Other Hispanic,0.5985915492957746,race,3319
Other Race - Including Multi-Racial,0.5555555555555556,race,3319
Above 4x poverty line,0.3375,income,3319
Below poverty line,0.5931232091690545,income,3319
Middle (2-4x),0.5049751243781094,income,3319
Near poverty (1-2x),0.543010752688172,income,3319
Mexican American,0.43,race,3320
Non-Hispanic Asian,0.35802469135802467,race,3320
Non-Hispanic Black,0.5155038759689923,race,3320
Non-Hispanic White,0.5714285714285714,race,3320
Other Hispanic,0.4859154929577465,race,3320
Other Race - Including Multi-Racial,0.5555555555555556,race,3320
Above 4x poverty line,0.2875816993464052,income,3320
Below poverty line,0.5804597701149425,income,3320
Middle (2-4x),0.4839506172839506,income,3320
Near poverty (1-2x),0.5782493368700266,income,3320
Mexican American,0.44,race,3321
Non-Hispanic Asian,0.3950617283950617,race,3321
Non-Hispanic Black,0.5232558139534884,race,3321
Non-Hispanic White,0.5250463821892394,race,3321
Other Hispanic,0.5352112676056338,race,3321
Other Race - Including Multi-Racial,0.5555555555555556,race,3321
Above 4x poverty line,0.40789473684210525,income,3321
Below poverty line,0.5742296918767507,income,3321
Middle (2-4x),0.43103448275862066,income,3321
Near poverty (1-2x),0.5625,income,3321
Mexican American,0.465,race,3322
Non-Hispanic Asian,0.3333333333333333,race,3322
Non-Hispanic Black,0.6007751937984496,race,3322
Non-Hispanic White,0.575139146567718,race,3322
Other Hispanic,0.5704225352112676,race,3322
Other Race - Including Multi-Racial,0.47619047619047616,race,3322
Above 4x poverty line,0.3815789473684211,income,3322
Below poverty line,0.5842696629213483,income,3322
Middle (2-4x),0.5132275132275133,income,3322
Near poverty (1-2x),0.5944584382871536,income,3322
Mexican American,0.41,race,3323
Non-Hispanic Asian,0.30864197530864196,race,3323
Non-Hispanic Black,0.5503875968992248,race,3323
Non-Hispanic White,0.5046382189239332,race,3323
Other Hispanic,0.5845070422535211,race,3323
Other Race - Including Multi-Racial,0.5714285714285714,race,3323
Above 4x poverty line,0.27461139896373055,income,3323
Below poverty line,0.5988372093023255,income,3323
Middle (2-4x),0.4540540540540541,income,3323
Near poverty (1-2x),0.5664893617021277,income,3323
Mexican American,0.52,race,3324
Non-Hispanic Asian,0.3333333333333333,race,3324
Non-Hispanic Black,0.5658914728682171,race,3324
Non-Hispanic White,0.5398886827458256,race,3324
Other Hispanic,0.5492957746478874,race,3324
Other Race - Including Multi-Racial,0.47619047619047616,race,3324
Above 4x poverty line,0.3706293706293706,income,3324
Below poverty line,0.6028571428571429,income,3324
Middle (2-4x),0.4725,income,3324
Near poverty (1-2x),0.5717948717948718,income,3324
Mexican American,0.43,race,3325
Non-Hispanic Asian,0.41975308641975306,race,3325
Non-Hispanic Black,0.5232558139534884,race,3325
Non-Hispanic White,0.5602968460111317,race,3325
Other Hispanic,0.5492957746478874,race,3325
Other Race - Including Multi-Racial,0.5238095238095238,race,3325
Above 4x poverty line,0.3924050632911392,income,3325
Below poverty line,0.5924932975871313,income,3325
Middle (2-4x),0.4648241206030151,income,3325
Near poverty (1-2x),0.5649717514124294,income,3325
Mexican American,0.46,race,3326
Non-Hispanic Asian,0.38271604938271603,race,3326
Non-Hispanic Black,0.562015503875969,race,3326
Non-Hispanic White,0.5695732838589982,race,3326
Other Hispanic,0.49295774647887325,race,3326
Other Race - Including Multi-Racial,0.5873015873015873,race,3326
Above 4x poverty line,0.3741935483870968,income,3326
Below poverty line,0.5870206489675516,income,3326
Middle (2-4x),0.4813895781637717,income,3326
Near poverty (1-2x),0.5984455958549223,income,3326
Mexican American,0.45,race,3327
Non-Hispanic Asian,0.35802469135802467,race,3327
Non-Hispanic Black,0.5775193798449613,race,3327
Non-Hispanic White,0.5380333951762524,race,3327
Other Hispanic,0.5704225352112676,race,3327
Other Race - Including Multi-Racial,0.5238095238095238,race,3327
Above 4x poverty line,0.3448275862068966,income,3327
Below poverty line,0.5846994535519126,income,3327
Middle (2-4x),0.49343832020997375,income,3327
Near poverty (1-2x),0.580110497237569,income,3327
Mexican American,0.48,race,3328
Non-Hispanic Asian,0.30864197530864196,race,3328
Non-Hispanic Black,0.5387596899224806,race,3328
Non-Hispanic White,0.5454545454545454,race,3328
Other Hispanic,0.5774647887323944,race,3328
Other Race - Including Multi-Racial,0.5873015873015873,race,3328
Above 4x poverty line,0.375886524822695,income,3328
Below poverty line,0.5977011494252874,income,3328
Middle (2-4x),0.47560975609756095,income,3328
Near poverty (1-2x),0.5651041666666666,income,3328
Mexican American,0.43,race,3329
Non-Hispanic Asian,0.37037037037037035,race,3329
Non-Hispanic Black,0.5581395348837209,race,3329
Non-Hispanic White,0.5714285714285714,race,3329
Other Hispanic,0.5563380281690141,race,3329
Other Race - Including Multi-Racial,0.6190476190476191,race,3329
Above 4x poverty line,0.2789115646258503,income,3329
Below poverty line,0.6343490304709142,income,3329
Middle (2-4x),0.5074626865671642,income,3329
Near poverty (1-2x),0.5683646112600537,income,3329
Mexican American,0.45,race,3330
Non-Hispanic Asian,0.345679012345679,race,3330
Non-Hispanic Black,0.5310077519379846,race,3330
Non-Hispanic White,0.5547309833024119,race,3330
Other Hispanic,0.5352112676056338,race,3330
Other Race - Including Multi-Racial,0.5873015873015873,race,3330
Above 4x poverty line,0.4,income,3330
Below poverty line,0.5933147632311978,income,3330
Middle (2-4x),0.45910290237467016,income,3330
Near poverty (1-2x),0.558974358974359,income,3330
Mexican American,0.49,race,3331
Non-Hispanic Asian,0.37037037037037035,race,3331
Non-Hispanic Black,0.6124031007751938,race,3331
Non-Hispanic White,0.5658627087198516,race,3331
Other Hispanic,0.5492957746478874,race,3331
Other Race - Including Multi-Racial,0.5079365079365079,race,3331
Above 4x poverty line,0.3670886075949367,income,3331
Below poverty line,0.6,income,3331
Middle (2-4x),0.53315649867374,income,3331
Near poverty (1-2x),0.5824742268041238,income,3331
Mexican American,0.35,race,3332
Non-Hispanic Asian,0.2962962962962963,race,3332
Non-Hispanic Black,0.5775193798449613,race,3332
Non-Hispanic White,0.5547309833024119,race,3332
Other Hispanic,0.5845070422535211,race,3332
Other Race - Including Multi-Racial,0.5079365079365079,race,3332
Above 4x poverty line,0.3584905660377358,income,3332
Below poverty line,0.5739130434782609,income,3332
Middle (2-4x),0.511166253101737,income,3332
Near poverty (1-2x),0.5212765957446809,income,3332
Mexican American,0.51,race,3333
Non-Hispanic Asian,0.2839506172839506,race,3333
Non-Hispanic Black,0.5581395348837209,race,3333
Non-Hispanic White,0.536178107606679,race,3333
Other Hispanic,0.5704225352112676,race,3333
Other Race - Including Multi-Racial,0.5396825396825397,race,3333
Above 4x poverty line,0.3619631901840491,income,3333
Below poverty line,0.5870786516853933,income,3333
Middle (2-4x),0.47512437810945274,income,3333
Near poverty (1-2x),0.5911602209944752,income,3333
Mexican American,0.415,race,3334
Non-Hispanic Asian,0.4074074074074074,race,3334
Non-Hispanic Black,0.5891472868217055,race,3334
Non-Hispanic White,0.5343228200371057,race,3334
Other Hispanic,0.5563380281690141,race,3334
Other Race - Including Multi-Racial,0.5555555555555556,race,3334
Above 4x poverty line,0.3472222222222222,income,3334
Below poverty line,0.6012269938650306,income,3334
Middle (2-4x),0.495,income,3334
Near poverty (1-2x),0.5472154963680388,income,3334
Mexican American,0.42,race,3335
Non-Hispanic Asian,0.2962962962962963,race,3335
Non-Hispanic Black,0.5775193798449613,race,3335
Non-Hispanic White,0.5547309833024119,race,3335
Other Hispanic,0.49295774647887325,race,3335
Other Race - Including Multi-Racial,0.4126984126984127,race,3335
Above 4x poverty line,0.33544303797468356,income,3335
Below poverty line,0.5603448275862069,income,3335
Middle (2-4x),0.4326424870466321,income,3335
Near poverty (1-2x),0.6061381074168798,income,3335
Mexican American,0.475,race,3336
Non-Hispanic Asian,0.345679012345679,race,3336
Non-Hispanic Black,0.5542635658914729,race,3336
Non-Hispanic White,0.5565862708719852,race,3336
Other Hispanic,0.5915492957746479,race,3336
Other Race - Including Multi-Racial,0.5714285714285714,race,3336
Above 4x poverty line,0.26490066225165565,income,3336
Below poverty line,0.6184971098265896,income,3336
Middle (2-4x),0.4803921568627451,income,3336
Near poverty (1-2x),0.6243386243386243,income,3336
Mexican American,0.45,race,3337
Non-Hispanic Asian,0.3333333333333333,race,3337
Non-Hispanic Black,0.5658914728682171,race,3337
Non-Hispanic White,0.549165120593692,race,3337
Other Hispanic,0.5915492957746479,race,3337
Other Race - Including Multi-Racial,0.5714285714285714,race,3337
Above 4x poverty line,0.38095238095238093,income,3337
Below poverty line,0.5988857938718662,income,3337
Middle (2-4x),0.49246231155778897,income,3337
Near poverty (1-2x),0.5593667546174143,income,3337
Mexican American,0.5,race,3338
Non-Hispanic Asian,0.37037037037037035,race,3338
Non-Hispanic Black,0.5542635658914729,race,3338
Non-Hispanic White,0.5343228200371057,race,3338
Other Hispanic,0.5985915492957746,race,3338
Other Race - Including Multi-Racial,0.5396825396825397,race,3338
Above 4x poverty line,0.37012987012987014,income,3338
Below poverty line,0.6180758017492711,income,3338
Middle (2-4x),0.49104859335038364,income,3338
Near poverty (1-2x),0.5544303797468354,income,3338
Mexican American,0.46,race,3339
Non-Hispanic Asian,0.2839506172839506,race,3339
Non-Hispanic Black,0.5387596899224806,race,3339
Non-Hispanic White,0.5213358070500927,race,3339
Other Hispanic,0.5140845070422535,race,3339
Other Race - Including Multi-Racial,0.6031746031746031,race,3339
Above 4x poverty line,0.29518072289156627,income,3339
Below poverty line,0.5718232044198895,income,3339
Middle (2-4x),0.46923076923076923,income,3339
Near poverty (1-2x),0.5671232876712329,income,3339
Mexican American,0.42,race,3340
Non-Hispanic Asian,0.3333333333333333,race,3340
Non-Hispanic Black,0.5658914728682171,race,3340
Non-Hispanic White,0.5194805194805194,race,3340
Other Hispanic,0.5140845070422535,race,3340
Other Race - Including Multi-Racial,0.49206349206349204,race,3340
Above 4x poverty line,0.33548387096774196,income,3340
Below poverty line,0.5758426966292135,income,3340
Middle (2-4x),0.4636118598382749,income,3340
Near poverty (1-2x),0.5286783042394015,income,3340
Mexican American,0.475,race,3341
Non-Hispanic Asian,0.35802469135802467,race,3341
Non-Hispanic Black,0.6007751937984496,race,3341
Non-Hispanic White,0.575139146567718,race,3341
Other Hispanic,0.5070422535211268,race,3341
Other Race - Including Multi-Racial,0.5555555555555556,race,3341
Above 4x poverty line,0.3888888888888889,income,3341
Below poverty line,0.625,income,3341
Middle (2-4x),0.5126903553299492,income,3341
Near poverty (1-2x),0.5664160401002506,income,3341
Mexican American,0.46,race,3342
Non-Hispanic Asian,0.345679012345679,race,3342
Non-Hispanic Black,0.4728682170542636,race,3342
Non-Hispanic White,0.5435992578849722,race,3342
Other Hispanic,0.47183098591549294,race,3342
Other Race - Including Multi-Racial,0.5238095238095238,race,3342
Above 4x poverty line,0.39473684210526316,income,3342
Below poverty line,0.5838150289017341,income,3342
Middle (2-4x),0.41959798994974873,income,3342
Near poverty (1-2x),0.5322997416020672,income,3342
Mexican American,0.405,race,3343
Non-Hispanic Asian,0.30864197530864196,race,3343
Non-Hispanic Black,0.5193798449612403,race,3343
Non-Hispanic White,0.5176252319109462,race,3343
Other Hispanic,0.528169014084507,race,3343
Other Race - Including Multi-Racial,0.4603174603174603,race,3343
Above 4x poverty line,0.33125,income,3343
Below poverty line,0.5244956772334294,income,3343
Middle (2-4x),0.42670157068062825,income,3343
Near poverty (1-2x),0.5710659898477157,income,3343
Mexican American,0.38,race,3344
Non-Hispanic Asian,0.41975308641975306,race,3344
Non-Hispanic Black,0.5813953488372093,race,3344
Non-Hispanic White,0.549165120593692,race,3344
Other Hispanic,0.5211267605633803,race,3344
Other Race - Including Multi-Racial,0.5555555555555556,race,3344
Above 4x poverty line,0.3522012578616352,income,3344
Below poverty line,0.5833333333333334,income,3344
Middle (2-4x),0.4845360824742268,income,3344
Near poverty (1-2x),0.5618556701030928,income,3344
Mexican American,0.44,race,3345
Non-Hispanic Asian,0.38271604938271603,race,3345
Non-Hispanic Black,0.5581395348837209,race,3345
Non-Hispanic White,0.5528756957328386,race,3345
Other Hispanic,0.5985915492957746,race,3345
Other Race - Including Multi-Racial,0.49206349206349204,race,3345
Above 4x poverty line,0.34,income,3345
Below poverty line,0.5907859078590786,income,3345
Middle (2-4x),0.5142857142857142,income,3345
Near poverty (1-2x),0.554089709762533,income,3345
Mexican American,0.47,race,3346
Non-Hispanic Asian,0.345679012345679,race,3346
Non-Hispanic Black,0.5193798449612403,race,3346
Non-Hispanic White,0.5454545454545454,race,3346
Other Hispanic,0.5070422535211268,race,3346
Other Race - Including Multi-Racial,0.5396825396825397,race,3346
Above 4x poverty line,0.3764705882352941,income,3346
Below poverty line,0.5887573964497042,income,3346
Middle (2-4x),0.4631043256997455,income,3346
Near poverty (1-2x),0.5523560209424084,income,3346
Mexican American,0.39,race,3347
Non-Hispanic Asian,0.345679012345679,race,3347
Non-Hispanic Black,0.5155038759689923,race,3347
Non-Hispanic White,0.4842300556586271,race,3347
Other Hispanic,0.5774647887323944,race,3347
Other Race - Including Multi-Racial,0.4603174603174603,race,3347
Above 4x poverty line,0.2640449438202247,income,3347
Below poverty line,0.49393939393939396,income,3347
Middle (2-4x),0.4763157894736842,income,3347
Near poverty (1-2x),0.5569620253164557,income,3347
Mexican American,0.38,race,3348
Non-Hispanic Asian,0.345679012345679,race,3348
Non-Hispanic Black,0.5697674418604651,race,3348
Non-Hispanic White,0.549165120593692,race,3348
Other Hispanic,0.5422535211267606,race,3348
Other Race - Including Multi-Racial,0.5238095238095238,race,3348
Above 4x poverty line,0.3625,income,3348
Below poverty line,0.5831062670299727,income,3348
Middle (2-4x),0.48010610079575594,income,3348
Near poverty (1-2x),0.5382585751978892,income,3348
Mexican American,0.47,race,3349
Non-Hispanic Asian,0.345679012345679,race,3349
Non-Hispanic Black,0.5581395348837209,race,3349
Non-Hispanic White,0.5936920222634509,race,3349
Other Hispanic,0.5070422535211268,race,3349
Other Race - Including Multi-Racial,0.5079365079365079,race,3349
Above 4x poverty line,0.41317365269461076,income,3349
Below poverty line,0.6077844311377245,income,3349
Middle (2-4x),0.5150753768844221,income,3349
Near poverty (1-2x),0.5546875,income,3349
Mexican American,0.46,race,3350
Non-Hispanic Asian,0.37037037037037035,race,3350
Non-Hispanic Black,0.4844961240310077,race,3350
Non-Hispanic White,0.5398886827458256,race,3350
Other Hispanic,0.5633802816901409,race,3350
Other Race - Including Multi-Racial,0.5873015873015873,race,3350
Above 4x poverty line,0.29605263157894735,income,3350
Below poverty line,0.5787965616045845,income,3350
Middle (2-4x),0.4835443037974684,income,3350
Near poverty (1-2x),0.5607235142118863,income,3350
Mexican American,0.41,race,3351
Non-Hispanic Asian,0.345679012345679,race,3351
Non-Hispanic Black,0.5658914728682171,race,3351
Non-Hispanic White,0.5565862708719852,race,3351
Other Hispanic,0.5211267605633803,race,3351
Other Race - Including Multi-Racial,0.5238095238095238,race,3351
Above 4x poverty line,0.32727272727272727,income,3351
Below poverty line,0.625,income,3351
Middle (2-4x),0.4371859296482412,income,3351
Near poverty (1-2x),0.5842391304347826,income,3351
Mexican American,0.47,race,3352
Non-Hispanic Asian,0.37037037037037035,race,3352
Non-Hispanic Black,0.5310077519379846,race,3352
Non-Hispanic White,0.5547309833024119,race,3352
Other Hispanic,0.6126760563380281,race,3352
Other Race - Including Multi-Racial,0.5873015873015873,race,3352
Above 4x poverty line,0.3352941176470588,income,3352
Below poverty line,0.6047197640117994,income,3352
Middle (2-4x),0.4880382775119617,income,3352
Near poverty (1-2x),0.6123595505617978,income,3352
Mexican American,0.48,race,3353
Non-Hispanic Asian,0.3333333333333333,race,3353
Non-Hispanic Black,0.5581395348837209,race,3353
Non-Hispanic White,0.5435992578849722,race,3353
Other Hispanic,0.5422535211267606,race,3353
Other Race - Including Multi-Racial,0.5079365079365079,race,3353
Above 4x poverty line,0.32679738562091504,income,3353
Below poverty line,0.615606936416185,income,3353
Middle (2-4x),0.48426150121065376,income,3353
Near poverty (1-2x),0.555256064690027,income,3353
Mexican American,0.47,race,3354
Non-Hispanic Asian,0.4074074074074074,race,3354
Non-Hispanic Black,0.5271317829457365,race,3354
Non-Hispanic White,0.5139146567717996,race,3354
Other Hispanic,0.5633802816901409,race,3354
Other Race - Including Multi-Racial,0.5238095238095238,race,3354
Above 4x poverty line,0.32919254658385094,income,3354
Below poverty line,0.5678670360110804,income,3354
Middle (2-4x),0.5013123359580053,income,3354
Near poverty (1-2x),0.5368421052631579,income,3354
Mexican American,0.46,race,3355
Non-Hispanic Asian,0.2839506172839506,race,3355
Non-Hispanic Black,0.5581395348837209,race,3355
Non-Hispanic White,0.5139146567717996,race,3355
Other Hispanic,0.5774647887323944,race,3355
Other Race - Including Multi-Racial,0.5238095238095238,race,3355
Above 4x poverty line,0.30666666666666664,income,3355
Below poverty line,0.5896103896103896,income,3355
Middle (2-4x),0.46883468834688347,income,3355
Near poverty (1-2x),0.5408970976253298,income,3355
Mexican American,0.46,race,3356
Non-Hispanic Asian,0.35802469135802467,race,3356
Non-Hispanic Black,0.5581395348837209,race,3356
Non-Hispanic White,0.536178107606679,race,3356
Other Hispanic,0.5915492957746479,race,3356
Other Race - Including Multi-Racial,0.5714285714285714,race,3356
Above 4x poverty line,0.2662337662337662,income,3356
Below poverty line,0.6270718232044199,income,3356
Middle (2-4x),0.49014778325123154,income,3356
Near poverty (1-2x),0.5734072022160664,income,3356
Mexican American,0.465,race,3357
Non-Hispanic Asian,0.35802469135802467,race,3357
Non-Hispanic Black,0.5271317829457365,race,3357
Non-Hispanic White,0.5825602968460112,race,3357
Other Hispanic,0.5352112676056338,race,3357
Other Race - Including Multi-Racial,0.47619047619047616,race,3357
Above 4x poverty line,0.423728813559322,income,3357
Below poverty line,0.6096096096096096,income,3357
Middle (2-4x),0.4675324675324675,income,3357
Near poverty (1-2x),0.5670103092783505,income,3357
Mexican American,0.45,race,3358
Non-Hispanic Asian,0.35802469135802467,race,3358
Non-Hispanic Black,0.5736434108527132,race,3358
Non-Hispanic White,0.5788497217068646,race,3358
Other Hispanic,0.5704225352112676,race,3358
Other Race - Including Multi-Racial,0.6507936507936508,race,3358
Above 4x poverty line,0.3619631901840491,income,3358
Below poverty line,0.6071428571428571,income,3358
Middle (2-4x),0.4987593052109181,income,3358
Near poverty (1-2x),0.6220472440944882,income,3358
Mexican American,0.46,race,3359
Non-Hispanic Asian,0.345679012345679,race,3359
Non-Hispanic Black,0.5581395348837209,race,3359
Non-Hispanic White,0.5695732838589982,race,3359
Other Hispanic,0.5422535211267606,race,3359
Other Race - Including Multi-Racial,0.5714285714285714,race,3359
Above 4x poverty line,0.3333333333333333,income,3359
Below poverty line,0.6207865168539326,income,3359
Middle (2-4x),0.5051546391752577,income,3359
Near poverty (1-2x),0.5578406169665809,income,3359
Mexican American,0.44,race,3360
Non-Hispanic Asian,0.3333333333333333,race,3360
Non-Hispanic Black,0.627906976744186,race,3360
Non-Hispanic White,0.5287569573283859,race,3360
Other Hispanic,0.6267605633802817,race,3360
Other Race - Including Multi-Racial,0.5555555555555556,race,3360
Above 4x poverty line,0.39864864864864863,income,3360
Below poverty line,0.6049723756906077,income,3360
Middle (2-4x),0.47,income,3360
Near poverty (1-2x),0.5898123324396782,income,3360
Mexican American,0.47,race,3361
Non-Hispanic Asian,0.35802469135802467,race,3361
Non-Hispanic Black,0.5852713178294574,race,3361
Non-Hispanic White,0.5565862708719852,race,3361
Other Hispanic,0.5633802816901409,race,3361
Other Race - Including Multi-Racial,0.47619047619047616,race,3361
Above 4x poverty line,0.33121019108280253,income,3361
Below poverty line,0.6279761904761905,income,3361
Middle (2-4x),0.49242424242424243,income,3361
Near poverty (1-2x),0.5736040609137056,income,3361
Mexican American,0.41,race,3362
Non-Hispanic Asian,0.2345679012345679,race,3362
Non-Hispanic Black,0.5503875968992248,race,3362
Non-Hispanic White,0.5343228200371057,race,3362
Other Hispanic,0.5774647887323944,race,3362
Other Race - Including Multi-Racial,0.5396825396825397,race,3362
Above 4x poverty line,0.3475609756097561,income,3362
Below poverty line,0.5948275862068966,income,3362
Middle (2-4x),0.4472361809045226,income,3362
Near poverty (1-2x),0.5495978552278821,income,3362
Mexican American,0.46,race,3363
Non-Hispanic Asian,0.3333333333333333,race,3363
Non-Hispanic Black,0.5581395348837209,race,3363
Non-Hispanic White,0.5287569573283859,race,3363
Other Hispanic,0.5774647887323944,race,3363
Other Race - Including Multi-Racial,0.5555555555555556,race,3363
Above 4x poverty line,0.3698630136986301,income,3363
Below poverty line,0.5877437325905293,income,3363
Middle (2-4x),0.46236559139784944,income,3363
Near poverty (1-2x),0.5615763546798029,income,3363
Mexican American,0.47,race,3364
Non-Hispanic Asian,0.35802469135802467,race,3364
Non-Hispanic Black,0.5542635658914729,race,3364
Non-Hispanic White,0.5250463821892394,race,3364
Other Hispanic,0.5845070422535211,race,3364
Other Race - Including Multi-Racial,0.3492063492063492,race,3364
Above 4x poverty line,0.3157894736842105,income,3364
Below poverty line,0.6107784431137725,income,3364
Middle (2-4x),0.4688279301745636,income,3364
Near poverty (1-2x),0.5404040404040404,income,3364
Mexican American,0.425,race,3365
Non-Hispanic Asian,0.2716049382716049,race,3365
Non-Hispanic Black,0.5542635658914729,race,3365
Non-Hispanic White,0.549165120593692,race,3365
Other Hispanic,0.5070422535211268,race,3365
Other Race - Including Multi-Racial,0.5238095238095238,race,3365
Above 4x poverty line,0.2887323943661972,income,3365
Below poverty line,0.5776566757493188,income,3365
Middle (2-4x),0.4763231197771588,income,3365
Near poverty (1-2x),0.5469879518072289,income,3365
Mexican American,0.41,race,3366
Non-Hispanic Asian,0.30864197530864196,race,3366
Non-Hispanic Black,0.5387596899224806,race,3366
Non-Hispanic White,0.5565862708719852,race,3366
Other Hispanic,0.5492957746478874,race,3366
Other Race - Including Multi-Racial,0.5396825396825397,race,3366
Above 4x poverty line,0.32075471698113206,income,3366
Below poverty line,0.6164772727272727,income,3366
Middle (2-4x),0.45714285714285713,income,3366
Near poverty (1-2x),0.5529715762273901,income,3366
Mexican American,0.405,race,3367
Non-Hispanic Asian,0.3333333333333333,race,3367
Non-Hispanic Black,0.5813953488372093,race,3367
Non-Hispanic White,0.5398886827458256,race,3367
Other Hispanic,0.4788732394366197,race,3367
Other Race - Including Multi-Racial,0.4603174603174603,race,3367
Above 4x poverty line,0.3597122302158273,income,3367
Below poverty line,0.541033434650456,income,3367
Middle (2-4x),0.48426150121065376,income,3367
Near poverty (1-2x),0.5422885572139303,income,3367
Mexican American,0.44,race,3368
Non-Hispanic Asian,0.43209876543209874,race,3368
Non-Hispanic Black,0.627906976744186,race,3368
Non-Hispanic White,0.5677179962894249,race,3368
Other Hispanic,0.6056338028169014,race,3368
Other Race - Including Multi-Racial,0.5555555555555556,race,3368
Above 4x poverty line,0.36,income,3368
Below poverty line,0.6347305389221557,income,3368
Middle (2-4x),0.5216284987277354,income,3368
Near poverty (1-2x),0.5935960591133005,income,3368
Mexican American,0.455,race,3369
Non-Hispanic Asian,0.37037037037037035,race,3369
Non-Hispanic Black,0.5581395348837209,race,3369
Non-Hispanic White,0.5510204081632653,race,3369
Other Hispanic,0.5563380281690141,race,3369
Other Race - Including Multi-Racial,0.6031746031746031,race,3369
Above 4x poverty line,0.3125,income,3369
Below poverty line,0.6189024390243902,income,3369
Middle (2-4x),0.5075,income,3369
Near poverty (1-2x),0.5645569620253165,income,3369
Mexican American,0.415,race,3370
Non-Hispanic Asian,0.30864197530864196,race,3370
Non-Hispanic Black,0.5232558139534884,race,3370
Non-Hispanic White,0.562152133580705,race,3370
Other Hispanic,0.5492957746478874,race,3370
Other Race - Including Multi-Racial,0.5555555555555556,race,3370
Above 4x poverty line,0.34177215189873417,income,3370
Below poverty line,0.5781710914454278,income,3370
Middle (2-4x),0.4833759590792839,income,3370
Near poverty (1-2x),0.5569620253164557,income,3370
Mexican American,0.5,race,3371
Non-Hispanic Asian,0.41975308641975306,race,3371
Non-Hispanic Black,0.5465116279069767,race,3371
Non-Hispanic White,0.5343228200371057,race,3371
Other Hispanic,0.528169014084507,race,3371
Other Race - Including Multi-Racial,0.5079365079365079,race,3371
Above 4x poverty line,0.3860759493670886,income,3371
Below poverty line,0.5726256983240223,income,3371
Middle (2-4x),0.49214659685863876,income,3371
Near poverty (1-2x),0.561038961038961,income,3371
Mexican American,0.47,race,3372
Non-Hispanic Asian,0.30864197530864196,race,3372
Non-Hispanic Black,0.5387596899224806,race,3372
Non-Hispanic White,0.5547309833024119,race,3372
Other Hispanic,0.5422535211267606,race,3372
Other Race - Including Multi-Racial,0.6031746031746031,race,3372
Above 4x poverty line,0.3389830508474576,income,3372
Below poverty line,0.579250720461095,income,3372
Middle (2-4x),0.4973404255319149,income,3372
Near poverty (1-2x),0.5848563968668408,income,3372
Mexican American,0.42,race,3373
Non-Hispanic Asian,0.2962962962962963,race,3373
Non-Hispanic Black,0.6007751937984496,race,3373
Non-Hispanic White,0.5658627087198516,race,3373
Other Hispanic,0.5422535211267606,race,3373
Other Race - Including Multi-Racial,0.5555555555555556,race,3373
Above 4x poverty line,0.3870967741935484,income,3373
Below poverty line,0.6151603498542274,income,3373
Middle (2-4x),0.46228710462287104,income,3373
Near poverty (1-2x),0.5855614973262032,income,3373
Mexican American,0.425,race,3374
Non-Hispanic Asian,0.3333333333333333,race,3374
Non-Hispanic Black,0.5116279069767442,race,3374
Non-Hispanic White,0.5324675324675324,race,3374
Other Hispanic,0.4647887323943662,race,3374
Other Race - Including Multi-Racial,0.6984126984126984,race,3374
Above 4x poverty line,0.2534246575342466,income,3374
Below poverty line,0.5805555555555556,income,3374
Middle (2-4x),0.4396984924623116,income,3374
Near poverty (1-2x),0.5804749340369393,income,3374
Mexican American,0.465,race,3375
Non-Hispanic Asian,0.345679012345679,race,3375
Non-Hispanic Black,0.5038759689922481,race,3375
Non-Hispanic White,0.5547309833024119,race,3375
Other Hispanic,0.5352112676056338,race,3375
Other Race - Including Multi-Racial,0.47619047619047616,race,3375
Above 4x poverty line,0.3821656050955414,income,3375
Below poverty line,0.5558659217877095,income,3375
Middle (2-4x),0.4636118598382749,income,3375
Near poverty (1-2x),0.5667506297229219,income,3375
Mexican American,0.41,race,3376
Non-Hispanic Asian,0.2839506172839506,race,3376
Non-Hispanic Black,0.5503875968992248,race,3376
Non-Hispanic White,0.5027829313543599,race,3376
Other Hispanic,0.5140845070422535,race,3376
Other Race - Including Multi-Racial,0.5555555555555556,race,3376
Above 4x poverty line,0.3081761006289308,income,3376
Below poverty line,0.5393258426966292,income,3376
Middle (2-4x),0.4844559585492228,income,3376
Near poverty (1-2x),0.518324607329843,income,3376
Mexican American,0.45,race,3377
Non-Hispanic Asian,0.30864197530864196,race,3377
Non-Hispanic Black,0.5930232558139535,race,3377
Non-Hispanic White,0.5009276437847866,race,3377
Other Hispanic,0.5211267605633803,race,3377
Other Race - Including Multi-Racial,0.4444444444444444,race,3377
Above 4x poverty line,0.3170731707317073,income,3377
Below poverty line,0.5975609756097561,income,3377
Middle (2-4x),0.44987775061124696,income,3377
Near poverty (1-2x),0.5445026178010471,income,3377
Mexican American,0.46,race,3378
Non-Hispanic Asian,0.38271604938271603,race,3378
Non-Hispanic Black,0.5387596899224806,race,3378
Non-Hispanic White,0.562152133580705,race,3378
Other Hispanic,0.6338028169014085,race,3378
Other Race - Including Multi-Racial,0.6190476190476191,race,3378
Above 4x poverty line,0.3652694610778443,income,3378
Below poverty line,0.6477611940298508,income,3378
Middle (2-4x),0.49019607843137253,income,3378
Near poverty (1-2x),0.579088471849866,income,3378
Mexican American,0.46,race,3379
Non-Hispanic Asian,0.30864197530864196,race,3379
Non-Hispanic Black,0.5503875968992248,race,3379
Non-Hispanic White,0.5046382189239332,race,3379
Other Hispanic,0.5422535211267606,race,3379
Other Race - Including Multi-Racial,0.49206349206349204,race,3379
Above 4x poverty line,0.3270440251572327,income,3379
Below poverty line,0.5838150289017341,income,3379
Middle (2-4x),0.43291139240506327,income,3379
Near poverty (1-2x),0.5587467362924282,income,3379
Mexican American,0.435,race,3380
Non-Hispanic Asian,0.38271604938271603,race,3380
Non-Hispanic Black,0.5,race,3380
Non-Hispanic White,0.5380333951762524,race,3380
Other Hispanic,0.6267605633802817,race,3380
Other Race - Including Multi-Racial,0.49206349206349204,race,3380
Above 4x poverty line,0.3057324840764331,income,3380
Below poverty line,0.615606936416185,income,3380
Middle (2-4x),0.4689119170984456,income,3380
Near poverty (1-2x),0.5456852791878173,income,3380
Mexican American,0.44,race,3381
Non-Hispanic Asian,0.41975308641975306,race,3381
Non-Hispanic Black,0.5736434108527132,race,3381
Non-Hispanic White,0.5732838589981447,race,3381
Other Hispanic,0.5,race,3381
Other Race - Including Multi-Racial,0.4444444444444444,race,3381
Above 4x poverty line,0.2903225806451613,income,3381
Below poverty line,0.6242774566473989,income,3381
Middle (2-4x),0.4765432098765432,income,3381
Near poverty (1-2x),0.5941644562334217,income,3381
Mexican American,0.51,race,3382
Non-Hispanic Asian,0.35802469135802467,race,3382
Non-Hispanic Black,0.5426356589147286,race,3382
Non-Hispanic White,0.5769944341372912,race,3382
Other Hispanic,0.5633802816901409,race,3382
Other Race - Including Multi-Racial,0.5873015873015873,race,3382
Above 4x poverty line,0.425531914893617,income,3382
Below poverty line,0.5722543352601156,income,3382
Middle (2-4x),0.5137844611528822,income,3382
Near poverty (1-2x),0.5944584382871536,income,3382
Mexican American,0.43,race,3383
Non-Hispanic Asian,0.38271604938271603,race,3383
Non-Hispanic Black,0.5542635658914729,race,3383
Non-Hispanic White,0.5343228200371057,race,3383
Other Hispanic,0.5563380281690141,race,3383
Other Race - Including Multi-Racial,0.5873015873015873,race,3383
Above 4x poverty line,0.46621621621621623,income,3383
Below poverty line,0.5663956639566395,income,3383
Middle (2-4x),0.4846938775510204,income,3383
Near poverty (1-2x),0.5240641711229946,income,3383
Mexican American,0.465,race,3384
Non-Hispanic Asian,0.3333333333333333,race,3384
Non-Hispanic Black,0.5891472868217055,race,3384
Non-Hispanic White,0.5287569573283859,race,3384
Other Hispanic,0.5352112676056338,race,3384
Other Race - Including Multi-Racial,0.6984126984126984,race,3384
Above 4x poverty line,0.32098765432098764,income,3384
Below poverty line,0.5948275862068966,income,3384
Middle (2-4x),0.5070028011204482,income,3384
Near poverty (1-2x),0.5697115384615384,income,3384
Mexican American,0.475,race,3385
Non-Hispanic Asian,0.3950617283950617,race,3385
Non-Hispanic Black,0.5155038759689923,race,3385
Non-Hispanic White,0.5955473098330241,race,3385
Other Hispanic,0.5774647887323944,race,3385
Other Race - Including Multi-Racial,0.47619047619047616,race,3385
Above 4x poverty line,0.33962264150943394,income,3385
Below poverty line,0.6076696165191741,income,3385
Middle (2-4x),0.5130890052356021,income,3385
Near poverty (1-2x),0.5880893300248139,income,3385
Mexican American,0.465,race,3386
Non-Hispanic Asian,0.4444444444444444,race,3386
Non-Hispanic Black,0.562015503875969,race,3386
Non-Hispanic White,0.5454545454545454,race,3386
Other Hispanic,0.5211267605633803,race,3386
Other Race - Including Multi-Racial,0.6031746031746031,race,3386
Above 4x poverty line,0.30939226519337015,income,3386
Below poverty line,0.6086956521739131,income,3386
Middle (2-4x),0.49230769230769234,income,3386
Near poverty (1-2x),0.6049046321525886,income,3386
Mexican American,0.47,race,3387
Non-Hispanic Asian,0.345679012345679,race,3387
Non-Hispanic Black,0.5310077519379846,race,3387
Non-Hispanic White,0.5324675324675324,race,3387
Other Hispanic,0.528169014084507,race,3387
Other Race - Including Multi-Racial,0.5238095238095238,race,3387
Above 4x poverty line,0.33727810650887574,income,3387
Below poverty line,0.5657142857142857,income,3387
Middle (2-4x),0.4899497487437186,income,3387
Near poverty (1-2x),0.5573770491803278,income,3387
Mexican American,0.445,race,3388
Non-Hispanic Asian,0.25925925925925924,race,3388
Non-Hispanic Black,0.5775193798449613,race,3388
Non-Hispanic White,0.549165120593692,race,3388
Other Hispanic,0.5845070422535211,race,3388
Other Race - Including Multi-Racial,0.5873015873015873,race,3388
Above 4x poverty line,0.32558139534883723,income,3388
Below poverty line,0.5934718100890207,income,3388
Middle (2-4x),0.5045871559633027,income,3388
Near poverty (1-2x),0.5590551181102362,income,3388
Mexican American,0.465,race,3389
Non-Hispanic Asian,0.2222222222222222,race,3389
Non-Hispanic Black,0.5348837209302325,race,3389
Non-Hispanic White,0.5528756957328386,race,3389
Other Hispanic,0.5211267605633803,race,3389
Other Race - Including Multi-Racial,0.5714285714285714,race,3389
Above 4x poverty line,0.36645962732919257,income,3389
Below poverty line,0.5632183908045977,income,3389
Middle (2-4x),0.46055979643765904,income,3389
Near poverty (1-2x),0.5800524934383202,income,3389
Mexican American,0.47,race,3390
Non-Hispanic Asian,0.345679012345679,race,3390
Non-Hispanic Black,0.6162790697674418,race,3390
Non-Hispanic White,0.5473098330241187,race,3390
Other Hispanic,0.5070422535211268,race,3390
Other Race - Including Multi-Racial,0.5079365079365079,race,3390
Above 4x poverty line,0.36024844720496896,income,3390
Below poverty line,0.6334405144694534,income,3390
Middle (2-4x),0.46731234866828086,income,3390
Near poverty (1-2x),0.5829145728643216,income,3390
Mexican American,0.47,race,3391
Non-Hispanic Asian,0.2839506172839506,race,3391
Non-Hispanic Black,0.5775193798449613,race,3391
Non-Hispanic White,0.5064935064935064,race,3391
Other Hispanic,0.6197183098591549,race,3391
Other Race - Including Multi-Racial,0.5873015873015873,race,3391
Above 4x poverty line,0.3375,income,3391
Below poverty line,0.5681818181818182,income,3391
Middle (2-4x),0.46770025839793283,income,3391
Near poverty (1-2x),0.5963541666666666,income,3391
Mexican American,0.49,race,3392
Non-Hispanic Asian,0.30864197530864196,race,3392
Non-Hispanic Black,0.5736434108527132,race,3392
Non-Hispanic White,0.5343228200371057,race,3392
Other Hispanic,0.528169014084507,race,3392
Other Race - Including Multi-Racial,0.6031746031746031,race,3392
Above 4x poverty line,0.3,income,3392
Below poverty line,0.6016483516483516,income,3392
Middle (2-4x),0.44783715012722647,income,3392
Near poverty (1-2x),0.6170212765957447,income,3392
Mexican American,0.425,race,3393
Non-Hispanic Asian,0.35802469135802467,race,3393
Non-Hispanic Black,0.5271317829457365,race,3393
Non-Hispanic White,0.5435992578849722,race,3393
Other Hispanic,0.5422535211267606,race,3393
Other Race - Including Multi-Racial,0.49206349206349204,race,3393
Above 4x poverty line,0.34545454545454546,income,3393
Below poverty line,0.5718475073313783,income,3393
Middle (2-4x),0.43765281173594134,income,3393
Near poverty (1-2x),0.5978260869565217,income,3393
Mexican American,0.425,race,3394
Non-Hispanic Asian,0.32098765432098764,race,3394
Non-Hispanic Black,0.5387596899224806,race,3394
Non-Hispanic White,0.5343228200371057,race,3394
Other Hispanic,0.5633802816901409,race,3394
Other Race - Including Multi-Racial,0.5238095238095238,race,3394
Above 4x poverty line,0.36419753086419754,income,3394
Below poverty line,0.5467836257309941,income,3394
Middle (2-4x),0.45758354755784064,income,3394
Near poverty (1-2x),0.5820512820512821,income,3394
Mexican American,0.415,race,3395
Non-Hispanic Asian,0.32098765432098764,race,3395
Non-Hispanic Black,0.5387596899224806,race,3395
Non-Hispanic White,0.5176252319109462,race,3395
Other Hispanic,0.528169014084507,race,3395
Other Race - Including Multi-Racial,0.5238095238095238,race,3395
Above 4x poverty line,0.34868421052631576,income,3395
Below poverty line,0.5761772853185596,income,3395
Middle (2-4x),0.41265822784810124,income,3395
Near poverty (1-2x),0.5626666666666666,income,3395
Mexican American,0.43,race,3396
Non-Hispanic Asian,0.2716049382716049,race,3396
Non-Hispanic Black,0.5077519379844961,race,3396
Non-Hispanic White,0.5714285714285714,race,3396
Other Hispanic,0.5211267605633803,race,3396
Other Race - Including Multi-Racial,0.5873015873015873,race,3396
Above 4x poverty line,0.379746835443038,income,3396
Below poverty line,0.5871559633027523,income,3396
Middle (2-4x),0.44717444717444715,income,3396
Near poverty (1-2x),0.5728900255754475,income,3396
Mexican American,0.395,race,3397
Non-Hispanic Asian,0.345679012345679,race,3397
Non-Hispanic Black,0.5891472868217055,race,3397
Non-Hispanic White,0.5732838589981447,race,3397
Other Hispanic,0.5633802816901409,race,3397
Other Race - Including Multi-Racial,0.6031746031746031,race,3397
Above 4x poverty line,0.42011834319526625,income,3397
Below poverty line,0.616519174041298,income,3397
Middle (2-4x),0.4742268041237113,income,3397
Near poverty (1-2x),0.5736434108527132,income,3397
Mexican American,0.37,race,3398
Non-Hispanic Asian,0.32098765432098764,race,3398
Non-Hispanic Black,0.5038759689922481,race,3398
Non-Hispanic White,0.5658627087198516,race,3398
Other Hispanic,0.5774647887323944,race,3398
Other Race - Including Multi-Racial,0.6031746031746031,race,3398
Above 4x poverty line,0.3387096774193548,income,3398
Below poverty line,0.5747800586510264,income,3398
Middle (2-4x),0.4710526315789474,income,3398
Near poverty (1-2x),0.5771276595744681,income,3398
Mexican American,0.495,race,3399
Non-Hispanic Asian,0.37037037037037035,race,3399
Non-Hispanic Black,0.5387596899224806,race,3399
Non-Hispanic White,0.5547309833024119,race,3399
Other Hispanic,0.5563380281690141,race,3399
Other Race - Including Multi-Racial,0.4444444444444444,race,3399
Above 4x poverty line,0.38961038961038963,income,3399
Below poverty line,0.6,income,3399
Middle (2-4x),0.4894179894179894,income,3399
Near poverty (1-2x),0.5433070866141733,income,3399
Mexican American,0.435,race,3400
Non-Hispanic Asian,0.30864197530864196,race,3400
Non-Hispanic Black,0.5193798449612403,race,3400
Non-Hispanic White,0.5769944341372912,race,3400
Other Hispanic,0.5,race,3400
Other Race - Including Multi-Racial,0.5714285714285714,race,3400
Above 4x poverty line,0.3291139240506329,income,3400
Below poverty line,0.5714285714285714,income,3400
Middle (2-4x),0.4744897959183674,income,3400
Near poverty (1-2x),0.5911602209944752,income,3400
Mexican American,0.5,race,3401
Non-Hispanic Asian,0.43209876543209874,race,3401
Non-Hispanic Black,0.5503875968992248,race,3401
Non-Hispanic White,0.4972170686456401,race,3401
Other Hispanic,0.5070422535211268,race,3401
Other Race - Including Multi-Racial,0.49206349206349204,race,3401
Above 4x poverty line,0.30409356725146197,income,3401
Below poverty line,0.5975975975975976,income,3401
Middle (2-4x),0.46115288220551376,income,3401
Near poverty (1-2x),0.5605263157894737,income,3401
Mexican American,0.43,race,3402
Non-Hispanic Asian,0.2839506172839506,race,3402
Non-Hispanic Black,0.5271317829457365,race,3402
Non-Hispanic White,0.5584415584415584,race,3402
Other Hispanic,0.5422535211267606,race,3402
Other Race - Including Multi-Racial,0.49206349206349204,race,3402
Above 4x poverty line,0.3446327683615819,income,3402
Below poverty line,0.5938375350140056,income,3402
Middle (2-4x),0.47696476964769646,income,3402
Near poverty (1-2x),0.5394736842105263,income,3402
Mexican American,0.48,race,3403
Non-Hispanic Asian,0.3950617283950617,race,3403
Non-Hispanic Black,0.5658914728682171,race,3403
Non-Hispanic White,0.49536178107606677,race,3403
Other Hispanic,0.528169014084507,race,3403
Other Race - Including Multi-Racial,0.6666666666666666,race,3403
Above 4x poverty line,0.3191489361702128,income,3403
Below poverty line,0.5983827493261455,income,3403
Middle (2-4x),0.4408866995073892,income,3403
Near poverty (1-2x),0.5808219178082191,income,3403
Mexican American,0.48,race,3404
Non-Hispanic Asian,0.2839506172839506,race,3404
Non-Hispanic Black,0.5542635658914729,race,3404
Non-Hispanic White,0.562152133580705,race,3404
Other Hispanic,0.5352112676056338,race,3404
Other Race - Including Multi-Racial,0.5238095238095238,race,3404
Above 4x poverty line,0.33783783783783783,income,3404
Below poverty line,0.611731843575419,income,3404
Middle (2-4x),0.48214285714285715,income,3404
Near poverty (1-2x),0.561038961038961,income,3404
Mexican American,0.415,race,3405
Non-Hispanic Asian,0.2962962962962963,race,3405
Non-Hispanic Black,0.562015503875969,race,3405
Non-Hispanic White,0.5306122448979592,race,3405
Other Hispanic,0.5985915492957746,race,3405
Other Race - Including Multi-Racial,0.6825396825396826,race,3405
Above 4x poverty line,0.35403726708074534,income,3405
Below poverty line,0.6174698795180723,income,3405
Middle (2-4x),0.4629156010230179,income,3405
Near poverty (1-2x),0.5588972431077694,income,3405
Mexican American,0.425,race,3406
Non-Hispanic Asian,0.3333333333333333,race,3406
Non-Hispanic Black,0.5542635658914729,race,3406
Non-Hispanic White,0.49907235621521334,race,3406
Other Hispanic,0.5563380281690141,race,3406
Other Race - Including Multi-Racial,0.47619047619047616,race,3406
Above 4x poverty line,0.31210191082802546,income,3406
Below poverty line,0.5953757225433526,income,3406
Middle (2-4x),0.4424083769633508,income,3406
Near poverty (1-2x),0.5251256281407035,income,3406
Mexican American,0.465,race,3407
Non-Hispanic Asian,0.2962962962962963,race,3407
Non-Hispanic Black,0.5465116279069767,race,3407
Non-Hispanic White,0.549165120593692,race,3407
Other Hispanic,0.5563380281690141,race,3407
Other Race - Including Multi-Racial,0.5714285714285714,race,3407
Above 4x poverty line,0.3741935483870968,income,3407
Below poverty line,0.6103151862464183,income,3407
Middle (2-4x),0.48514851485148514,income,3407
Near poverty (1-2x),0.5386666666666666,income,3407
Mexican American,0.45,race,3408
Non-Hispanic Asian,0.345679012345679,race,3408
Non-Hispanic Black,0.5581395348837209,race,3408
Non-Hispanic White,0.5417439703153989,race,3408
Other Hispanic,0.5563380281690141,race,3408
Other Race - Including Multi-Racial,0.4444444444444444,race,3408
Above 4x poverty line,0.32903225806451614,income,3408
Below poverty line,0.569060773480663,income,3408
Middle (2-4x),0.5173333333333333,income,3408
Near poverty (1-2x),0.5370843989769821,income,3408
Mexican American,0.44,race,3409
Non-Hispanic Asian,0.37037037037037035,race,3409
Non-Hispanic Black,0.5,race,3409
Non-Hispanic White,0.5324675324675324,race,3409
Other Hispanic,0.5774647887323944,race,3409
Other Race - Including Multi-Racial,0.6031746031746031,race,3409
Above 4x poverty line,0.3370165745856354,income,3409
Below poverty line,0.5949008498583569,income,3409
Middle (2-4x),0.47354497354497355,income,3409
Near poverty (1-2x),0.5498652291105122,income,3409
Mexican American,0.47,race,3410
Non-Hispanic Asian,0.2962962962962963,race,3410
Non-Hispanic Black,0.5426356589147286,race,3410
Non-Hispanic White,0.5473098330241187,race,3410
Other Hispanic,0.5140845070422535,race,3410
Other Race - Including Multi-Racial,0.5079365079365079,race,3410
Above 4x poverty line,0.3617021276595745,income,3410
Below poverty line,0.5555555555555556,income,3410
Middle (2-4x),0.46943765281173594,income,3410
Near poverty (1-2x),0.5759162303664922,income,3410
Mexican American,0.46,race,3411
Non-Hispanic Asian,0.3333333333333333,race,3411
Non-Hispanic Black,0.562015503875969,race,3411
Non-Hispanic White,0.5343228200371057,race,3411
Other Hispanic,0.5845070422535211,race,3411
Other Race - Including Multi-Racial,0.5238095238095238,race,3411
Above 4x poverty line,0.29608938547486036,income,3411
Below poverty line,0.6090651558073654,income,3411
Middle (2-4x),0.47074468085106386,income,3411
Near poverty (1-2x),0.5946666666666667,income,3411
Mexican American,0.49,race,3412
Non-Hispanic Asian,0.35802469135802467,race,3412
Non-Hispanic Black,0.5542635658914729,race,3412
Non-Hispanic White,0.536178107606679,race,3412
Other Hispanic,0.5352112676056338,race,3412
Other Race - Including Multi-Racial,0.5555555555555556,race,3412
Above 4x poverty line,0.2903225806451613,income,3412
Below poverty line,0.5824175824175825,income,3412
Middle (2-4x),0.4911392405063291,income,3412
Near poverty (1-2x),0.5934959349593496,income,3412
Mexican American,0.48,race,3413
Non-Hispanic Asian,0.35802469135802467,race,3413
Non-Hispanic Black,0.5310077519379846,race,3413
Non-Hispanic White,0.5454545454545454,race,3413
Other Hispanic,0.5140845070422535,race,3413
Other Race - Including Multi-Racial,0.5873015873015873,race,3413
Above 4x poverty line,0.34523809523809523,income,3413
Below poverty line,0.6085714285714285,income,3413
Middle (2-4x),0.4804177545691906,income,3413
Near poverty (1-2x),0.5523560209424084,income,3413
Mexican American,0.445,race,3414
Non-Hispanic Asian,0.2962962962962963,race,3414
Non-Hispanic Black,0.5465116279069767,race,3414
Non-Hispanic White,0.5194805194805194,race,3414
Other Hispanic,0.5845070422535211,race,3414
Other Race - Including Multi-Racial,0.6507936507936508,race,3414
Above 4x poverty line,0.3625,income,3414
Below poverty line,0.6044568245125348,income,3414
Middle (2-4x),0.4490861618798956,income,3414
Near poverty (1-2x),0.5538057742782152,income,3414
Mexican American,0.47,race,3415
Non-Hispanic Asian,0.3333333333333333,race,3415
Non-Hispanic Black,0.562015503875969,race,3415
Non-Hispanic White,0.5139146567717996,race,3415
Other Hispanic,0.5492957746478874,race,3415
Other Race - Including Multi-Racial,0.5555555555555556,race,3415
Above 4x poverty line,0.3546511627906977,income,3415
Below poverty line,0.5692771084337349,income,3415
Middle (2-4x),0.5118110236220472,income,3415
Near poverty (1-2x),0.5301507537688442,income,3415
Mexican American,0.46,race,3416
Non-Hispanic Asian,0.37037037037037035,race,3416
Non-Hispanic Black,0.5581395348837209,race,3416
Non-Hispanic White,0.5027829313543599,race,3416
Other Hispanic,0.4647887323943662,race,3416
Other Race - Including Multi-Racial,0.5873015873015873,race,3416
Above 4x poverty line,0.3425414364640884,income,3416
Below poverty line,0.6060606060606061,income,3416
Middle (2-4x),0.43609022556390975,income,3416
Near poverty (1-2x),0.546916890080429,income,3416
Mexican American,0.45,race,3417
Non-Hispanic Asian,0.37037037037037035,race,3417
Non-Hispanic Black,0.562015503875969,race,3417
Non-Hispanic White,0.5454545454545454,race,3417
Other Hispanic,0.49295774647887325,race,3417
Other Race - Including Multi-Racial,0.6349206349206349,race,3417
Above 4x poverty line,0.38405797101449274,income,3417
Below poverty line,0.5741758241758241,income,3417
Middle (2-4x),0.4607329842931937,income,3417
Near poverty (1-2x),0.5789473684210527,income,3417
Mexican American,0.43,race,3418
Non-Hispanic Asian,0.3333333333333333,race,3418
Non-Hispanic Black,0.5387596899224806,race,3418
Non-Hispanic White,0.5732838589981447,race,3418
Other Hispanic,0.5211267605633803,race,3418
Other Race - Including Multi-Racial,0.5396825396825397,race,3418
Above 4x poverty line,0.35185185185185186,income,3418
Below poverty line,0.6268221574344023,income,3418
Middle (2-4x),0.44976076555023925,income,3418
Near poverty (1-2x),0.5805555555555556,income,3418
Mexican American,0.445,race,3419
Non-Hispanic Asian,0.4074074074074074,race,3419
Non-Hispanic Black,0.5155038759689923,race,3419
Non-Hispanic White,0.575139146567718,race,3419
Other Hispanic,0.5211267605633803,race,3419
Other Race - Including Multi-Racial,0.5396825396825397,race,3419
Above 4x poverty line,0.4304635761589404,income,3419
Below poverty line,0.5770308123249299,income,3419
Middle (2-4x),0.46174863387978143,income,3419
Near poverty (1-2x),0.5696821515892421,income,3419
Mexican American,0.45,race,3420
Non-Hispanic Asian,0.38271604938271603,race,3420
Non-Hispanic Black,0.5348837209302325,race,3420
Non-Hispanic White,0.5510204081632653,race,3420
Other Hispanic,0.5704225352112676,race,3420
Other Race - Including Multi-Racial,0.5714285714285714,race,3420
Above 4x poverty line,0.33098591549295775,income,3420
Below poverty line,0.6128133704735376,income,3420
Middle (2-4x),0.4744897959183674,income,3420
Near poverty (1-2x),0.5641025641025641,income,3420
Mexican American,0.445,race,3421
Non-Hispanic Asian,0.35802469135802467,race,3421
Non-Hispanic Black,0.5116279069767442,race,3421
Non-Hispanic White,0.5269016697588126,race,3421
Other Hispanic,0.5211267605633803,race,3421
Other Race - Including Multi-Racial,0.5714285714285714,race,3421
Above 4x poverty line,0.3197278911564626,income,3421
Below poverty line,0.589171974522293,income,3421
Middle (2-4x),0.4628297362110312,income,3421
Near poverty (1-2x),0.5407407407407407,income,3421
Mexican American,0.54,race,3422
Non-Hispanic Asian,0.4567901234567901,race,3422
Non-Hispanic Black,0.5775193798449613,race,3422
Non-Hispanic White,0.5250463821892394,race,3422
Other Hispanic,0.5352112676056338,race,3422
Other Race - Including Multi-Racial,0.5238095238095238,race,3422
Above 4x poverty line,0.31868131868131866,income,3422
Below poverty line,0.6349693251533742,income,3422
Middle (2-4x),0.5235602094240838,income,3422
Near poverty (1-2x),0.5623409669211196,income,3422
Mexican American,0.45,race,3423
Non-Hispanic Asian,0.3333333333333333,race,3423
Non-Hispanic Black,0.5193798449612403,race,3423
Non-Hispanic White,0.5324675324675324,race,3423
Other Hispanic,0.5,race,3423
Other Race - Including Multi-Racial,0.5396825396825397,race,3423
Above 4x poverty line,0.33112582781456956,income,3423
Below poverty line,0.561046511627907,income,3423
Middle (2-4x),0.4619164619164619,income,3423
Near poverty (1-2x),0.5564304461942258,income,3423
Mexican American,0.425,race,3424
Non-Hispanic Asian,0.30864197530864196,race,3424
Non-Hispanic Black,0.5310077519379846,race,3424
Non-Hispanic White,0.5677179962894249,race,3424
Other Hispanic,0.5422535211267606,race,3424
Other Race - Including Multi-Racial,0.5396825396825397,race,3424
Above 4x poverty line,0.3227848101265823,income,3424
Below poverty line,0.5638888888888889,income,3424
Middle (2-4x),0.49876543209876545,income,3424
Near poverty (1-2x),0.5777777777777777,income,3424
Mexican American,0.475,race,3425
Non-Hispanic Asian,0.2839506172839506,race,3425
Non-Hispanic Black,0.5155038759689923,race,3425
Non-Hispanic White,0.5473098330241187,race,3425
Other Hispanic,0.5915492957746479,race,3425
Other Race - Including Multi-Racial,0.4603174603174603,race,3425
Above 4x poverty line,0.3509933774834437,income,3425
Below poverty line,0.5994623655913979,income,3425
Middle (2-4x),0.42857142857142855,income,3425
Near poverty (1-2x),0.5813333333333334,income,3425
Mexican American,0.41,race,3426
Non-Hispanic Asian,0.2962962962962963,race,3426
Non-Hispanic Black,0.5658914728682171,race,3426
Non-Hispanic White,0.5157699443413729,race,3426
Other Hispanic,0.5774647887323944,race,3426
Other Race - Including Multi-Racial,0.6031746031746031,race,3426
Above 4x poverty line,0.34265734265734266,income,3426
Below poverty line,0.5885558583106267,income,3426
Middle (2-4x),0.442159383033419,income,3426
Near poverty (1-2x),0.5546875,income,3426
Mexican American,0.475,race,3427
Non-Hispanic Asian,0.35802469135802467,race,3427
Non-Hispanic Black,0.5310077519379846,race,3427
Non-Hispanic White,0.5454545454545454,race,3427
Other Hispanic,0.5774647887323944,race,3427
Other Race - Including Multi-Racial,0.6031746031746031,race,3427
Above 4x poverty line,0.35403726708074534,income,3427
Below poverty line,0.6005747126436781,income,3427
Middle (2-4x),0.4772117962466488,income,3427
Near poverty (1-2x),0.5760598503740648,income,3427
Mexican American,0.43,race,3428
Non-Hispanic Asian,0.35802469135802467,race,3428
Non-Hispanic Black,0.5658914728682171,race,3428
Non-Hispanic White,0.5510204081632653,race,3428
Other Hispanic,0.5985915492957746,race,3428
Other Race - Including Multi-Racial,0.47619047619047616,race,3428
Above 4x poverty line,0.3505747126436782,income,3428
Below poverty line,0.6081871345029239,income,3428
Middle (2-4x),0.4701086956521739,income,3428
Near poverty (1-2x),0.5789473684210527,income,3428
Mexican American,0.46,race,3429
Non-Hispanic Asian,0.2839506172839506,race,3429
Non-Hispanic Black,0.5193798449612403,race,3429
Non-Hispanic White,0.5547309833024119,race,3429
Other Hispanic,0.5211267605633803,race,3429
Other Race - Including Multi-Racial,0.5079365079365079,race,3429
Above 4x poverty line,0.3202614379084967,income,3429
Below poverty line,0.5826330532212886,income,3429
Middle (2-4x),0.47368421052631576,income,3429
Near poverty (1-2x),0.5521628498727735,income,3429
Mexican American,0.44,race,3430
Non-Hispanic Asian,0.35802469135802467,race,3430
Non-Hispanic Black,0.562015503875969,race,3430
Non-Hispanic White,0.549165120593692,race,3430
Other Hispanic,0.5563380281690141,race,3430
Other Race - Including Multi-Racial,0.5714285714285714,race,3430
Above 4x poverty line,0.36428571428571427,income,3430
Below poverty line,0.6216216216216216,income,3430
Middle (2-4x),0.46547314578005117,income,3430
Near poverty (1-2x),0.5497382198952879,income,3430
Mexican American,0.42,race,3431
Non-Hispanic Asian,0.32098765432098764,race,3431
Non-Hispanic Black,0.49612403100775193,race,3431
Non-Hispanic White,0.5250463821892394,race,3431
Other Hispanic,0.5845070422535211,race,3431
Other Race - Including Multi-Racial,0.47619047619047616,race,3431
Above 4x poverty line,0.35443037974683544,income,3431
Below poverty line,0.5778443113772455,income,3431
Middle (2-4x),0.48877805486284287,income,3431
Near poverty (1-2x),0.4846153846153846,income,3431
Mexican American,0.475,race,3432
Non-Hispanic Asian,0.38271604938271603,race,3432
Non-Hispanic Black,0.5155038759689923,race,3432
Non-Hispanic White,0.5658627087198516,race,3432
Other Hispanic,0.5704225352112676,race,3432
Other Race - Including Multi-Racial,0.5238095238095238,race,3432
Above 4x poverty line,0.3515151515151515,income,3432
Below poverty line,0.6285714285714286,income,3432
Middle (2-4x),0.46867167919799496,income,3432
Near poverty (1-2x),0.5772357723577236,income,3432
Mexican American,0.52,race,3433
Non-Hispanic Asian,0.32098765432098764,race,3433
Non-Hispanic Black,0.5542635658914729,race,3433
Non-Hispanic White,0.5343228200371057,race,3433
Other Hispanic,0.5492957746478874,race,3433
Other Race - Including Multi-Racial,0.5555555555555556,race,3433
Above 4x poverty line,0.37267080745341613,income,3433
Below poverty line,0.5958702064896755,income,3433
Middle (2-4x),0.46683673469387754,income,3433
Near poverty (1-2x),0.5856777493606138,income,3433
Mexican American,0.47,race,3434
Non-Hispanic Asian,0.2962962962962963,race,3434
Non-Hispanic Black,0.5077519379844961,race,3434
Non-Hispanic White,0.5027829313543599,race,3434
Other Hispanic,0.5070422535211268,race,3434
Other Race - Including Multi-Racial,0.5396825396825397,race,3434
Above 4x poverty line,0.32142857142857145,income,3434
Below poverty line,0.5366568914956011,income,3434
Middle (2-4x),0.435,income,3434
Near poverty (1-2x),0.5748663101604278,income,3434
Mexican American,0.435,race,3435
Non-Hispanic Asian,0.37037037037037035,race,3435
Non-Hispanic Black,0.562015503875969,race,3435
Non-Hispanic White,0.5213358070500927,race,3435
Other Hispanic,0.6126760563380281,race,3435
Other Race - Including Multi-Racial,0.5079365079365079,race,3435
Above 4x poverty line,0.30319148936170215,income,3435
Below poverty line,0.6104651162790697,income,3435
Middle (2-4x),0.5012787723785166,income,3435
Near poverty (1-2x),0.5527777777777778,income,3435
Mexican American,0.435,race,3436
Non-Hispanic Asian,0.345679012345679,race,3436
Non-Hispanic Black,0.5697674418604651,race,3436
Non-Hispanic White,0.5473098330241187,race,3436
Other Hispanic,0.528169014084507,race,3436
Other Race - Including Multi-Racial,0.49206349206349204,race,3436
Above 4x poverty line,0.3541666666666667,income,3436
Below poverty line,0.5982404692082112,income,3436
Middle (2-4x),0.46445497630331756,income,3436
Near poverty (1-2x),0.5638297872340425,income,3436
Mexican American,0.475,race,3437
Non-Hispanic Asian,0.37037037037037035,race,3437
Non-Hispanic Black,0.5697674418604651,race,3437
Non-Hispanic White,0.562152133580705,race,3437
Other Hispanic,0.4647887323943662,race,3437
Other Race - Including Multi-Racial,0.5238095238095238,race,3437
Above 4x poverty line,0.37142857142857144,income,3437
Below poverty line,0.5813253012048193,income,3437
Middle (2-4x),0.4975124378109453,income,3437
Near poverty (1-2x),0.5599022004889975,income,3437
Mexican American,0.465,race,3438
Non-Hispanic Asian,0.2839506172839506,race,3438
Non-Hispanic Black,0.5891472868217055,race,3438
Non-Hispanic White,0.5584415584415584,race,3438
Other Hispanic,0.5704225352112676,race,3438
Other Race - Including Multi-Racial,0.5555555555555556,race,3438
Above 4x poverty line,0.33793103448275863,income,3438
Below poverty line,0.6132930513595166,income,3438
Middle (2-4x),0.47392290249433106,income,3438
Near poverty (1-2x),0.6120218579234973,income,3438
Mexican American,0.39,race,3439
Non-Hispanic Asian,0.345679012345679,race,3439
Non-Hispanic Black,0.5930232558139535,race,3439
Non-Hispanic White,0.5417439703153989,race,3439
Other Hispanic,0.5774647887323944,race,3439
Other Race - Including Multi-Racial,0.4444444444444444,race,3439
Above 4x poverty line,0.34705882352941175,income,3439
Below poverty line,0.6073619631901841,income,3439
Middle (2-4x),0.4481012658227848,income,3439
Near poverty (1-2x),0.5790816326530612,income,3439
Mexican American,0.455,race,3440
Non-Hispanic Asian,0.2839506172839506,race,3440
Non-Hispanic Black,0.5232558139534884,race,3440
Non-Hispanic White,0.5677179962894249,race,3440
Other Hispanic,0.5352112676056338,race,3440
Other Race - Including Multi-Racial,0.5873015873015873,race,3440
Above 4x poverty line,0.30409356725146197,income,3440
Below poverty line,0.5925925925925926,income,3440
Middle (2-4x),0.4760705289672544,income,3440
Near poverty (1-2x),0.6010230179028133,income,3440
Mexican American,0.345,race,3441
Non-Hispanic Asian,0.24691358024691357,race,3441
Non-Hispanic Black,0.5581395348837209,race,3441
Non-Hispanic White,0.5714285714285714,race,3441
Other Hispanic,0.5563380281690141,race,3441
Other Race - Including Multi-Racial,0.47619047619047616,race,3441
Above 4x poverty line,0.3468208092485549,income,3441
Below poverty line,0.5925925925925926,income,3441
Middle (2-4x),0.4909090909090909,income,3441
Near poverty (1-2x),0.516042780748663,income,3441
Mexican American,0.475,race,3442
Non-Hispanic Asian,0.32098765432098764,race,3442
Non-Hispanic Black,0.5736434108527132,race,3442
Non-Hispanic White,0.5732838589981447,race,3442
Other Hispanic,0.6267605633802817,race,3442
Other Race - Including Multi-Racial,0.49206349206349204,race,3442
Above 4x poverty line,0.391304347826087,income,3442
Below poverty line,0.599406528189911,income,3442
Middle (2-4x),0.5050251256281407,income,3442
Near poverty (1-2x),0.599483204134367,income,3442
Mexican American,0.38,race,3443
Non-Hispanic Asian,0.41975308641975306,race,3443
Non-Hispanic Black,0.5116279069767442,race,3443
Non-Hispanic White,0.5380333951762524,race,3443
Other Hispanic,0.6126760563380281,race,3443
Other Race - Including Multi-Racial,0.5396825396825397,race,3443
Above 4x poverty line,0.3352941176470588,income,3443
Below poverty line,0.5746478873239437,income,3443
Middle (2-4x),0.4868421052631579,income,3443
Near poverty (1-2x),0.5476190476190477,income,3443
Mexican American,0.46,race,3444
Non-Hispanic Asian,0.32098765432098764,race,3444
Non-Hispanic Black,0.5813953488372093,race,3444
Non-Hispanic White,0.5435992578849722,race,3444
Other Hispanic,0.528169014084507,race,3444
Other Race - Including Multi-Racial,0.4603174603174603,race,3444
Above 4x poverty line,0.38311688311688313,income,3444
Below poverty line,0.6060606060606061,income,3444
Middle (2-4x),0.458628841607565,income,3444
Near poverty (1-2x),0.5638297872340425,income,3444
Mexican American,0.44,race,3445
Non-Hispanic Asian,0.2962962962962963,race,3445
Non-Hispanic Black,0.5658914728682171,race,3445
Non-Hispanic White,0.5287569573283859,race,3445
Other Hispanic,0.5070422535211268,race,3445
Other Race - Including Multi-Racial,0.5238095238095238,race,3445
Above 4x poverty line,0.325,income,3445
Below poverty line,0.5752212389380531,income,3445
Middle (2-4x),0.4948186528497409,income,3445
Near poverty (1-2x),0.5276381909547738,income,3445
Mexican American,0.415,race,3446
Non-Hispanic Asian,0.3333333333333333,race,3446
Non-Hispanic Black,0.5736434108527132,race,3446
Non-Hispanic White,0.5528756957328386,race,3446
Other Hispanic,0.4647887323943662,race,3446
Other Race - Including Multi-Racial,0.47619047619047616,race,3446
Above 4x poverty line,0.3841059602649007,income,3446
Below poverty line,0.5981873111782477,income,3446
Middle (2-4x),0.4556354916067146,income,3446
Near poverty (1-2x),0.5364583333333334,income,3446
Mexican American,0.425,race,3447
Non-Hispanic Asian,0.345679012345679,race,3447
Non-Hispanic Black,0.5465116279069767,race,3447
Non-Hispanic White,0.5306122448979592,race,3447
Other Hispanic,0.5,race,3447
Other Race - Including Multi-Racial,0.5396825396825397,race,3447
Above 4x poverty line,0.3082706766917293,income,3447
Below poverty line,0.6,income,3447
Middle (2-4x),0.4525,income,3447
Near poverty (1-2x),0.5325,income,3447
Mexican American,0.44,race,3448
Non-Hispanic Asian,0.30864197530864196,race,3448
Non-Hispanic Black,0.5736434108527132,race,3448
Non-Hispanic White,0.5343228200371057,race,3448
Other Hispanic,0.5704225352112676,race,3448
Other Race - Including Multi-Racial,0.4603174603174603,race,3448
Above 4x poverty line,0.2839506172839506,income,3448
Below poverty line,0.6086956521739131,income,3448
Middle (2-4x),0.4671916010498688,income,3448
Near poverty (1-2x),0.5672043010752689,income,3448
Mexican American,0.465,race,3449
Non-Hispanic Asian,0.3333333333333333,race,3449
Non-Hispanic Black,0.5581395348837209,race,3449
Non-Hispanic White,0.5213358070500927,race,3449
Other Hispanic,0.49295774647887325,race,3449
Other Race - Including Multi-Racial,0.5555555555555556,race,3449
Above 4x poverty line,0.3393939393939394,income,3449
Below poverty line,0.5710306406685237,income,3449
Middle (2-4x),0.4713541666666667,income,3449
Near poverty (1-2x),0.5546666666666666,income,3449
Mexican American,0.435,race,3450
Non-Hispanic Asian,0.38271604938271603,race,3450
Non-Hispanic Black,0.5968992248062015,race,3450
Non-Hispanic White,0.5435992578849722,race,3450
Other Hispanic,0.5070422535211268,race,3450
Other Race - Including Multi-Racial,0.5238095238095238,race,3450
Above 4x poverty line,0.3803680981595092,income,3450
Below poverty line,0.6034985422740525,income,3450
Middle (2-4x),0.48854961832061067,income,3450
Near poverty (1-2x),0.5442708333333334,income,3450
Mexican American,0.42,race,3451
Non-Hispanic Asian,0.32098765432098764,race,3451
Non-Hispanic Black,0.6007751937984496,race,3451
Non-Hispanic White,0.5269016697588126,race,3451
Other Hispanic,0.49295774647887325,race,3451
Other Race - Including Multi-Racial,0.42857142857142855,race,3451
Above 4x poverty line,0.35625,income,3451
Below poverty line,0.5764705882352941,income,3451
Middle (2-4x),0.44935064935064933,income,3451
Near poverty (1-2x),0.5527638190954773,income,3451
Mexican American,0.505,race,3452
Non-Hispanic Asian,0.35802469135802467,race,3452
Non-Hispanic Black,0.5775193798449613,race,3452
Non-Hispanic White,0.5677179962894249,race,3452
Other Hispanic,0.5492957746478874,race,3452
Other Race - Including Multi-Racial,0.47619047619047616,race,3452
Above 4x poverty line,0.36645962732919257,income,3452
Below poverty line,0.627906976744186,income,3452
Middle (2-4x),0.48556430446194226,income,3452
Near poverty (1-2x),0.5869017632241813,income,3452
Mexican American,0.475,race,3453
Non-Hispanic Asian,0.2962962962962963,race,3453
Non-Hispanic Black,0.5310077519379846,race,3453
Non-Hispanic White,0.5547309833024119,race,3453
Other Hispanic,0.5845070422535211,race,3453
Other Race - Including Multi-Racial,0.5873015873015873,race,3453
Above 4x poverty line,0.39759036144578314,income,3453
Below poverty line,0.5457317073170732,income,3453
Middle (2-4x),0.5,income,3453
Near poverty (1-2x),0.5889724310776943,income,3453
Mexican American,0.475,race,3454
Non-Hispanic Asian,0.37037037037037035,race,3454
Non-Hispanic Black,0.5930232558139535,race,3454
Non-Hispanic White,0.5528756957328386,race,3454
Other Hispanic,0.4859154929577465,race,3454
Other Race - Including Multi-Racial,0.4603174603174603,race,3454
Above 4x poverty line,0.41317365269461076,income,3454
Below poverty line,0.5791044776119403,income,3454
Middle (2-4x),0.4775,income,3454
Near poverty (1-2x),0.5774278215223098,income,3454
Mexican American,0.465,race,3455
Non-Hispanic Asian,0.345679012345679,race,3455
Non-Hispanic Black,0.5658914728682171,race,3455
Non-Hispanic White,0.5380333951762524,race,3455
Other Hispanic,0.5211267605633803,race,3455
Other Race - Including Multi-Racial,0.5079365079365079,race,3455
Above 4x poverty line,0.3202614379084967,income,3455
Below poverty line,0.584,income,3455
Middle (2-4x),0.4743935309973046,income,3455
Near poverty (1-2x),0.5703125,income,3455
Mexican American,0.45,race,3456
Non-Hispanic Asian,0.35802469135802467,race,3456
Non-Hispanic Black,0.5736434108527132,race,3456
Non-Hispanic White,0.5417439703153989,race,3456
Other Hispanic,0.5352112676056338,race,3456
Other Race - Including Multi-Racial,0.5079365079365079,race,3456
Above 4x poverty line,0.36470588235294116,income,3456
Below poverty line,0.6352583586626139,income,3456
Middle (2-4x),0.4879807692307692,income,3456
Near poverty (1-2x),0.5244565217391305,income,3456
Mexican American,0.435,race,3457
Non-Hispanic Asian,0.35802469135802467,race,3457
Non-Hispanic Black,0.5465116279069767,race,3457
Non-Hispanic White,0.5417439703153989,race,3457
Other Hispanic,0.45774647887323944,race,3457
Other Race - Including Multi-Racial,0.5079365079365079,race,3457
Above 4x poverty line,0.3081761006289308,income,3457
Below poverty line,0.5524861878453039,income,3457
Middle (2-4x),0.4781491002570694,income,3457
Near poverty (1-2x),0.5656836461126006,income,3457
Mexican American,0.445,race,3458
Non-Hispanic Asian,0.48148148148148145,race,3458
Non-Hispanic Black,0.5232558139534884,race,3458
Non-Hispanic White,0.5695732838589982,race,3458
Other Hispanic,0.5492957746478874,race,3458
Other Race - Including Multi-Racial,0.5873015873015873,race,3458
Above 4x poverty line,0.3939393939393939,income,3458
Below poverty line,0.6207865168539326,income,3458
Middle (2-4x),0.4779220779220779,income,3458
Near poverty (1-2x),0.5560975609756098,income,3458
Mexican American,0.485,race,3459
Non-Hispanic Asian,0.3950617283950617,race,3459
Non-Hispanic Black,0.5387596899224806,race,3459
Non-Hispanic White,0.5269016697588126,race,3459
Other Hispanic,0.47183098591549294,race,3459
Other Race - Including Multi-Racial,0.5238095238095238,race,3459
Above 4x poverty line,0.31875,income,3459
Below poverty line,0.5902578796561605,income,3459
Middle (2-4x),0.48009950248756217,income,3459
Near poverty (1-2x),0.543010752688172,income,3459
Mexican American,0.445,race,3460
Non-Hispanic Asian,0.30864197530864196,race,3460
Non-Hispanic Black,0.5581395348837209,race,3460
Non-Hispanic White,0.549165120593692,race,3460
Other Hispanic,0.5070422535211268,race,3460
Other Race - Including Multi-Racial,0.5238095238095238,race,3460
Above 4x poverty line,0.345679012345679,income,3460
Below poverty line,0.5764075067024129,income,3460
Middle (2-4x),0.4932249322493225,income,3460
Near poverty (1-2x),0.5435356200527705,income,3460
Mexican American,0.485,race,3461
Non-Hispanic Asian,0.3950617283950617,race,3461
Non-Hispanic Black,0.5,race,3461
Non-Hispanic White,0.5528756957328386,race,3461
Other Hispanic,0.528169014084507,race,3461
Other Race - Including Multi-Racial,0.6507936507936508,race,3461
Above 4x poverty line,0.37572254335260113,income,3461
Below poverty line,0.6568364611260054,income,3461
Middle (2-4x),0.45135135135135135,income,3461
Near poverty (1-2x),0.5313351498637602,income,3461
Mexican American,0.445,race,3462
Non-Hispanic Asian,0.345679012345679,race,3462
Non-Hispanic Black,0.5348837209302325,race,3462
Non-Hispanic White,0.5417439703153989,race,3462
Other Hispanic,0.528169014084507,race,3462
Other Race - Including Multi-Racial,0.5555555555555556,race,3462
Above 4x poverty line,0.3157894736842105,income,3462
Below poverty line,0.5823863636363636,income,3462
Middle (2-4x),0.4786096256684492,income,3462
Near poverty (1-2x),0.5673575129533679,income,3462
Mexican American,0.475,race,3463
Non-Hispanic Asian,0.35802469135802467,race,3463
Non-Hispanic Black,0.5193798449612403,race,3463
Non-Hispanic White,0.5528756957328386,race,3463
Other Hispanic,0.5070422535211268,race,3463
Other Race - Including Multi-Racial,0.5079365079365079,race,3463
Above 4x poverty line,0.3525641025641026,income,3463
Below poverty line,0.5611111111111111,income,3463
Middle (2-4x),0.49363867684478374,income,3463
Near poverty (1-2x),0.5588235294117647,income,3463
Mexican American,0.415,race,3464
Non-Hispanic Asian,0.35802469135802467,race,3464
Non-Hispanic Black,0.5697674418604651,race,3464
Non-Hispanic White,0.5547309833024119,race,3464
Other Hispanic,0.4859154929577465,race,3464
Other Race - Including Multi-Racial,0.5714285714285714,race,3464
Above 4x poverty line,0.3096774193548387,income,3464
Below poverty line,0.5604395604395604,income,3464
Middle (2-4x),0.5038759689922481,income,3464
Near poverty (1-2x),0.5729442970822282,income,3464
Mexican American,0.435,race,3465
Non-Hispanic Asian,0.2962962962962963,race,3465
Non-Hispanic Black,0.5193798449612403,race,3465
Non-Hispanic White,0.549165120593692,race,3465
Other Hispanic,0.5704225352112676,race,3465
Other Race - Including Multi-Racial,0.42857142857142855,race,3465
Above 4x poverty line,0.37575757575757573,income,3465
Below poverty line,0.584070796460177,income,3465
Middle (2-4x),0.4641975308641975,income,3465
Near poverty (1-2x),0.5374331550802139,income,3465
Mexican American,0.42,race,3466
Non-Hispanic Asian,0.32098765432098764,race,3466
Non-Hispanic Black,0.6007751937984496,race,3466
Non-Hispanic White,0.5250463821892394,race,3466
Other Hispanic,0.5915492957746479,race,3466
Other Race - Including Multi-Racial,0.5396825396825397,race,3466
Above 4x poverty line,0.3356164383561644,income,3466
Below poverty line,0.57636887608069165,income,3466
Middle (2-4x),0.49257425742574257,income,3466
Near poverty (1-2x),0.56476683937823835,income,3466
Mexican American,0.425,race,3467
Non-Hispanic Asian,0.2962962962962963,race,3467
Non-Hispanic Black,0.5348837209302325,race,3467
Non-Hispanic White,0.5454545454545454,race,3467
Other Hispanic,0.45774647887323944,race,3467
Other Race - Including Multi-Racial,0.49206349206349204,race,3467
Above 4x poverty line,0.36054421768707484,income,3467
Below poverty line,0.5416666666666666,income,3467
Middle (2-4x),0.4475703324808184,income,3467
Near poverty (1-2x),0.5558441558441558,income,3467
Mexican American,0.445,race,3468
Non-Hispanic Asian,0.38271604938271603,race,3468
Non-Hispanic Black,0.5232558139534884,race,3468
Non-Hispanic White,0.5584415584415584,race,3468
Other Hispanic,0.5915492957746479,race,3468
Other Race - Including Multi-Racial,0.49206349206349204,race,3468
Above 4x poverty line,0.3413173652694611,income,3468
Below poverty line,0.5915915915915916,income,3468
Middle (2-4x),0.4675,income,3468
Near poverty (1-2x),0.6005221932114883,income,3468
Mexican American,0.45,race,3469
Non-Hispanic Asian,0.3333333333333333,race,3469
Non-Hispanic Black,0.5348837209302325,race,3469
Non-Hispanic White,0.5176252319109462,race,3469
Other Hispanic,0.5140845070422535,race,3469
Other Race - Including Multi-Racial,0.49206349206349204,race,3469
Above 4x poverty line,0.32,income,3469
Below poverty line,0.56657223796034,income,3469
Middle (2-4x),0.45707070707070707,income,3469
Near poverty (1-2x),0.5442708333333334,income,3469
Mexican American,0.485,race,3470
Non-Hispanic Asian,0.38271604938271603,race,3470
Non-Hispanic Black,0.5465116279069767,race,3470
Non-Hispanic White,0.5677179962894249,race,3470
Other Hispanic,0.47183098591549294,race,3470
Other Race - Including Multi-Racial,0.5714285714285714,race,3470
Above 4x poverty line,0.36809815950920244,income,3470
Below poverty line,0.611731843575419,income,3470
Middle (2-4x),0.4791666666666667,income,3470
Near poverty (1-2x),0.5687830687830688,income,3470
Mexican American,0.435,race,3471
Non-Hispanic Asian,0.30864197530864196,race,3471
Non-Hispanic Black,0.5852713178294574,race,3471
Non-Hispanic White,0.5565862708719852,race,3471
Other Hispanic,0.5,race,3471
Other Race - Including Multi-Racial,0.6507936507936508,race,3471
Above 4x poverty line,0.302158273381295,income,3471
Below poverty line,0.6021798365122616,income,3471
Middle (2-4x),0.48091603053435117,income,3471
Near poverty (1-2x),0.5807291666666666,income,3471
Mexican American,0.415,race,3472
Non-Hispanic Asian,0.3333333333333333,race,3472
Non-Hispanic Black,0.5426356589147286,race,3472
Non-Hispanic White,0.5454545454545454,race,3472
Other Hispanic,0.49295774647887325,race,3472
Other Race - Including Multi-Racial,0.5238095238095238,race,3472
Above 4x poverty line,0.37254901960784315,income,3472
Below poverty line,0.5574712643678161,income,3472
Middle (2-4x),0.4900497512437811,income,3472
Near poverty (1-2x),0.5236842105263158,income,3472
Mexican American,0.415,race,3473
Non-Hispanic Asian,0.37037037037037035,race,3473
Non-Hispanic Black,0.5193798449612403,race,3473
Non-Hispanic White,0.5250463821892394,race,3473
Other Hispanic,0.5211267605633803,race,3473
Other Race - Including Multi-Racial,0.4603174603174603,race,3473
Above 4x poverty line,0.30625,income,3473
Below poverty line,0.5619335347432024,income,3473
Middle (2-4x),0.4213197969543147,income,3473
Near poverty (1-2x),0.5829145728643216,income,3473
Mexican American,0.405,race,3474
Non-Hispanic Asian,0.30864197530864196,race,3474
Non-Hispanic Black,0.5697674418604651,race,3474
Non-Hispanic White,0.5454545454545454,race,3474
Other Hispanic,0.6126760563380281,race,3474
Other Race - Including Multi-Racial,0.5555555555555556,race,3474
Above 4x poverty line,0.41830065359477125,income,3474
Below poverty line,0.5933147632311978,income,3474
Middle (2-4x),0.4547677261613692,income,3474
Near poverty (1-2x),0.569060773480663,income,3474
Mexican American,0.41,race,3475
Non-Hispanic Asian,0.2716049382716049,race,3475
Non-Hispanic Black,0.5581395348837209,race,3475
Non-Hispanic White,0.5417439703153989,race,3475
Other Hispanic,0.5915492957746479,race,3475
Other Race - Including Multi-Racial,0.5079365079365079,race,3475
Above 4x poverty line,0.3618421052631579,income,3475
Below poverty line,0.6222826086956522,income,3475
Middle (2-4x),0.4535809018567639,income,3475
Near poverty (1-2x),0.5207253886010362,income,3475
Mexican American,0.46,race,3476
Non-Hispanic Asian,0.32098765432098764,race,3476
Non-Hispanic Black,0.5387596899224806,race,3476
Non-Hispanic White,0.5213358070500927,race,3476
Other Hispanic,0.5211267605633803,race,3476
Other Race - Including Multi-Racial,0.5238095238095238,race,3476
Above 4x poverty line,0.3333333333333333,income,3476
Below poverty line,0.5793871866295265,income,3476
Middle (2-4x),0.4689119170984456,income,3476
Near poverty (1-2x),0.5309278350515464,income,3476
Mexican American,0.425,race,3477
Non-Hispanic Asian,0.3333333333333333,race,3477
Non-Hispanic Black,0.5,race,3477
Non-Hispanic White,0.5250463821892394,race,3477
Other Hispanic,0.5774647887323944,race,3477
Other Race - Including Multi-Racial,0.5555555555555556,race,3477
Above 4x poverty line,0.2606060606060606,income,3477
Below poverty line,0.5742857142857143,income,3477
Middle (2-4x),0.4770408163265306,income,3477
Near poverty (1-2x),0.5585106382978723,income,3477
Mexican American,0.445,race,3478
Non-Hispanic Asian,0.2839506172839506,race,3478
Non-Hispanic Black,0.5930232558139535,race,3478
Non-Hispanic White,0.5306122448979592,race,3478
Other Hispanic,0.5140845070422535,race,3478
Other Race - Including Multi-Racial,0.5714285714285714,race,3478
Above 4x poverty line,0.30201342281879195,income,3478
Below poverty line,0.5944444444444444,income,3478
Middle (2-4x),0.44711538461538464,income,3478
Near poverty (1-2x),0.6005586592178771,income,3478
Mexican American,0.435,race,3479
Non-Hispanic Asian,0.30864197530864196,race,3479
Non-Hispanic Black,0.5542635658914729,race,3479
Non-Hispanic White,0.5677179962894249,race,3479
Other Hispanic,0.5492957746478874,race,3479
Other Race - Including Multi-Racial,0.6031746031746031,race,3479
Above 4x poverty line,0.35802469135802467,income,3479
Below poverty line,0.5649717514124294,income,3479
Middle (2-4x),0.5,income,3479
Near poverty (1-2x),0.5951742627345844,income,3479
Mexican American,0.435,race,3480
Non-Hispanic Asian,0.3333333333333333,race,3480
Non-Hispanic Black,0.562015503875969,race,3480
Non-Hispanic White,0.5250463821892394,race,3480
Other Hispanic,0.47183098591549294,race,3480
Other Race - Including Multi-Racial,0.5238095238095238,race,3480
Above 4x poverty line,0.3333333333333333,income,3480
Below poverty line,0.5787965616045845,income,3480
Middle (2-4x),0.4533333333333333,income,3480
Near poverty (1-2x),0.5594594594594594,income,3480
Mexican American,0.415,race,3481
Non-Hispanic Asian,0.345679012345679,race,3481
Non-Hispanic Black,0.5271317829457365,race,3481
Non-Hispanic White,0.5528756957328386,race,3481
Other Hispanic,0.5211267605633803,race,3481
Other Race - Including Multi-Racial,0.5714285714285714,race,3481
Above 4x poverty line,0.29559748427672955,income,3481
Below poverty line,0.6239554317548747,income,3481
Middle (2-4x),0.46113989637305697,income,3481
Near poverty (1-2x),0.5435356200527705,income,3481
Mexican American,0.41,race,3482
Non-Hispanic Asian,0.32098765432098764,race,3482
Non-Hispanic Black,0.5348837209302325,race,3482
Non-Hispanic White,0.536178107606679,race,3482
Other Hispanic,0.5211267605633803,race,3482
Other Race - Including Multi-Racial,0.5555555555555556,race,3482
Above 4x poverty line,0.33548387096774196,income,3482
Below poverty line,0.6071428571428571,income,3482
Middle (2-4x),0.44472361809045224,income,3482
Near poverty (1-2x),0.5300546448087432,income,3482
Mexican American,0.415,race,3483
Non-Hispanic Asian,0.30864197530864196,race,3483
Non-Hispanic Black,0.5155038759689923,race,3483
Non-Hispanic White,0.5565862708719852,race,3483
Other Hispanic,0.5211267605633803,race,3483
Other Race - Including Multi-Racial,0.5238095238095238,race,3483
Above 4x poverty line,0.4251497005988024,income,3483
Below poverty line,0.5649546827794562,income,3483
Middle (2-4x),0.4365482233502538,income,3483
Near poverty (1-2x),0.5575447570332481,income,3483
Mexican American,0.42,race,3484
Non-Hispanic Asian,0.345679012345679,race,3484
Non-Hispanic Black,0.5387596899224806,race,3484
Non-Hispanic White,0.5473098330241187,race,3484
Other Hispanic,0.4859154929577465,race,3484
Other Race - Including Multi-Racial,0.5873015873015873,race,3484
Above 4x poverty line,0.30714285714285716,income,3484
Below poverty line,0.6104972375690608,income,3484
Middle (2-4x),0.45121951219512196,income,3484
Near poverty (1-2x),0.5471698113207547,income,3484
Mexican American,0.44,race,3485
Non-Hispanic Asian,0.3950617283950617,race,3485
Non-Hispanic Black,0.5271317829457365,race,3485
Non-Hispanic White,0.5417439703153989,race,3485
Other Hispanic,0.5352112676056338,race,3485
Other Race - Including Multi-Racial,0.5079365079365079,race,3485
Above 4x poverty line,0.3103448275862069,income,3485
Below poverty line,0.5966386554621849,income,3485
Middle (2-4x),0.48091603053435117,income,3485
Near poverty (1-2x),0.538659793814433,income,3485
Mexican American,0.475,race,3486
Non-Hispanic Asian,0.2839506172839506,race,3486
Non-Hispanic Black,0.5387596899224806,race,3486
Non-Hispanic White,0.536178107606679,race,3486
Other Hispanic,0.49295774647887325,race,3486
Other Race - Including Multi-Racial,0.5873015873015873,race,3486
Above 4x poverty line,0.3313253012048193,income,3486
Below poverty line,0.5744047619047619,income,3486
Middle (2-4x),0.508641975308642,income,3486
Near poverty (1-2x),0.5292553191489362,income,3486
Mexican American,0.56,race,3487
Non-Hispanic Asian,0.37037037037037035,race,3487
Non-Hispanic Black,0.5077519379844961,race,3487
Non-Hispanic White,0.5250463821892394,race,3487
Other Hispanic,0.5704225352112676,race,3487
Other Race - Including Multi-Racial,0.6031746031746031,race,3487
Above 4x poverty line,0.33783783783783783,income,3487
Below poverty line,0.5823529411764706,income,3487
Middle (2-4x),0.4859335038363171,income,3487
Near poverty (1-2x),0.5866336633663366,income,3487
Mexican American,0.41,race,3488
Non-Hispanic Asian,0.2839506172839506,race,3488
Non-Hispanic Black,0.5891472868217055,race,3488
Non-Hispanic White,0.5398886827458256,race,3488
Other Hispanic,0.5633802816901409,race,3488
Other Race - Including Multi-Racial,0.5714285714285714,race,3488
Above 4x poverty line,0.3333333333333333,income,3488
Below poverty line,0.6076696165191741,income,3488
Middle (2-4x),0.4936708860759494,income,3488
Near poverty (1-2x),0.5323383084577115,income,3488
Mexican American,0.48,race,3489
Non-Hispanic Asian,0.4444444444444444,race,3489
Non-Hispanic Black,0.5077519379844961,race,3489
Non-Hispanic White,0.5064935064935064,race,3489
Other Hispanic,0.528169014084507,race,3489
Other Race - Including Multi-Racial,0.6349206349206349,race,3489
Above 4x poverty line,0.3179190751445087,income,3489
Below poverty line,0.603448275862069,income,3489
Middle (2-4x),0.4665071770334928,income,3489
Near poverty (1-2x),0.5552325581395349,income,3489
Mexican American,0.455,race,3490
Non-Hispanic Asian,0.32098765432098764,race,3490
Non-Hispanic Black,0.5465116279069767,race,3490
Non-Hispanic White,0.5027829313543599,race,3490
Other Hispanic,0.49295774647887325,race,3490
Other Race - Including Multi-Racial,0.6825396825396826,race,3490
Above 4x poverty line,0.2929936305732484,income,3490
Below poverty line,0.5942857142857143,income,3490
Middle (2-4x),0.47342995169082125,income,3490
Near poverty (1-2x),0.5303867403314917,income,3490
Mexican American,0.485,race,3491
Non-Hispanic Asian,0.30864197530864196,race,3491
Non-Hispanic Black,0.5775193798449613,race,3491
Non-Hispanic White,0.5343228200371057,race,3491
Other Hispanic,0.5845070422535211,race,3491
Other Race - Including Multi-Racial,0.47619047619047616,race,3491
Above 4x poverty line,0.33121019108280253,income,3491
Below poverty line,0.5957446808510638,income,3491
Middle (2-4x),0.5133689839572193,income,3491
Near poverty (1-2x),0.5484633569739953,income,3491
Mexican American,0.495,race,3492
Non-Hispanic Asian,0.30864197530864196,race,3492
Non-Hispanic Black,0.5348837209302325,race,3492
Non-Hispanic White,0.562152133580705,race,3492
Other Hispanic,0.47183098591549294,race,3492
Other Race - Including Multi-Racial,0.5396825396825397,race,3492
Above 4x poverty line,0.30952380952380953,income,3492
Below poverty line,0.5683890577507599,income,3492
Middle (2-4x),0.5164556962025316,income,3492
Near poverty (1-2x),0.5703324808184144,income,3492
Mexican American,0.445,race,3493
Non-Hispanic Asian,0.345679012345679,race,3493
Non-Hispanic Black,0.5503875968992248,race,3493
Non-Hispanic White,0.5343228200371057,race,3493
Other Hispanic,0.5633802816901409,race,3493
Other Race - Including Multi-Racial,0.5873015873015873,race,3493
Above 4x poverty line,0.3,income,3493
Below poverty line,0.5706214689265536,income,3493
Middle (2-4x),0.49870801033591733,income,3493
Near poverty (1-2x),0.5785340314136126,income,3493
Mexican American,0.49,race,3494
Non-Hispanic Asian,0.3333333333333333,race,3494
Non-Hispanic Black,0.627906976744186,race,3494
Non-Hispanic White,0.5640074211502782,race,3494
Other Hispanic,0.5915492957746479,race,3494
Other Race - Including Multi-Racial,0.42857142857142855,race,3494
Above 4x poverty line,0.37988826815642457,income,3494
Below poverty line,0.6264367816091954,income,3494
Middle (2-4x),0.5038560411311054,income,3494
Near poverty (1-2x),0.5994550408719346,income,3494
Mexican American,0.45,race,3495
Non-Hispanic Asian,0.2716049382716049,race,3495
Non-Hispanic Black,0.5503875968992248,race,3495
Non-Hispanic White,0.5269016697588126,race,3495
Other Hispanic,0.5774647887323944,race,3495
Other Race - Including Multi-Racial,0.5238095238095238,race,3495
Above 4x poverty line,0.33136094674556216,income,3495
Below poverty line,0.6104651162790697,income,3495
Middle (2-4x),0.46055979643765904,income,3495
Near poverty (1-2x),0.5464190981432361,income,3495
Mexican American,0.415,race,3496
Non-Hispanic Asian,0.2716049382716049,race,3496
Non-Hispanic Black,0.5658914728682171,race,3496
Non-Hispanic White,0.5194805194805194,race,3496
Other Hispanic,0.5915492957746479,race,3496
Other Race - Including Multi-Racial,0.4603174603174603,race,3496
Above 4x poverty line,0.3170731707317073,income,3496
Below poverty line,0.6077844311377245,income,3496
Middle (2-4x),0.45734597156398105,income,3496
Near poverty (1-2x),0.5399449035812672,income,3496
Mexican American,0.43,race,3497
Non-Hispanic Asian,0.37037037037037035,race,3497
Non-Hispanic Black,0.5155038759689923,race,3497
Non-Hispanic White,0.5213358070500927,race,3497
Other Hispanic,0.528169014084507,race,3497
Other Race - Including Multi-Racial,0.5396825396825397,race,3497
Above 4x poverty line,0.32298136645962733,income,3497
Below poverty line,0.6088235294117647,income,3497
Middle (2-4x),0.441747572815534,income,3497
Near poverty (1-2x),0.5351351351351351,income,3497
Mexican American,0.455,race,3498
Non-Hispanic Asian,0.345679012345679,race,3498
Non-Hispanic Black,0.5503875968992248,race,3498
Non-Hispanic White,0.5213358070500927,race,3498
Other Hispanic,0.4788732394366197,race,3498
Other Race - Including Multi-Racial,0.6349206349206349,race,3498
Above 4x poverty line,0.3370165745856354,income,3498
Below poverty line,0.5882352941176471,income,3498
Middle (2-4x),0.43967828418230565,income,3498
Near poverty (1-2x),0.5779569892473119,income,3498
Mexican American,0.5,race,3499
Non-Hispanic Asian,0.32098765432098764,race,3499
Non-Hispanic Black,0.5271317829457365,race,3499
Non-Hispanic White,0.5064935064935064,race,3499
Other Hispanic,0.5492957746478874,race,3499
Other Race - Including Multi-Racial,0.5555555555555556,race,3499
Above 4x poverty line,0.30177514792899407,income,3499
Below poverty line,0.5748502994011976,income,3499
Middle (2-4x),0.49874686716791977,income,3499
Near poverty (1-2x),0.5406824146981627,income,3499
Mexican American,0.43,race,3500
Non-Hispanic Asian,0.4074074074074074,race,3500
Non-Hispanic Black,0.4883720930232558,race,3500
Non-Hispanic White,0.5844155844155844,race,3500
Other Hispanic,0.528169014084507,race,3500
Other Race - Including Multi-Racial,0.5238095238095238,race,3500
Above 4x poverty line,0.3559322033898305,income,3500
Below poverty line,0.5914285714285714,income,3500
Middle (2-4x),0.49206349206349204,income,3500
Near poverty (1-2x),0.5608465608465608,income,3500
Mexican American,0.46,race,3501
Non-Hispanic Asian,0.32098765432098764,race,3501
Non-Hispanic Black,0.5116279069767442,race,3501
Non-Hispanic White,0.5287569573283859,race,3501
Other Hispanic,0.5070422535211268,race,3501
Other Race - Including Multi-Racial,0.6349206349206349,race,3501
Above 4x poverty line,0.3167701863354037,income,3501
Below poverty line,0.584958217270195,income,3501
Middle (2-4x),0.4816753926701571,income,3501
Near poverty (1-2x),0.5301837270341208,income,3501
Mexican American,0.425,race,3502
Non-Hispanic Asian,0.3333333333333333,race,3502
Non-Hispanic Black,0.5155038759689923,race,3502
Non-Hispanic White,0.5695732838589982,race,3502
Other Hispanic,0.5704225352112676,race,3502
Other Race - Including Multi-Racial,0.5396825396825397,race,3502
Above 4x poverty line,0.35802469135802467,income,3502
Below poverty line,0.6556473829201102,income,3502
Middle (2-4x),0.46070460704607047,income,3502
Near poverty (1-2x),0.5167095115681234,income,3502
Mexican American,0.485,race,3503
Non-Hispanic Asian,0.345679012345679,race,3503
Non-Hispanic Black,0.5930232558139535,race,3503
Non-Hispanic White,0.536178107606679,race,3503
Other Hispanic,0.5352112676056338,race,3503
Other Race - Including Multi-Racial,0.5873015873015873,race,3503
Above 4x poverty line,0.3586206896551724,income,3503
Below poverty line,0.6382978723404256,income,3503
Middle (2-4x),0.4839572192513369,income,3503
Near poverty (1-2x),0.5335051546391752,income,3503
Mexican American,0.44,race,3504
Non-Hispanic Asian,0.32098765432098764,race,3504
Non-Hispanic Black,0.562015503875969,race,3504
Non-Hispanic White,0.5658627087198516,race,3504
Other Hispanic,0.5563380281690141,race,3504
Other Race - Including Multi-Racial,0.5079365079365079,race,3504
Above 4x poverty line,0.37254901960784315,income,3504
Below poverty line,0.579088471849866,income,3504
Middle (2-4x),0.4910025706940874,income,3504
Near poverty (1-2x),0.5733695652173914,income,3504
Mexican American,0.45,race,3505
Non-Hispanic Asian,0.4074074074074074,race,3505
Non-Hispanic Black,0.5116279069767442,race,3505
Non-Hispanic White,0.5769944341372912,race,3505
Other Hispanic,0.5422535211267606,race,3505
Other Race - Including Multi-Racial,0.5079365079365079,race,3505
Above 4x poverty line,0.2919254658385093,income,3505
Below poverty line,0.6308139534883721,income,3505
Middle (2-4x),0.48293963254593175,income,3505
Near poverty (1-2x),0.5717884130982368,income,3505
Mexican American,0.5,race,3506
Non-Hispanic Asian,0.2962962962962963,race,3506
Non-Hispanic Black,0.5813953488372093,race,3506
Non-Hispanic White,0.5194805194805194,race,3506
Other Hispanic,0.5633802816901409,race,3506
Other Race - Including Multi-Racial,0.5238095238095238,race,3506
Above 4x poverty line,0.3273809523809524,income,3506
Below poverty line,0.616519174041298,income,3506
Middle (2-4x),0.4875,income,3506
Near poverty (1-2x),0.5531914893617021,income,3506
Mexican American,0.455,race,3507
Non-Hispanic Asian,0.30864197530864196,race,3507
Non-Hispanic Black,0.6007751937984496,race,3507
Non-Hispanic White,0.5231910946196661,race,3507
Other Hispanic,0.5352112676056338,race,3507
Other Race - Including Multi-Racial,0.6507936507936508,race,3507
Above 4x poverty line,0.32,income,3507
Below poverty line,0.573134328358209,income,3507
Middle (2-4x),0.4881516587677725,income,3507
Near poverty (1-2x),0.5957446808510638,income,3507
Mexican American,0.455,race,3508
Non-Hispanic Asian,0.37037037037037035,race,3508
Non-Hispanic Black,0.5581395348837209,race,3508
Non-Hispanic White,0.5287569573283859,race,3508
Other Hispanic,0.5704225352112676,race,3508
Other Race - Including Multi-Racial,0.5396825396825397,race,3508
Above 4x poverty line,0.3493150684931507,income,3508
Below poverty line,0.6005830903790087,income,3508
Middle (2-4x),0.46522781774580335,income,3508
Near poverty (1-2x),0.5676392572944297,income,3508
Mexican American,0.485,race,3509
Non-Hispanic Asian,0.345679012345679,race,3509
Non-Hispanic Black,0.5930232558139535,race,3509
Non-Hispanic White,0.5250463821892394,race,3509
Other Hispanic,0.528169014084507,race,3509
Other Race - Including Multi-Racial,0.5079365079365079,race,3509
Above 4x poverty line,0.34269662921348315,income,3509
Below poverty line,0.6271676300578035,income,3509
Middle (2-4x),0.44878048780487806,income,3509
Near poverty (1-2x),0.5902578796561605,income,3509
Mexican American,0.425,race,3510
Non-Hispanic Asian,0.3333333333333333,race,3510
Non-Hispanic Black,0.5813953488372093,race,3510
Non-Hispanic White,0.5064935064935064,race,3510
Other Hispanic,0.5140845070422535,race,3510
Other Race - Including Multi-Racial,0.5714285714285714,race,3510
Above 4x poverty line,0.29239766081871343,income,3510
Below poverty line,0.6109324758842444,income,3510
Middle (2-4x),0.45885286783042395,income,3510
Near poverty (1-2x),0.55,income,3510
Mexican American,0.455,race,3511
Non-Hispanic Asian,0.35802469135802467,race,3511
Non-Hispanic Black,0.5581395348837209,race,3511
Non-Hispanic White,0.5046382189239332,race,3511
Other Hispanic,0.5774647887323944,race,3511
Other Race - Including Multi-Racial,0.5396825396825397,race,3511
Above 4x poverty line,0.3275862068965517,income,3511
Below poverty line,0.5925925925925926,income,3511
Middle (2-4x),0.4394736842105263,income,3511
Near poverty (1-2x),0.582010582010582,income,3511
Mexican American,0.51,race,3512
Non-Hispanic Asian,0.345679012345679,race,3512
Non-Hispanic Black,0.5155038759689923,race,3512
Non-Hispanic White,0.5398886827458256,race,3512
Other Hispanic,0.5774647887323944,race,3512
Other Race - Including Multi-Racial,0.5714285714285714,race,3512
Above 4x poverty line,0.38064516129032255,income,3512
Below poverty line,0.5535714285714286,income,3512
Middle (2-4x),0.5037593984962406,income,3512
Near poverty (1-2x),0.5750636132315522,income,3512
Mexican American,0.475,race,3513
Non-Hispanic Asian,0.43209876543209874,race,3513
Non-Hispanic Black,0.5736434108527132,race,3513
Non-Hispanic White,0.5547309833024119,race,3513
Other Hispanic,0.5,race,3513
Other Race - Including Multi-Racial,0.47619047619047616,race,3513
Above 4x poverty line,0.33727810650887574,income,3513
Below poverty line,0.6023738872403561,income,3513
Middle (2-4x),0.49622166246851385,income,3513
Near poverty (1-2x),0.5815789473684211,income,3513
Mexican American,0.46,race,3514
Non-Hispanic Asian,0.2839506172839506,race,3514
Non-Hispanic Black,0.562015503875969,race,3514
Non-Hispanic White,0.5324675324675324,race,3514
Other Hispanic,0.5422535211267606,race,3514
Other Race - Including Multi-Racial,0.6031746031746031,race,3514
Above 4x poverty line,0.2631578947368421,income,3514
Below poverty line,0.5929203539823009,income,3514
Middle (2-4x),0.5078947368421053,income,3514
Near poverty (1-2x),0.5674300254452926,income,3514
Mexican American,0.435,race,3515
Non-Hispanic Asian,0.345679012345679,race,3515
Non-Hispanic Black,0.5271317829457365,race,3515
Non-Hispanic White,0.549165120593692,race,3515
Other Hispanic,0.5140845070422535,race,3515
Other Race - Including Multi-Racial,0.6031746031746031,race,3515
Above 4x poverty line,0.37267080745341613,income,3515
Below poverty line,0.5816618911174785,income,3515
Middle (2-4x),0.484375,income,3515
Near poverty (1-2x),0.5372750642673522,income,3515
Mexican American,0.42,race,3516
Non-Hispanic Asian,0.2962962962962963,race,3516
Non-Hispanic Black,0.5503875968992248,race,3516
Non-Hispanic White,0.5807050092764379,race,3516
Other Hispanic,0.528169014084507,race,3516
Other Race - Including Multi-Racial,0.5396825396825397,race,3516
Above 4x poverty line,0.39869281045751637,income,3516
Below poverty line,0.6234939759036144,income,3516
Middle (2-4x),0.46616541353383456,income,3516
Near poverty (1-2x),0.5463659147869674,income,3516
Mexican American,0.56,race,3517
Non-Hispanic Asian,0.35802469135802467,race,3517
Non-Hispanic Black,0.5310077519379846,race,3517
Non-Hispanic White,0.5343228200371057,race,3517
Other Hispanic,0.5140845070422535,race,3517
Other Race - Including Multi-Racial,0.5079365079365079,race,3517
Above 4x poverty line,0.31210191082802546,income,3517
Below poverty line,0.5764705882352941,income,3517
Middle (2-4x),0.5203045685279187,income,3517
Near poverty (1-2x),0.5637755102040817,income,3517
Mexican American,0.41,race,3518
Non-Hispanic Asian,0.345679012345679,race,3518
Non-Hispanic Black,0.6085271317829457,race,3518
Non-Hispanic White,0.5714285714285714,race,3518
Other Hispanic,0.528169014084507,race,3518
Other Race - Including Multi-Racial,0.5555555555555556,race,3518
Above 4x poverty line,0.3167701863354037,income,3518
Below poverty line,0.6038781163434903,income,3518
Middle (2-4x),0.4891891891891892,income,3518
Near poverty (1-2x),0.6010230179028133,income,3518
Mexican American,0.46,race,3519
Non-Hispanic Asian,0.35802469135802467,race,3519
Non-Hispanic Black,0.5271317829457365,race,3519
Non-Hispanic White,0.5343228200371057,race,3519
Other Hispanic,0.5352112676056338,race,3519
Other Race - Including Multi-Racial,0.5555555555555556,race,3519
Above 4x poverty line,0.34394904458598724,income,3519
Below poverty line,0.5906432748538012,income,3519
Middle (2-4x),0.4950980392156863,income,3519
Near poverty (1-2x),0.526595744680851,income,3519
Mexican American,0.48,race,3520
Non-Hispanic Asian,0.3950617283950617,race,3520
Non-Hispanic Black,0.5038759689922481,race,3520
Non-Hispanic White,0.5528756957328386,race,3520
Other Hispanic,0.4647887323943662,race,3520
Other Race - Including Multi-Racial,0.5714285714285714,race,3520
Above 4x poverty line,0.3699421965317919,income,3520
Below poverty line,0.5606469002695418,income,3520
Middle (2-4x),0.4704225352112676,income,3520
Near poverty (1-2x),0.5703125,income,3520
Mexican American,0.5,race,3521
Non-Hispanic Asian,0.2962962962962963,race,3521
Non-Hispanic Black,0.5193798449612403,race,3521
Non-Hispanic White,0.5454545454545454,race,3521
Other Hispanic,0.5422535211267606,race,3521
Other Race - Including Multi-Racial,0.6190476190476191,race,3521
Above 4x poverty line,0.3333333333333333,income,3521
Below poverty line,0.5994152046783626,income,3521
Middle (2-4x),0.44651162790697674,income,3521
Near poverty (1-2x),0.6242774566473989,income,3521
Mexican American,0.44,race,3522
Non-Hispanic Asian,0.345679012345679,race,3522
Non-Hispanic Black,0.5193798449612403,race,3522
Non-Hispanic White,0.5769944341372912,race,3522
Other Hispanic,0.5704225352112676,race,3522
Other Race - Including Multi-Racial,0.42857142857142855,race,3522
Above 4x poverty line,0.35570469798657717,income,3522
Below poverty line,0.6111111111111112,income,3522
Middle (2-4x),0.47129186602870815,income,3522
Near poverty (1-2x),0.5614973262032086,income,3522
Mexican American,0.435,race,3523
Non-Hispanic Asian,0.345679012345679,race,3523
Non-Hispanic Black,0.6007751937984496,race,3523
Non-Hispanic White,0.536178107606679,race,3523
Other Hispanic,0.528169014084507,race,3523
Other Race - Including Multi-Racial,0.5555555555555556,race,3523
Above 4x poverty line,0.3821656050955414,income,3523
Below poverty line,0.5883977900552486,income,3523
Middle (2-4x),0.5072886297376094,income,3523
Near poverty (1-2x),0.5273159144893111,income,3523
Mexican American,0.445,race,3524
Non-Hispanic Asian,0.38271604938271603,race,3524
Non-Hispanic Black,0.5465116279069767,race,3524
Non-Hispanic White,0.5213358070500927,race,3524
Other Hispanic,0.5633802816901409,race,3524
Other Race - Including Multi-Racial,0.5555555555555556,race,3524
Above 4x poverty line,0.3253012048192771,income,3524
Below poverty line,0.5994236311239193,income,3524
Middle (2-4x),0.461734693877551,income,3524
Near poverty (1-2x),0.5661375661375662,income,3524
Mexican American,0.42,race,3525
Non-Hispanic Asian,0.345679012345679,race,3525
Non-Hispanic Black,0.5542635658914729,race,3525
Non-Hispanic White,0.5139146567717996,race,3525
Other Hispanic,0.4859154929577465,race,3525
Other Race - Including Multi-Racial,0.5555555555555556,race,3525
Above 4x poverty line,0.3313253012048193,income,3525
Below poverty line,0.5710059171597633,income,3525
Middle (2-4x),0.4357682619647355,income,3525
Near poverty (1-2x),0.56282722513089,income,3525
Mexican American,0.465,race,3526
Non-Hispanic Asian,0.2962962962962963,race,3526
Non-Hispanic Black,0.5697674418604651,race,3526
Non-Hispanic White,0.5027829313543599,race,3526
Other Hispanic,0.5492957746478874,race,3526
Other Race - Including Multi-Racial,0.5555555555555556,race,3526
Above 4x poverty line,0.3236994219653179,income,3526
Below poverty line,0.5920245398773006,income,3526
Middle (2-4x),0.441588785046729,income,3526
Near poverty (1-2x),0.5898876404494382,income,3526
Mexican American,0.445,race,3527
Non-Hispanic Asian,0.38271604938271603,race,3527
Non-Hispanic Black,0.5697674418604651,race,3527
Non-Hispanic White,0.5584415584415584,race,3527
Other Hispanic,0.5985915492957746,race,3527
Other Race - Including Multi-Racial,0.47619047619047616,race,3527
Above 4x poverty line,0.3935483870967742,income,3527
Below poverty line,0.6264705882352941,income,3527
Middle (2-4x),0.4607329842931937,income,3527
Near poverty (1-2x),0.5738916256157636,income,3527
Mexican American,0.45,race,3528
Non-Hispanic Asian,0.30864197530864196,race,3528
Non-Hispanic Black,0.5775193798449613,race,3528
Non-Hispanic White,0.5176252319109462,race,3528
Other Hispanic,0.5845070422535211,race,3528
Other Race - Including Multi-Racial,0.49206349206349204,race,3528
Above 4x poverty line,0.32620320855614976,income,3528
Below poverty line,0.5880597014925373,income,3528
Middle (2-4x),0.4763157894736842,income,3528
Near poverty (1-2x),0.5721784776902887,income,3528
Mexican American,0.5,race,3529
Non-Hispanic Asian,0.32098765432098764,race,3529
Non-Hispanic Black,0.5465116279069767,race,3529
Non-Hispanic White,0.5324675324675324,race,3529
Other Hispanic,0.5563380281690141,race,3529
Other Race - Including Multi-Racial,0.5396825396825397,race,3529
Above 4x poverty line,0.35526315789473684,income,3529
Below poverty line,0.5987841945288754,income,3529
Middle (2-4x),0.45255474452554745,income,3529
Near poverty (1-2x),0.5882352941176471,income,3529
Mexican American,0.48,race,3530
Non-Hispanic Asian,0.35802469135802467,race,3530
Non-Hispanic Black,0.5426356589147286,race,3530
Non-Hispanic White,0.5380333951762524,race,3530
Other Hispanic,0.528169014084507,race,3530
Other Race - Including Multi-Racial,0.5238095238095238,race,3530
Above 4x poverty line,0.35428571428571426,income,3530
Below poverty line,0.6312684365781711,income,3530
Middle (2-4x),0.465,income,3530
Near poverty (1-2x),0.5447154471544715,income,3530
Mexican American,0.5,race,3531
Non-Hispanic Asian,0.32098765432098764,race,3531
Non-Hispanic Black,0.5542635658914729,race,3531
Non-Hispanic White,0.536178107606679,race,3531
Other Hispanic,0.5140845070422535,race,3531
Other Race - Including Multi-Racial,0.5555555555555556,race,3531
Above 4x poverty line,0.34591194968553457,income,3531
Below poverty line,0.6067415730337079,income,3531
Middle (2-4x),0.4894179894179894,income,3531
Near poverty (1-2x),0.5384615384615384,income,3531
Mexican American,0.44,race,3532
Non-Hispanic Asian,0.2839506172839506,race,3532
Non-Hispanic Black,0.5310077519379846,race,3532
Non-Hispanic White,0.5380333951762524,race,3532
Other Hispanic,0.5,race,3532
Other Race - Including Multi-Racial,0.47619047619047616,race,3532
Above 4x poverty line,0.31952662721893493,income,3532
Below poverty line,0.5594855305466238,income,3532
Middle (2-4x),0.45498783454987834,income,3532
Near poverty (1-2x),0.5714285714285714,income,3532
Mexican American,0.455,race,3533
Non-Hispanic Asian,0.32098765432098764,race,3533
Non-Hispanic Black,0.5813953488372093,race,3533
Non-Hispanic White,0.5807050092764379,race,3533
Other Hispanic,0.5140845070422535,race,3533
Other Race - Including Multi-Racial,0.5238095238095238,race,3533
Above 4x poverty line,0.34810126582278483,income,3533
Below poverty line,0.6404494382022472,income,3533
Middle (2-4x),0.5013262599469496,income,3533
Near poverty (1-2x),0.5459183673469388,income,3533
Mexican American,0.45,race,3534
Non-Hispanic Asian,0.3333333333333333,race,3534
Non-Hispanic Black,0.5736434108527132,race,3534
Non-Hispanic White,0.5417439703153989,race,3534
Other Hispanic,0.5070422535211268,race,3534
Other Race - Including Multi-Racial,0.5079365079365079,race,3534
Above 4x poverty line,0.33707865168539325,income,3534
Below poverty line,0.6101694915254238,income,3534
Middle (2-4x),0.4780361757105943,income,3534
Near poverty (1-2x),0.5494505494505495,income,3534
Mexican American,0.395,race,3535
Non-Hispanic Asian,0.30864197530864196,race,3535
Non-Hispanic Black,0.5426356589147286,race,3535
Non-Hispanic White,0.5640074211502782,race,3535
Other Hispanic,0.5352112676056338,race,3535
Other Race - Including Multi-Racial,0.5555555555555556,race,3535
Above 4x poverty line,0.3712574850299401,income,3535
Below poverty line,0.5446927374301676,income,3535
Middle (2-4x),0.5120643431635389,income,3535
Near poverty (1-2x),0.548051948051948,income,3535
Mexican American,0.49,race,3536
Non-Hispanic Asian,0.32098765432098764,race,3536
Non-Hispanic Black,0.5581395348837209,race,3536
Non-Hispanic White,0.5528756957328386,race,3536
Other Hispanic,0.5140845070422535,race,3536
Other Race - Including Multi-Racial,0.6031746031746031,race,3536
Above 4x poverty line,0.3710691823899371,income,3536
Below poverty line,0.6407185628742516,income,3536
Middle (2-4x),0.47103274559193953,income,3536
Near poverty (1-2x),0.5521628498727735,income,3536
Mexican American,0.445,race,3537
Non-Hispanic Asian,0.43209876543209874,race,3537
Non-Hispanic Black,0.5348837209302325,race,3537
Non-Hispanic White,0.5510204081632653,race,3537
Other Hispanic,0.5704225352112676,race,3537
Other Race - Including Multi-Racial,0.6031746031746031,race,3537
Above 4x poverty line,0.3652694610778443,income,3537
Below poverty line,0.6,income,3537
Middle (2-4x),0.47745358090185674,income,3537
Near poverty (1-2x),0.583756345177665,income,3537
Mexican American,0.44,race,3538
Non-Hispanic Asian,0.32098765432098764,race,3538
Non-Hispanic Black,0.5813953488372093,race,3538
Non-Hispanic White,0.5250463821892394,race,3538
Other Hispanic,0.5492957746478874,race,3538
Other Race - Including Multi-Racial,0.5873015873015873,race,3538
Above 4x poverty line,0.3588235294117647,income,3538
Below poverty line,0.6160458452722063,income,3538
Middle (2-4x),0.48097826086956524,income,3538
Near poverty (1-2x),0.5277777777777778,income,3538
Mexican American,0.455,race,3539
Non-Hispanic Asian,0.345679012345679,race,3539
Non-Hispanic Black,0.5310077519379846,race,3539
Non-Hispanic White,0.5528756957328386,race,3539
Other Hispanic,0.5985915492957746,race,3539
Other Race - Including Multi-Racial,0.4603174603174603,race,3539
Above 4x poverty line,0.36875,income,3539
Below poverty line,0.6345609065155807,income,3539
Middle (2-4x),0.48128342245989303,income,3539
Near poverty (1-2x),0.5176767676767676,income,3539
Mexican American,0.405,race,3540
Non-Hispanic Asian,0.2716049382716049,race,3540
Non-Hispanic Black,0.5852713178294574,race,3540
Non-Hispanic White,0.5510204081632653,race,3540
Other Hispanic,0.5352112676056338,race,3540
Other Race - Including Multi-Racial,0.5079365079365079,race,3540
Above 4x poverty line,0.34057971014492755,income,3540
Below poverty line,0.608955223880597,income,3540
Middle (2-4x),0.48931116389548696,income,3540
Near poverty (1-2x),0.519280205655527,income,3540
Mexican American,0.45,race,3541
Non-Hispanic Asian,0.345679012345679,race,3541
Non-Hispanic Black,0.5232558139534884,race,3541
Non-Hispanic White,0.5547309833024119,race,3541
Other Hispanic,0.5422535211267606,race,3541
Other Race - Including Multi-Racial,0.5396825396825397,race,3541
Above 4x poverty line,0.3548387096774194,income,3541
Below poverty line,0.5766016713091922,income,3541
Middle (2-4x),0.4754521963824289,income,3541
Near poverty (1-2x),0.5680628272251309,income,3541
Mexican American,0.465,race,3542
Non-Hispanic Asian,0.37037037037037035,race,3542
Non-Hispanic Black,0.5503875968992248,race,3542
Non-Hispanic White,0.5250463821892394,race,3542
Other Hispanic,0.528169014084507,race,3542
Other Race - Including Multi-Racial,0.6031746031746031,race,3542
Above 4x poverty line,0.3776223776223776,income,3542
Below poverty line,0.6310975609756098,income,3542
Middle (2-4x),0.45558086560364464,income,3542
Near poverty (1-2x),0.5361930294906166,income,3542
Mexican American,0.51,race,3543
Non-Hispanic Asian,0.2839506172839506,race,3543
Non-Hispanic Black,0.5465116279069767,race,3543
Non-Hispanic White,0.549165120593692,race,3543
Other Hispanic,0.5845070422535211,race,3543
Other Race - Including Multi-Racial,0.5555555555555556,race,3543
Above 4x poverty line,0.31690140845070425,income,3543
Below poverty line,0.6051873198847262,income,3543
Middle (2-4x),0.49226804123711343,income,3543
Near poverty (1-2x),0.5763546798029556,income,3543
Mexican American,0.43,race,3544
Non-Hispanic Asian,0.38271604938271603,race,3544
Non-Hispanic Black,0.5348837209302325,race,3544
Non-Hispanic White,0.5213358070500927,race,3544
Other Hispanic,0.5774647887323944,race,3544
Other Race - Including Multi-Racial,0.47619047619047616,race,3544
Above 4x poverty line,0.3375,income,3544
Below poverty line,0.5702247191011236,income,3544
Middle (2-4x),0.4860050890585242,income,3544
Near poverty (1-2x),0.5347593582887701,income,3544
Mexican American,0.41,race,3545
Non-Hispanic Asian,0.345679012345679,race,3545
Non-Hispanic Black,0.5775193798449613,race,3545
Non-Hispanic White,0.562152133580705,race,3545
Other Hispanic,0.5070422535211268,race,3545
Other Race - Including Multi-Racial,0.5238095238095238,race,3545
Above 4x poverty line,0.3416149068322981,income,3545
Below poverty line,0.5842696629213483,income,3545
Middle (2-4x),0.4973958333333333,income,3545
Near poverty (1-2x),0.5575916230366492,income,3545
Mexican American,0.515,race,3546
Non-Hispanic Asian,0.32098765432098764,race,3546
Non-Hispanic Black,0.5271317829457365,race,3546
Non-Hispanic White,0.49907235621521334,race,3546
Other Hispanic,0.4788732394366197,race,3546
Other Race - Including Multi-Racial,0.49206349206349204,race,3546
Above 4x poverty line,0.32335329341317365,income,3546
Below poverty line,0.5657142857142857,income,3546
Middle (2-4x),0.4267352185089974,income,3546
Near poverty (1-2x),0.5702917771883289,income,3546
Mexican American,0.43,race,3547
Non-Hispanic Asian,0.41975308641975306,race,3547
Non-Hispanic Black,0.5658914728682171,race,3547
Non-Hispanic White,0.5807050092764379,race,3547
Other Hispanic,0.528169014084507,race,3547
Other Race - Including Multi-Racial,0.4603174603174603,race,3547
Above 4x poverty line,0.3026315789473684,income,3547
Below poverty line,0.5977337110481586,income,3547
Middle (2-4x),0.5088607594936709,income,3547
Near poverty (1-2x),0.587467362924282,income,3547
Mexican American,0.455,race,3548
Non-Hispanic Asian,0.3950617283950617,race,3548
Non-Hispanic Black,0.5503875968992248,race,3548
Non-Hispanic White,0.5157699443413729,race,3548
Other Hispanic,0.4788732394366197,race,3548
Other Race - Including Multi-Racial,0.5079365079365079,race,3548
Above 4x poverty line,0.32222222222222224,income,3548
Below poverty line,0.6204819277108434,income,3548
Middle (2-4x),0.4534005037783375,income,3548
Near poverty (1-2x),0.5320855614973262,income,3548
Mexican American,0.47,race,3549
Non-Hispanic Asian,0.25925925925925924,race,3549
Non-Hispanic Black,0.6046511627906976,race,3549
Non-Hispanic White,0.5157699443413729,race,3549
Other Hispanic,0.5704225352112676,race,3549
Other Race - Including Multi-Racial,0.5555555555555556,race,3549
Above 4x poverty line,0.3107344632768362,income,3549
Below poverty line,0.5850144092219021,income,3549
Middle (2-4x),0.48711340206185566,income,3549
Near poverty (1-2x),0.5876010781671159,income,3549
Mexican American,0.52,race,3550
Non-Hispanic Asian,0.345679012345679,race,3550
Non-Hispanic Black,0.5697674418604651,race,3550
Non-Hispanic White,0.5473098330241187,race,3550
Other Hispanic,0.49295774647887325,race,3550
Other Race - Including Multi-Racial,0.5396825396825397,race,3550
Above 4x poverty line,0.3508771929824561,income,3550
Below poverty line,0.6160714285714286,income,3550
Middle (2-4x),0.48048780487804876,income,3550
Near poverty (1-2x),0.5846994535519126,income,3550
Mexican American,0.415,race,3551
Non-Hispanic Asian,0.41975308641975306,race,3551
Non-Hispanic Black,0.562015503875969,race,3551
Non-Hispanic White,0.5250463821892394,race,3551
Other Hispanic,0.5915492957746479,race,3551
Other Race - Including Multi-Racial,0.5396825396825397,race,3551
Above 4x poverty line,0.30718954248366015,income,3551
Below poverty line,0.5683890577507599,income,3551
Middle (2-4x),0.4975728155339806,income,3551
Near poverty (1-2x),0.5758354755784062,income,3551
Mexican American,0.485,race,3552
Non-Hispanic Asian,0.4074074074074074,race,3552
Non-Hispanic Black,0.5232558139534884,race,3552
Non-Hispanic White,0.5640074211502782,race,3552
Other Hispanic,0.5211267605633803,race,3552
Other Race - Including Multi-Racial,0.49206349206349204,race,3552
Above 4x poverty line,0.3413173652694611,income,3552
Below poverty line,0.6166219839142091,income,3552
Middle (2-4x),0.4878048780487805,income,3552
Near poverty (1-2x),0.553475935828877,income,3552
Mexican American,0.475,race,3553
Non-Hispanic Asian,0.30864197530864196,race,3553
Non-Hispanic Black,0.5775193798449613,race,3553
Non-Hispanic White,0.5231910946196661,race,3553
Other Hispanic,0.5422535211267606,race,3553
Other Race - Including Multi-Racial,0.5079365079365079,race,3553
Above 4x poverty line,0.3508771929824561,income,3553
Below poverty line,0.5935483870967742,income,3553
Middle (2-4x),0.48693586698337293,income,3553
Near poverty (1-2x),0.5538057742782152,income,3553
Mexican American,0.485,race,3554
Non-Hispanic Asian,0.37037037037037035,race,3554
Non-Hispanic Black,0.5658914728682171,race,3554
Non-Hispanic White,0.562152133580705,race,3554
Other Hispanic,0.5140845070422535,race,3554
Other Race - Including Multi-Racial,0.5555555555555556,race,3554
Above 4x poverty line,0.367816091954023,income,3554
Below poverty line,0.5994397759103641,income,3554
Middle (2-4x),0.5067750677506775,income,3554
Near poverty (1-2x),0.5718015665796344,income,3554
Mexican American,0.46,race,3555
Non-Hispanic Asian,0.345679012345679,race,3555
Non-Hispanic Black,0.5542635658914729,race,3555
Non-Hispanic White,0.5306122448979592,race,3555
Other Hispanic,0.5774647887323944,race,3555
Other Race - Including Multi-Racial,0.38095238095238093,race,3555
Above 4x poverty line,0.2967741935483871,income,3555
Below poverty line,0.5705882352941176,income,3555
Middle (2-4x),0.4413145539906103,income,3555
Near poverty (1-2x),0.6270718232044199,income,3555
Mexican American,0.455,race,3556
Non-Hispanic Asian,0.30864197530864196,race,3556
Non-Hispanic Black,0.5736434108527132,race,3556
Non-Hispanic White,0.5584415584415584,race,3556
Other Hispanic,0.5070422535211268,race,3556
Other Race - Including Multi-Racial,0.5555555555555556,race,3556
Above 4x poverty line,0.3392857142857143,income,3556
Below poverty line,0.5903954802259888,income,3556
Middle (2-4x),0.5148247978436657,income,3556
Near poverty (1-2x),0.5512820512820513,income,3556
Mexican American,0.48,race,3557
Non-Hispanic Asian,0.2716049382716049,race,3557
Non-Hispanic Black,0.5503875968992248,race,3557
Non-Hispanic White,0.5324675324675324,race,3557
Other Hispanic,0.6197183098591549,race,3557
Other Race - Including Multi-Racial,0.5555555555555556,race,3557
Above 4x poverty line,0.35185185185185186,income,3557
Below poverty line,0.6120689655172413,income,3557
Middle (2-4x),0.4776902887139108,income,3557
Near poverty (1-2x),0.5561224489795918,income,3557
Mexican American,0.46,race,3558
Non-Hispanic Asian,0.35802469135802467,race,3558
Non-Hispanic Black,0.4844961240310077,race,3558
Non-Hispanic White,0.5324675324675324,race,3558
Other Hispanic,0.5633802816901409,race,3558
Other Race - Including Multi-Racial,0.47619047619047616,race,3558
Above 4x poverty line,0.3253012048192771,income,3558
Below poverty line,0.5764705882352941,income,3558
Middle (2-4x),0.45591939546599497,income,3558
Near poverty (1-2x),0.5578947368421052,income,3558
Mexican American,0.37,race,3559
Non-Hispanic Asian,0.35802469135802467,race,3559
Non-Hispanic Black,0.5503875968992248,race,3559
Non-Hispanic White,0.5398886827458256,race,3559
Other Hispanic,0.5704225352112676,race,3559
Other Race - Including Multi-Racial,0.47619047619047616,race,3559
Above 4x poverty line,0.3216374269005848,income,3559
Below poverty line,0.5649546827794562,income,3559
Middle (2-4x),0.4648241206030151,income,3559
Near poverty (1-2x),0.5744125326370757,income,3559
Mexican American,0.44,race,3560
Non-Hispanic Asian,0.4567901234567901,race,3560
Non-Hispanic Black,0.5387596899224806,race,3560
Non-Hispanic White,0.575139146567718,race,3560
Other Hispanic,0.5211267605633803,race,3560
Other Race - Including Multi-Racial,0.5238095238095238,race,3560
Above 4x poverty line,0.36257309941520466,income,3560
Below poverty line,0.5938375350140056,income,3560
Middle (2-4x),0.5088607594936709,income,3560
Near poverty (1-2x),0.5722222222222222,income,3560
Mexican American,0.44,race,3561
Non-Hispanic Asian,0.37037037037037035,race,3561
Non-Hispanic Black,0.5426356589147286,race,3561
Non-Hispanic White,0.536178107606679,race,3561
Other Hispanic,0.5140845070422535,race,3561
Other Race - Including Multi-Racial,0.42857142857142855,race,3561
Above 4x poverty line,0.3313253012048193,income,3561
Below poverty line,0.5983827493261455,income,3561
Middle (2-4x),0.44680851063829785,income,3561
Near poverty (1-2x),0.5459459459459459,income,3561
Mexican American,0.455,race,3562
Non-Hispanic Asian,0.32098765432098764,race,3562
Non-Hispanic Black,0.5193798449612403,race,3562
Non-Hispanic White,0.5306122448979592,race,3562
Other Hispanic,0.5985915492957746,race,3562
Other Race - Including Multi-Racial,0.5714285714285714,race,3562
Above 4x poverty line,0.34355828220858897,income,3562
Below poverty line,0.56353591160221,income,3562
Middle (2-4x),0.48166259168704156,income,3562
Near poverty (1-2x),0.5759312320916905,income,3562
Mexican American,0.495,race,3563
Non-Hispanic Asian,0.30864197530864196,race,3563
Non-Hispanic Black,0.5038759689922481,race,3563
Non-Hispanic White,0.5380333951762524,race,3563
Other Hispanic,0.5492957746478874,race,3563
Other Race - Including Multi-Racial,0.6031746031746031,race,3563
Above 4x poverty line,0.36423841059602646,income,3563
Below poverty line,0.5892857142857143,income,3563
Middle (2-4x),0.4738095238095238,income,3563
Near poverty (1-2x),0.5531914893617021,income,3563
Mexican American,0.46,race,3564
Non-Hispanic Asian,0.2962962962962963,race,3564
Non-Hispanic Black,0.5891472868217055,race,3564
Non-Hispanic White,0.5380333951762524,race,3564
Other Hispanic,0.5563380281690141,race,3564
Other Race - Including Multi-Racial,0.5238095238095238,race,3564
Above 4x poverty line,0.33974358974358976,income,3564
Below poverty line,0.6207865168539326,income,3564
Middle (2-4x),0.46475195822454307,income,3564
Near poverty (1-2x),0.5618556701030928,income,3564
Mexican American,0.465,race,3565
Non-Hispanic Asian,0.37037037037037035,race,3565
Non-Hispanic Black,0.5658914728682171,race,3565
Non-Hispanic White,0.5194805194805194,race,3565
Other Hispanic,0.5140845070422535,race,3565
Other Race - Including Multi-Racial,0.5396825396825397,race,3565
Above 4x poverty line,0.33532934131736525,income,3565
Below poverty line,0.6293333333333333,income,3565
Middle (2-4x),0.44501278772378516,income,3565
Near poverty (1-2x),0.5428571428571428,income,3565
Mexican American,0.51,race,3566
Non-Hispanic Asian,0.38271604938271603,race,3566
Non-Hispanic Black,0.5658914728682171,race,3566
Non-Hispanic White,0.5677179962894249,race,3566
Other Hispanic,0.5070422535211268,race,3566
Other Race - Including Multi-Racial,0.5396825396825397,race,3566
Above 4x poverty line,0.35294117647058826,income,3566
Below poverty line,0.6080691642651297,income,3566
Middle (2-4x),0.5074257425742574,income,3566
Near poverty (1-2x),0.58311345646438,income,3566
Mexican American,0.45,race,3567
Non-Hispanic Asian,0.30864197530864196,race,3567
Non-Hispanic Black,0.5503875968992248,race,3567
Non-Hispanic White,0.5287569573283859,race,3567
Other Hispanic,0.5774647887323944,race,3567
Other Race - Including Multi-Racial,0.49206349206349204,race,3567
Above 4x poverty line,0.36774193548387096,income,3567
Below poverty line,0.5657492354740061,income,3567
Middle (2-4x),0.47,income,3567
Near poverty (1-2x),0.5610972568578554,income,3567
Mexican American,0.49,race,3568
Non-Hispanic Asian,0.345679012345679,race,3568
Non-Hispanic Black,0.5658914728682171,race,3568
Non-Hispanic White,0.5287569573283859,race,3568
Other Hispanic,0.5774647887323944,race,3568
Other Race - Including Multi-Racial,0.6507936507936508,race,3568
Above 4x poverty line,0.4294478527607362,income,3568
Below poverty line,0.616822429906542,income,3568
Middle (2-4x),0.4601990049751244,income,3568
Near poverty (1-2x),0.5717884130982368,income,3568
Mexican American,0.465,race,3569
Non-Hispanic Asian,0.38271604938271603,race,3569
Non-Hispanic Black,0.5503875968992248,race,3569
Non-Hispanic White,0.5547309833024119,race,3569
Other Hispanic,0.49295774647887325,race,3569
Other Race - Including Multi-Racial,0.5238095238095238,race,3569
Above 4x poverty line,0.32727272727272727,income,3569
Below poverty line,0.6147308781869688,income,3569
Middle (2-4x),0.49872773536895676,income,3569
Near poverty (1-2x),0.5403225806451613,income,3569
Mexican American,0.465,race,3570
Non-Hispanic Asian,0.35802469135802467,race,3570
Non-Hispanic Black,0.5542635658914729,race,3570
Non-Hispanic White,0.4897959183673469,race,3570
Other Hispanic,0.5070422535211268,race,3570
Other Race - Including Multi-Racial,0.5238095238095238,race,3570
Above 4x poverty line,0.34394904458598724,income,3570
Below poverty line,0.5434173669467787,income,3570
Middle (2-4x),0.4529262086513995,income,3570
Near poverty (1-2x),0.5531914893617021,income,3570
Mexican American,0.445,race,3571
Non-Hispanic Asian,0.37037037037037035,race,3571
Non-Hispanic Black,0.5465116279069767,race,3571
Non-Hispanic White,0.49907235621521334,race,3571
Other Hispanic,0.49295774647887325,race,3571
Other Race - Including Multi-Racial,0.5714285714285714,race,3571
Above 4x poverty line,0.27710843373493976,income,3571
Below poverty line,0.5548961424332344,income,3571
Middle (2-4x),0.48905109489051096,income,3571
Near poverty (1-2x),0.5447154471544715,income,3571
Mexican American,0.48,race,3572
Non-Hispanic Asian,0.38271604938271603,race,3572
Non-Hispanic Black,0.5426356589147286,race,3572
Non-Hispanic White,0.5454545454545454,race,3572
Other Hispanic,0.5352112676056338,race,3572
Other Race - Including Multi-Racial,0.5714285714285714,race,3572
Above 4x poverty line,0.40119760479041916,income,3572
Below poverty line,0.6075581395348837,income,3572
Middle (2-4x),0.4583333333333333,income,3572
Near poverty (1-2x),0.5769230769230769,income,3572
Mexican American,0.46,race,3573
Non-Hispanic Asian,0.38271604938271603,race,3573
Non-Hispanic Black,0.5581395348837209,race,3573
Non-Hispanic White,0.5324675324675324,race,3573
Other Hispanic,0.6267605633802817,race,3573
Other Race - Including Multi-Racial,0.47619047619047616,race,3573
Above 4x poverty line,0.3219178082191781,income,3573
Below poverty line,0.6100278551532033,income,3573
Middle (2-4x),0.4860759493670886,income,3573
Near poverty (1-2x),0.5613577023498695,income,3573
Mexican American,0.47,race,3574
Non-Hispanic Asian,0.38271604938271603,race,3574
Non-Hispanic Black,0.4806201550387597,race,3574
Non-Hispanic White,0.5454545454545454,race,3574
Other Hispanic,0.6126760563380281,race,3574
Other Race - Including Multi-Racial,0.5396825396825397,race,3574
Above 4x poverty line,0.391025641025641,income,3574
Below poverty line,0.550561797752809,income,3574
Middle (2-4x),0.4910025706940874,income,3574
Near poverty (1-2x),0.5654450261780105,income,3574
Mexican American,0.5,race,3575
Non-Hispanic Asian,0.37037037037037035,race,3575
Non-Hispanic Black,0.5658914728682171,race,3575
Non-Hispanic White,0.49165120593692024,race,3575
Other Hispanic,0.4788732394366197,race,3575
Other Race - Including Multi-Racial,0.5873015873015873,race,3575
Above 4x poverty line,0.34177215189873417,income,3575
Below poverty line,0.6121212121212121,income,3575
Middle (2-4x),0.44362745098039214,income,3575
Near poverty (1-2x),0.5400516795865633,income,3575
Mexican American,0.485,race,3576
Non-Hispanic Asian,0.3950617283950617,race,3576
Non-Hispanic Black,0.5348837209302325,race,3576
Non-Hispanic White,0.5658627087198516,race,3576
Other Hispanic,0.5,race,3576
Other Race - Including Multi-Racial,0.5555555555555556,race,3576
Above 4x poverty line,0.35333333333333333,income,3576
Below poverty line,0.6219178082191781,income,3576
Middle (2-4x),0.4668304668304668,income,3576
Near poverty (1-2x),0.5761772853185596,income,3576
Mexican American,0.435,race,3577
Non-Hispanic Asian,0.30864197530864196,race,3577
Non-Hispanic Black,0.5542635658914729,race,3577
Non-Hispanic White,0.5009276437847866,race,3577
Other Hispanic,0.528169014084507,race,3577
Other Race - Including Multi-Racial,0.4603174603174603,race,3577
Above 4x poverty line,0.25595238095238093,income,3577
Below poverty line,0.5698324022346368,income,3577
Middle (2-4x),0.4672131147540984,income,3577
Near poverty (1-2x),0.5396419437340153,income,3577
Mexican American,0.41,race,3578
Non-Hispanic Asian,0.2962962962962963,race,3578
Non-Hispanic Black,0.5465116279069767,race,3578
Non-Hispanic White,0.5640074211502782,race,3578
Other Hispanic,0.45774647887323944,race,3578
Other Race - Including Multi-Racial,0.47619047619047616,race,3578
Above 4x poverty line,0.3050847457627119,income,3578
Below poverty line,0.6115942028985507,income,3578
Middle (2-4x),0.4497354497354497,income,3578
Near poverty (1-2x),0.5509138381201044,income,3578
Mexican American,0.485,race,3579
Non-Hispanic Asian,0.37037037037037035,race,3579
Non-Hispanic Black,0.49224806201550386,race,3579
Non-Hispanic White,0.5231910946196661,race,3579
Other Hispanic,0.5915492957746479,race,3579
Other Race - Including Multi-Racial,0.5873015873015873,race,3579
Above 4x poverty line,0.3262411347517731,income,3579
Below poverty line,0.5659824046920822,income,3579
Middle (2-4x),0.48320413436692505,income,3579
Near poverty (1-2x),0.5579710144927537,income,3579
Mexican American,0.41,race,3580
Non-Hispanic Asian,0.38271604938271603,race,3580
Non-Hispanic Black,0.5038759689922481,race,3580
Non-Hispanic White,0.5547309833024119,race,3580
Other Hispanic,0.4647887323943662,race,3580
Other Race - Including Multi-Racial,0.5396825396825397,race,3580
Above 4x poverty line,0.31446540880503143,income,3580
Below poverty line,0.5751445086705202,income,3580
Middle (2-4x),0.46984924623115576,income,3580
Near poverty (1-2x),0.5421052631578948,income,3580
Mexican American,0.44,race,3581
Non-Hispanic Asian,0.2962962962962963,race,3581
Non-Hispanic Black,0.562015503875969,race,3581
Non-Hispanic White,0.5528756957328386,race,3581
Other Hispanic,0.5211267605633803,race,3581
Other Race - Including Multi-Racial,0.5079365079365079,race,3581
Above 4x poverty line,0.32653061224489793,income,3581
Below poverty line,0.5970588235294118,income,3581
Middle (2-4x),0.4839506172839506,income,3581
Near poverty (1-2x),0.5473145780051151,income,3581
Mexican American,0.475,race,3582
Non-Hispanic Asian,0.2716049382716049,race,3582
Non-Hispanic Black,0.5465116279069767,race,3582
Non-Hispanic White,0.5547309833024119,race,3582
Other Hispanic,0.44366197183098594,race,3582
Other Race - Including Multi-Racial,0.4444444444444444,race,3582
Above 4x poverty line,0.34523809523809523,income,3582
Below poverty line,0.5671232876712329,income,3582
Middle (2-4x),0.4823232323232323,income,3582
Near poverty (1-2x),0.5423728813559322,income,3582
Mexican American,0.48,race,3583
Non-Hispanic Asian,0.2962962962962963,race,3583
Non-Hispanic Black,0.5348837209302325,race,3583
Non-Hispanic White,0.5807050092764379,race,3583
Other Hispanic,0.5140845070422535,race,3583
Other Race - Including Multi-Racial,0.6031746031746031,race,3583
Above 4x poverty line,0.3652694610778443,income,3583
Below poverty line,0.5950920245398773,income,3583
Middle (2-4x),0.480719794344473,income,3583
Near poverty (1-2x),0.5985037406483791,income,3583
Mexican American,0.445,race,3584
Non-Hispanic Asian,0.2962962962962963,race,3584
Non-Hispanic Black,0.5930232558139535,race,3584
Non-Hispanic White,0.575139146567718,race,3584
Other Hispanic,0.5422535211267606,race,3584
Other Race - Including Multi-Racial,0.5079365079365079,race,3584
Above 4x poverty line,0.3395061728395062,income,3584
Below poverty line,0.6197183098591549,income,3584
Middle (2-4x),0.4910025706940874,income,3584
Near poverty (1-2x),0.5809018567639257,income,3584
Mexican American,0.455,race,3585
Non-Hispanic Asian,0.2716049382716049,race,3585
Non-Hispanic Black,0.5503875968992248,race,3585
Non-Hispanic White,0.5306122448979592,race,3585
Other Hispanic,0.5422535211267606,race,3585
Other Race - Including Multi-Racial,0.5396825396825397,race,3585
Above 4x poverty line,0.36645962732919257,income,3585
Below poverty line,0.5758426966292135,income,3585
Middle (2-4x),0.42857142857142855,income,3585
Near poverty (1-2x),0.5853018372703412,income,3585
Mexican American,0.48,race,3586
Non-Hispanic Asian,0.2716049382716049,race,3586
Non-Hispanic Black,0.5542635658914729,race,3586
Non-Hispanic White,0.5435992578849722,race,3586
Other Hispanic,0.5492957746478874,race,3586
Other Race - Including Multi-Racial,0.5079365079365079,race,3586
Above 4x poverty line,0.3057324840764331,income,3586
Below poverty line,0.6134453781512605,income,3586
Middle (2-4x),0.4845360824742268,income,3586
Near poverty (1-2x),0.5485564304461942,income,3586
Mexican American,0.46,race,3587
Non-Hispanic Asian,0.3333333333333333,race,3587
Non-Hispanic Black,0.5465116279069767,race,3587
Non-Hispanic White,0.5231910946196661,race,3587
Other Hispanic,0.5070422535211268,race,3587
Other Race - Including Multi-Racial,0.4603174603174603,race,3587
Above 4x poverty line,0.27906976744186046,income,3587
Below poverty line,0.5439560439560439,income,3587
Middle (2-4x),0.4837837837837838,income,3587
Near poverty (1-2x),0.5782493368700266,income,3587
Mexican American,0.42,race,3588
Non-Hispanic Asian,0.35802469135802467,race,3588
Non-Hispanic Black,0.5503875968992248,race,3588
Non-Hispanic White,0.5435992578849722,race,3588
Other Hispanic,0.528169014084507,race,3588
Other Race - Including Multi-Racial,0.5396825396825397,race,3588
Above 4x poverty line,0.2732919254658385,income,3588
Below poverty line,0.5746478873239437,income,3588
Middle (2-4x),0.4961439588688946,income,3588
Near poverty (1-2x),0.5714285714285714,income,3588
Mexican American,0.44,race,3589
Non-Hispanic Asian,0.32098765432098764,race,3589
Non-Hispanic Black,0.5077519379844961,race,3589
Non-Hispanic White,0.5454545454545454,race,3589
Other Hispanic,0.528169014084507,race,3589
Other Race - Including Multi-Racial,0.6666666666666666,race,3589
Above 4x poverty line,0.348993288590604,income,3589
Below poverty line,0.5978260869565217,income,3589
Middle (2-4x),0.4758269720101781,income,3589
Near poverty (1-2x),0.5281501340482574,income,3589
Mexican American,0.515,race,3590
Non-Hispanic Asian,0.3333333333333333,race,3590
Non-Hispanic Black,0.4844961240310077,race,3590
Non-Hispanic White,0.5343228200371057,race,3590
Other Hispanic,0.5492957746478874,race,3590
Other Race - Including Multi-Racial,0.5079365079365079,race,3590
Above 4x poverty line,0.3225806451612903,income,3590
Below poverty line,0.6257309941520468,income,3590
Middle (2-4x),0.45595854922279794,income,3590
Near poverty (1-2x),0.5325,income,3590
Mexican American,0.51,race,3591
Non-Hispanic Asian,0.37037037037037035,race,3591
Non-Hispanic Black,0.5155038759689923,race,3591
Non-Hispanic White,0.5176252319109462,race,3591
Other Hispanic,0.5352112676056338,race,3591
Other Race - Including Multi-Racial,0.5714285714285714,race,3591
Above 4x poverty line,0.31210191082802546,income,3591
Below poverty line,0.5898203592814372,income,3591
Middle (2-4x),0.4914004914004914,income,3591
Near poverty (1-2x),0.5454545454545454,income,3591
Mexican American,0.46,race,3592
Non-Hispanic Asian,0.32098765432098764,race,3592
Non-Hispanic Black,0.5503875968992248,race,3592
Non-Hispanic White,0.575139146567718,race,3592
Other Hispanic,0.5211267605633803,race,3592
Other Race - Including Multi-Racial,0.6031746031746031,race,3592
Above 4x poverty line,0.31645569620253167,income,3592
Below poverty line,0.6129943502824858,income,3592
Middle (2-4x),0.46981627296587924,income,3592
Near poverty (1-2x),0.6051282051282051,income,3592
Mexican American,0.45,race,3593
Non-Hispanic Asian,0.20987654320987653,race,3593
Non-Hispanic Black,0.5736434108527132,race,3593
Non-Hispanic White,0.5343228200371057,race,3593
Other Hispanic,0.5845070422535211,race,3593
Other Race - Including Multi-Racial,0.6349206349206349,race,3593
Above 4x poverty line,0.2857142857142857,income,3593
Below poverty line,0.5877437325905293,income,3593
Middle (2-4x),0.48661800486618007,income,3593
Near poverty (1-2x),0.5877437325905293,income,3593
Mexican American,0.425,race,3594
Non-Hispanic Asian,0.2839506172839506,race,3594
Non-Hispanic Black,0.5426356589147286,race,3594
Non-Hispanic White,0.5510204081632653,race,3594
Other Hispanic,0.49295774647887325,race,3594
Other Race - Including Multi-Racial,0.49206349206349204,race,3594
Above 4x poverty line,0.3888888888888889,income,3594
Below poverty line,0.575,income,3594
Middle (2-4x),0.4363143631436314,income,3594
Near poverty (1-2x),0.548469387755102,income,3594
Mexican American,0.43,race,3595
Non-Hispanic Asian,0.32098765432098764,race,3595
Non-Hispanic Black,0.5542635658914729,race,3595
Non-Hispanic White,0.5231910946196661,race,3595
Other Hispanic,0.528169014084507,race,3595
Other Race - Including Multi-Racial,0.6349206349206349,race,3595
Above 4x poverty line,0.345679012345679,income,3595
Below poverty line,0.5582655826558266,income,3595
Middle (2-4x),0.4910025706940874,income,3595
Near poverty (1-2x),0.5482093663911846,income,3595
Mexican American,0.47,race,3596
Non-Hispanic Asian,0.345679012345679,race,3596
Non-Hispanic Black,0.5503875968992248,race,3596
Non-Hispanic White,0.5139146567717996,race,3596
Other Hispanic,0.5563380281690141,race,3596
Other Race - Including Multi-Racial,0.5396825396825397,race,3596
Above 4x poverty line,0.34415584415584416,income,3596
Below poverty line,0.584958217270195,income,3596
Middle (2-4x),0.455,income,3596
Near poverty (1-2x),0.5648648648648649,income,3596
Mexican American,0.45,race,3597
Non-Hispanic Asian,0.3333333333333333,race,3597
Non-Hispanic Black,0.5465116279069767,race,3597
Non-Hispanic White,0.536178107606679,race,3597
Other Hispanic,0.5,race,3597
Other Race - Including Multi-Racial,0.42857142857142855,race,3597
Above 4x poverty line,0.2787878787878788,income,3597
Below poverty line,0.5888594164456233,income,3597
Middle (2-4x),0.48179271708683474,income,3597
Near poverty (1-2x),0.5338541666666666,income,3597
Mexican American,0.435,race,3598
Non-Hispanic Asian,0.2962962962962963,race,3598
Non-Hispanic Black,0.6007751937984496,race,3598
Non-Hispanic White,0.5324675324675324,race,3598
Other Hispanic,0.5633802816901409,race,3598
Other Race - Including Multi-Racial,0.4603174603174603,race,3598
Above 4x poverty line,0.38666666666666666,income,3598
Below poverty line,0.5771428571428572,income,3598
Middle (2-4x),0.49624060150375937,income,3598
Near poverty (1-2x),0.53125,income,3598
Mexican American,0.45,race,3599
Non-Hispanic Asian,0.32098765432098764,race,3599
Non-Hispanic Black,0.5581395348837209,race,3599
Non-Hispanic White,0.5398886827458256,race,3599
Other Hispanic,0.4507042253521127,race,3599
Other Race - Including Multi-Racial,0.5396825396825397,race,3599
Above 4x poverty line,0.32075471698113206,income,3599
Below poverty line,0.5690140845070423,income,3599
Middle (2-4x),0.46949602122015915,income,3599
Near poverty (1-2x),0.5586734693877551,income,3599
Mexican American,0.46,race,3600
Non-Hispanic Asian,0.2716049382716049,race,3600
Non-Hispanic Black,0.5852713178294574,race,3600
Non-Hispanic White,0.5769944341372912,race,3600
Other Hispanic,0.4788732394366197,race,3600
Other Race - Including Multi-Racial,0.47619047619047616,race,3600
Above 4x poverty line,0.38323353293413176,income,3600
Below poverty line,0.5661971830985916,income,3600
Middle (2-4x),0.49875311720698257,income,3600
Near poverty (1-2x),0.5805555555555556,income,3600
Mexican American,0.455,race,3601
Non-Hispanic Asian,0.2222222222222222,race,3601
Non-Hispanic Black,0.5271317829457365,race,3601
Non-Hispanic White,0.5398886827458256,race,3601
Other Hispanic,0.5211267605633803,race,3601
Other Race - Including Multi-Racial,0.47619047619047616,race,3601
Above 4x poverty line,0.30718954248366015,income,3601
Below poverty line,0.5861111111111111,income,3601
Middle (2-4x),0.44776119402985076,income,3601
Near poverty (1-2x),0.5489130434782609,income,3601
Mexican American,0.43,race,3602
Non-Hispanic Asian,0.32098765432098764,race,3602
Non-Hispanic Black,0.5852713178294574,race,3602
Non-Hispanic White,0.5473098330241187,race,3602
Other Hispanic,0.6267605633802817,race,3602
Other Race - Including Multi-Racial,0.42857142857142855,race,3602
Above 4x poverty line,0.35947712418300654,income,3602
Below poverty line,0.6021798365122616,income,3602
Middle (2-4x),0.4746192893401015,income,3602
Near poverty (1-2x),0.5718157181571816,income,3602
Mexican American,0.415,race,3603
Non-Hispanic Asian,0.38271604938271603,race,3603
Non-Hispanic Black,0.624031007751938,race,3603
Non-Hispanic White,0.5565862708719852,race,3603
Other Hispanic,0.5492957746478874,race,3603
Other Race - Including Multi-Racial,0.5396825396825397,race,3603
Above 4x poverty line,0.3356164383561644,income,3603
Below poverty line,0.587467362924282,income,3603
Middle (2-4x),0.5466321243523317,income,3603
Near poverty (1-2x),0.5489130434782609,income,3603
Mexican American,0.485,race,3604
Non-Hispanic Asian,0.38271604938271603,race,3604
Non-Hispanic Black,0.5232558139534884,race,3604
Non-Hispanic White,0.5640074211502782,race,3604
Other Hispanic,0.528169014084507,race,3604
Other Race - Including Multi-Racial,0.4126984126984127,race,3604
Above 4x poverty line,0.35625,income,3604
Below poverty line,0.5843023255813954,income,3604
Middle (2-4x),0.49606299212598426,income,3604
Near poverty (1-2x),0.5552763819095478,income,3604
Mexican American,0.515,race,3605
Non-Hispanic Asian,0.30864197530864196,race,3605
Non-Hispanic Black,0.5775193798449613,race,3605
Non-Hispanic White,0.5528756957328386,race,3605
Other Hispanic,0.5563380281690141,race,3605
Other Race - Including Multi-Racial,0.6190476190476191,race,3605
Above 4x poverty line,0.38562091503267976,income,3605
Below poverty line,0.5902578796561605,income,3605
Middle (2-4x),0.4894179894179894,income,3605
Near poverty (1-2x),0.6029776674937966,income,3605
Mexican American,0.485,race,3606
Non-Hispanic Asian,0.3950617283950617,race,3606
Non-Hispanic Black,0.5542635658914729,race,3606
Non-Hispanic White,0.5435992578849722,race,3606
Other Hispanic,0.528169014084507,race,3606
Other Race - Including Multi-Racial,0.5873015873015873,race,3606
Above 4x poverty line,0.35714285714285715,income,3606
Below poverty line,0.6310975609756098,income,3606
Middle (2-4x),0.4684466019417476,income,3606
Near poverty (1-2x),0.5786666666666667,income,3606
Mexican American,0.46,race,3607
Non-Hispanic Asian,0.345679012345679,race,3607
Non-Hispanic Black,0.5581395348837209,race,3607
Non-Hispanic White,0.5677179962894249,race,3607
Other Hispanic,0.5492957746478874,race,3607
Other Race - Including Multi-Racial,0.47619047619047616,race,3607
Above 4x poverty line,0.3468208092485549,income,3607
Below poverty line,0.6099071207430341,income,3607
Middle (2-4x),0.48586118251928023,income,3607
Near poverty (1-2x),0.5829145728643216,income,3607
Mexican American,0.445,race,3608
Non-Hispanic Asian,0.3333333333333333,race,3608
Non-Hispanic Black,0.4806201550387597,race,3608
Non-Hispanic White,0.5343228200371057,race,3608
Other Hispanic,0.6126760563380281,race,3608
Other Race - Including Multi-Racial,0.5555555555555556,race,3608
Above 4x poverty line,0.35526315789473684,income,3608
Below poverty line,0.598159509202454,income,3608
Middle (2-4x),0.4486873508353222,income,3608
Near poverty (1-2x),0.5518134715025906,income,3608
Mexican American,0.455,race,3609
Non-Hispanic Asian,0.37037037037037035,race,3609
Non-Hispanic Black,0.5077519379844961,race,3609
Non-Hispanic White,0.5992578849721707,race,3609
Other Hispanic,0.5352112676056338,race,3609
Other Race - Including Multi-Racial,0.4603174603174603,race,3609
Above 4x poverty line,0.3707865168539326,income,3609
Below poverty line,0.6340057636887608,income,3609
Middle (2-4x),0.44063324538258575,income,3609
Near poverty (1-2x),0.5989445910290238,income,3609
Mexican American,0.435,race,3610
Non-Hispanic Asian,0.30864197530864196,race,3610
Non-Hispanic Black,0.6046511627906976,race,3610
Non-Hispanic White,0.5473098330241187,race,3610
Other Hispanic,0.5563380281690141,race,3610
Other Race - Including Multi-Racial,0.6190476190476191,race,3610
Above 4x poverty line,0.32044198895027626,income,3610
Below poverty line,0.6036036036036037,income,3610
Middle (2-4x),0.5151515151515151,income,3610
Near poverty (1-2x),0.5844504021447721,income,3610
Mexican American,0.455,race,3611
Non-Hispanic Asian,0.2962962962962963,race,3611
Non-Hispanic Black,0.5271317829457365,race,3611
Non-Hispanic White,0.5269016697588126,race,3611
Other Hispanic,0.5563380281690141,race,3611
Other Race - Including Multi-Racial,0.6031746031746031,race,3611
Above 4x poverty line,0.33974358974358976,income,3611
Below poverty line,0.5462184873949579,income,3611
Middle (2-4x),0.48556430446194226,income,3611
Near poverty (1-2x),0.5629820051413882,income,3611
Mexican American,0.47,race,3612
Non-Hispanic Asian,0.30864197530864196,race,3612
Non-Hispanic Black,0.5542635658914729,race,3612
Non-Hispanic White,0.5343228200371057,race,3612
Other Hispanic,0.6197183098591549,race,3612
Other Race - Including Multi-Racial,0.49206349206349204,race,3612
Above 4x poverty line,0.3048780487804878,income,3612
Below poverty line,0.5926966292134831,income,3612
Middle (2-4x),0.49453551912568305,income,3612
Near poverty (1-2x),0.5717884130982368,income,3612
Mexican American,0.46,race,3613
Non-Hispanic Asian,0.2716049382716049,race,3613
Non-Hispanic Black,0.5271317829457365,race,3613
Non-Hispanic White,0.5250463821892394,race,3613
Other Hispanic,0.5422535211267606,race,3613
Other Race - Including Multi-Racial,0.47619047619047616,race,3613
Above 4x poverty line,0.3108108108108108,income,3613
Below poverty line,0.5562130177514792,income,3613
Middle (2-4x),0.4760705289672544,income,3613
Near poverty (1-2x),0.5425,income,3613
Mexican American,0.485,race,3614
Non-Hispanic Asian,0.4074074074074074,race,3614
Non-Hispanic Black,0.5155038759689923,race,3614
Non-Hispanic White,0.536178107606679,race,3614
Other Hispanic,0.5352112676056338,race,3614
Other Race - Including Multi-Racial,0.47619047619047616,race,3614
Above 4x poverty line,0.34591194968553457,income,3614
Below poverty line,0.5734870317002881,income,3614
Middle (2-4x),0.4961832061068702,income,3614
Near poverty (1-2x),0.5442708333333334,income,3614
Mexican American,0.45,race,3615
Non-Hispanic Asian,0.32098765432098764,race,3615
Non-Hispanic Black,0.5193798449612403,race,3615
Non-Hispanic White,0.5231910946196661,race,3615
Other Hispanic,0.4788732394366197,race,3615
Other Race - Including Multi-Racial,0.47619047619047616,race,3615
Above 4x poverty line,0.27218934911242604,income,3615
Below poverty line,0.5828571428571429,income,3615
Middle (2-4x),0.4517766497461929,income,3615
Near poverty (1-2x),0.5459459459459459,income,3615
Mexican American,0.45,race,3616
Non-Hispanic Asian,0.32098765432098764,race,3616
Non-Hispanic Black,0.5465116279069767,race,3616
Non-Hispanic White,0.5269016697588126,race,3616
Other Hispanic,0.4859154929577465,race,3616
Other Race - Including Multi-Racial,0.47619047619047616,race,3616
Above 4x poverty line,0.358974358974359,income,3616
Below poverty line,0.5902140672782875,income,3616
Middle (2-4x),0.44362745098039214,income,3616
Near poverty (1-2x),0.5357142857142857,income,3616
Mexican American,0.445,race,3617
Non-Hispanic Asian,0.2962962962962963,race,3617
Non-Hispanic Black,0.5658914728682171,race,3617
Non-Hispanic White,0.549165120593692,race,3617
Other Hispanic,0.4788732394366197,race,3617
Other Race - Including Multi-Racial,0.5396825396825397,race,3617
Above 4x poverty line,0.2922077922077922,income,3617
Below poverty line,0.5982404692082112,income,3617
Middle (2-4x),0.4746192893401015,income,3617
Near poverty (1-2x),0.5609137055837563,income,3617
Mexican American,0.48,race,3618
Non-Hispanic Asian,0.35802469135802467,race,3618
Non-Hispanic Black,0.5310077519379846,race,3618
Non-Hispanic White,0.5194805194805194,race,3618
Other Hispanic,0.4507042253521127,race,3618
Other Race - Including Multi-Racial,0.6031746031746031,race,3618
Above 4x poverty line,0.3419354838709677,income,3618
Below poverty line,0.56657223796034,income,3618
Middle (2-4x),0.47794117647058826,income,3618
Near poverty (1-2x),0.5340599455040872,income,3618
Mexican American,0.355,race,3619
Non-Hispanic Asian,0.345679012345679,race,3619
Non-Hispanic Black,0.5193798449612403,race,3619
Non-Hispanic White,0.47866419294990725,race,3619
Other Hispanic,0.5,race,3619
Other Race - Including Multi-Racial,0.5714285714285714,race,3619
Above 4x poverty line,0.2981366459627329,income,3619
Below poverty line,0.54,income,3619
Middle (2-4x),0.4339152119700748,income,3619
Near poverty (1-2x),0.5040431266846361,income,3619
Mexican American,0.465,race,3620
Non-Hispanic Asian,0.32098765432098764,race,3620
Non-Hispanic Black,0.5426356589147286,race,3620
Non-Hispanic White,0.5398886827458256,race,3620
Other Hispanic,0.5774647887323944,race,3620
Other Race - Including Multi-Racial,0.5079365079365079,race,3620
Above 4x poverty line,0.39751552795031053,income,3620
Below poverty line,0.5865921787709497,income,3620
Middle (2-4x),0.4648241206030151,income,3620
Near poverty (1-2x),0.5601092896174863,income,3620
Mexican American,0.435,race,3621
Non-Hispanic Asian,0.30864197530864196,race,3621
Non-Hispanic Black,0.5193798449612403,race,3621
Non-Hispanic White,0.5584415584415584,race,3621
Other Hispanic,0.528169014084507,race,3621
Other Race - Including Multi-Racial,0.5555555555555556,race,3621
Above 4x poverty line,0.33986928104575165,income,3621
Below poverty line,0.5873925501432665,income,3621
Middle (2-4x),0.48292682926829267,income,3621
Near poverty (1-2x),0.5444743935309974,income,3621
Mexican American,0.46,race,3622
Non-Hispanic Asian,0.30864197530864196,race,3622
Non-Hispanic Black,0.5736434108527132,race,3622
Non-Hispanic White,0.5324675324675324,race,3622
Other Hispanic,0.5,race,3622
Other Race - Including Multi-Racial,0.6190476190476191,race,3622
Above 4x poverty line,0.34782608695652173,income,3622
Below poverty line,0.6017191977077364,income,3622
Middle (2-4x),0.4900990099009901,income,3622
Near poverty (1-2x),0.5365853658536586,income,3622
Mexican American,0.46,race,3623
Non-Hispanic Asian,0.345679012345679,race,3623
Non-Hispanic Black,0.5775193798449613,race,3623
Non-Hispanic White,0.5231910946196661,race,3623
Other Hispanic,0.6056338028169014,race,3623
Other Race - Including Multi-Racial,0.5873015873015873,race,3623
Above 4x poverty line,0.3742690058479532,income,3623
Below poverty line,0.6114285714285714,income,3623
Middle (2-4x),0.5013054830287206,income,3623
Near poverty (1-2x),0.5382585751978892,income,3623
Mexican American,0.46,race,3624
Non-Hispanic Asian,0.30864197530864196,race,3624
Non-Hispanic Black,0.5697674418604651,race,3624
Non-Hispanic White,0.5343228200371057,race,3624
Other Hispanic,0.5352112676056338,race,3624
Other Race - Including Multi-Racial,0.5079365079365079,race,3624
Above 4x poverty line,0.35802469135802467,income,3624
Below poverty line,0.5654761904761905,income,3624
Middle (2-4x),0.4811083123425693,income,3624
Near poverty (1-2x),0.5695876288659794,income,3624
Mexican American,0.39,race,3625
Non-Hispanic Asian,0.32098765432098764,race,3625
Non-Hispanic Black,0.5503875968992248,race,3625
Non-Hispanic White,0.5343228200371057,race,3625
Other Hispanic,0.49295774647887325,race,3625
Other Race - Including Multi-Racial,0.5555555555555556,race,3625
Above 4x poverty line,0.29651162790697677,income,3625
Below poverty line,0.5333333333333333,income,3625
Middle (2-4x),0.5365239294710328,income,3625
Near poverty (1-2x),0.5169491525423728,income,3625
Mexican American,0.455,race,3626
Non-Hispanic Asian,0.3333333333333333,race,3626
Non-Hispanic Black,0.5348837209302325,race,3626
Non-Hispanic White,0.5435992578849722,race,3626
Other Hispanic,0.5422535211267606,race,3626
Other Race - Including Multi-Racial,0.4444444444444444,race,3626
Above 4x poverty line,0.3037974683544304,income,3626
Below poverty line,0.5561797752808989,income,3626
Middle (2-4x),0.47506561679790027,income,3626
Near poverty (1-2x),0.5850515463917526,income,3626
Mexican American,0.41,race,3627
Non-Hispanic Asian,0.38271604938271603,race,3627
Non-Hispanic Black,0.5581395348837209,race,3627
Non-Hispanic White,0.5454545454545454,race,3627
Other Hispanic,0.5704225352112676,race,3627
Other Race - Including Multi-Racial,0.5555555555555556,race,3627
Above 4x poverty line,0.378698224852071,income,3627
Below poverty line,0.5581395348837209,income,3627
Middle (2-4x),0.4910941475826972,income,3627
Near poverty (1-2x),0.5782493368700266,income,3627
Mexican American,0.465,race,3628
Non-Hispanic Asian,0.30864197530864196,race,3628
Non-Hispanic Black,0.5581395348837209,race,3628
Non-Hispanic White,0.5677179962894249,race,3628
Other Hispanic,0.5140845070422535,race,3628
Other Race - Including Multi-Racial,0.5238095238095238,race,3628
Above 4x poverty line,0.2830188679245283,income,3628
Below poverty line,0.5706666666666667,income,3628
Middle (2-4x),0.4810810810810811,income,3628
Near poverty (1-2x),0.6253298153034301,income,3628
Mexican American,0.5,race,3629
Non-Hispanic Asian,0.3333333333333333,race,3629
Non-Hispanic Black,0.5310077519379846,race,3629
Non-Hispanic White,0.5528756957328386,race,3629
Other Hispanic,0.5774647887323944,race,3629
Other Race - Including Multi-Racial,0.47619047619047616,race,3629
Above 4x poverty line,0.33532934131736525,income,3629
Below poverty line,0.6018808777429467,income,3629
Middle (2-4x),0.49502487562189057,income,3629
Near poverty (1-2x),0.5746835443037974,income,3629
Mexican American,0.55,race,3630
Non-Hispanic Asian,0.3950617283950617,race,3630
Non-Hispanic Black,0.5581395348837209,race,3630
Non-Hispanic White,0.5473098330241187,race,3630
Other Hispanic,0.4788732394366197,race,3630
Other Race - Including Multi-Racial,0.5555555555555556,race,3630
Above 4x poverty line,0.3870967741935484,income,3630
Below poverty line,0.6011396011396012,income,3630
Middle (2-4x),0.47858942065491183,income,3630
Near poverty (1-2x),0.5868421052631579,income,3630
Mexican American,0.48,race,3631
Non-Hispanic Asian,0.32098765432098764,race,3631
Non-Hispanic Black,0.5736434108527132,race,3631
Non-Hispanic White,0.5343228200371057,race,3631
Other Hispanic,0.49295774647887325,race,3631
Other Race - Including Multi-Racial,0.5396825396825397,race,3631
Above 4x poverty line,0.32926829268292684,income,3631
Below poverty line,0.5739130434782609,income,3631
Middle (2-4x),0.485,income,3631
Near poverty (1-2x),0.5775401069518716,income,3631
Mexican American,0.515,race,3632
Non-Hispanic Asian,0.38271604938271603,race,3632
Non-Hispanic Black,0.5077519379844961,race,3632
Non-Hispanic White,0.5435992578849722,race,3632
Other Hispanic,0.5492957746478874,race,3632
Other Race - Including Multi-Racial,0.5079365079365079,race,3632
Above 4x poverty line,0.3120567375886525,income,3632
Below poverty line,0.6160714285714286,income,3632
Middle (2-4x),0.5,income,3632
Near poverty (1-2x),0.5346534653465347,income,3632
Mexican American,0.48,race,3633
Non-Hispanic Asian,0.30864197530864196,race,3633
Non-Hispanic Black,0.5348837209302325,race,3633
Non-Hispanic White,0.5454545454545454,race,3633
Other Hispanic,0.5633802816901409,race,3633
Other Race - Including Multi-Racial,0.6031746031746031,race,3633
Above 4x poverty line,0.2883435582822086,income,3633
Below poverty line,0.6011396011396012,income,3633
Middle (2-4x),0.538860103626943,income,3633
Near poverty (1-2x),0.5352480417754569,income,3633
Mexican American,0.5,race,3634
Non-Hispanic Asian,0.43209876543209874,race,3634
Non-Hispanic Black,0.5271317829457365,race,3634
Non-Hispanic White,0.5417439703153989,race,3634
Other Hispanic,0.6056338028169014,race,3634
Other Race - Including Multi-Racial,0.5555555555555556,race,3634
Above 4x poverty line,0.2777777777777778,income,3634
Below poverty line,0.6291793313069909,income,3634
Middle (2-4x),0.5208333333333334,income,3634
Near poverty (1-2x),0.5686274509803921,income,3634
Mexican American,0.515,race,3635
Non-Hispanic Asian,0.37037037037037035,race,3635
Non-Hispanic Black,0.5193798449612403,race,3635
Non-Hispanic White,0.5380333951762524,race,3635
Other Hispanic,0.5070422535211268,race,3635
Other Race - Including Multi-Racial,0.4444444444444444,race,3635
Above 4x poverty line,0.3090909090909091,income,3635
Below poverty line,0.58,income,3635
Middle (2-4x),0.47794117647058826,income,3635
Near poverty (1-2x),0.5777777777777777,income,3635
Mexican American,0.47,race,3636
Non-Hispanic Asian,0.35802469135802467,race,3636
Non-Hispanic Black,0.5465116279069767,race,3636
Non-Hispanic White,0.5139146567717996,race,3636
Other Hispanic,0.5422535211267606,race,3636
Other Race - Including Multi-Racial,0.49206349206349204,race,3636
Above 4x poverty line,0.3525641025641026,income,3636
Below poverty line,0.5833333333333334,income,3636
Middle (2-4x),0.44836272040302266,income,3636
Near poverty (1-2x),0.5583756345177665,income,3636
Mexican American,0.44,race,3637
Non-Hispanic Asian,0.4074074074074074,race,3637
Non-Hispanic Black,0.5658914728682171,race,3637
Non-Hispanic White,0.5454545454545454,race,3637
Other Hispanic,0.5070422535211268,race,3637
Other Race - Including Multi-Racial,0.5396825396825397,race,3637
Above 4x poverty line,0.31210191082802546,income,3637
Below poverty line,0.5877437325905293,income,3637
Middle (2-4x),0.4707379134860051,income,3637
Near poverty (1-2x),0.5935828877005348,income,3637
Mexican American,0.45,race,3638
Non-Hispanic Asian,0.37037037037037035,race,3638
Non-Hispanic Black,0.5426356589147286,race,3638
Non-Hispanic White,0.536178107606679,race,3638
Other Hispanic,0.5633802816901409,race,3638
Other Race - Including Multi-Racial,0.5238095238095238,race,3638
Above 4x poverty line,0.3581081081081081,income,3638
Below poverty line,0.5686274509803921,income,3638
Middle (2-4x),0.46578947368421053,income,3638
Near poverty (1-2x),0.5753768844221105,income,3638
Mexican American,0.485,race,3639
Non-Hispanic Asian,0.345679012345679,race,3639
Non-Hispanic Black,0.5581395348837209,race,3639
Non-Hispanic White,0.5454545454545454,race,3639
Other Hispanic,0.5985915492957746,race,3639
Other Race - Including Multi-Racial,0.5555555555555556,race,3639
Above 4x poverty line,0.37333333333333335,income,3639
Below poverty line,0.6063218390804598,income,3639
Middle (2-4x),0.48429319371727747,income,3639
Near poverty (1-2x),0.5732009925558312,income,3639
Mexican American,0.41,race,3640
Non-Hispanic Asian,0.3950617283950617,race,3640
Non-Hispanic Black,0.5736434108527132,race,3640
Non-Hispanic White,0.5473098330241187,race,3640
Other Hispanic,0.5492957746478874,race,3640
Other Race - Including Multi-Racial,0.5873015873015873,race,3640
Above 4x poverty line,0.4206896551724138,income,3640
Below poverty line,0.5565217391304348,income,3640
Middle (2-4x),0.4830097087378641,income,3640
Near poverty (1-2x),0.5774278215223098,income,3640
Mexican American,0.455,race,3641
Non-Hispanic Asian,0.345679012345679,race,3641
Non-Hispanic Black,0.5310077519379846,race,3641
Non-Hispanic White,0.5176252319109462,race,3641
Other Hispanic,0.5422535211267606,race,3641
Other Race - Including Multi-Racial,0.5079365079365079,race,3641
Above 4x poverty line,0.3407821229050279,income,3641
Below poverty line,0.6103151862464183,income,3641
Middle (2-4x),0.4708860759493671,income,3641
Near poverty (1-2x),0.5111111111111111,income,3641
Mexican American,0.545,race,3642
Non-Hispanic Asian,0.37037037037037035,race,3642
Non-Hispanic Black,0.5038759689922481,race,3642
Non-Hispanic White,0.5324675324675324,race,3642
Other Hispanic,0.5070422535211268,race,3642
Other Race - Including Multi-Racial,0.5555555555555556,race,3642
Above 4x poverty line,0.27388535031847133,income,3642
Below poverty line,0.5580736543909348,income,3642
Middle (2-4x),0.48578811369509045,income,3642
Near poverty (1-2x),0.6088082901554405,income,3642
Mexican American,0.45,race,3643
Non-Hispanic Asian,0.4691358024691358,race,3643
Non-Hispanic Black,0.5930232558139535,race,3643
Non-Hispanic White,0.562152133580705,race,3643
Other Hispanic,0.5633802816901409,race,3643
Other Race - Including Multi-Racial,0.5079365079365079,race,3643
Above 4x poverty line,0.41139240506329117,income,3643
Below poverty line,0.6197183098591549,income,3643
Middle (2-4x),0.4975728155339806,income,3643
Near poverty (1-2x),0.5754189944134078,income,3643
Mexican American,0.475,race,3644
Non-Hispanic Asian,0.37037037037037035,race,3644
Non-Hispanic Black,0.5697674418604651,race,3644
Non-Hispanic White,0.5695732838589982,race,3644
Other Hispanic,0.5211267605633803,race,3644
Other Race - Including Multi-Racial,0.6507936507936508,race,3644
Above 4x poverty line,0.3583815028901734,income,3644
Below poverty line,0.5925925925925926,income,3644
Middle (2-4x),0.5382653061224489,income,3644
Near poverty (1-2x),0.5803814713896458,income,3644
Mexican American,0.505,race,3645
Non-Hispanic Asian,0.32098765432098764,race,3645
Non-Hispanic Black,0.5193798449612403,race,3645
Non-Hispanic White,0.5398886827458256,race,3645
Other Hispanic,0.5422535211267606,race,3645
Other Race - Including Multi-Racial,0.5238095238095238,race,3645
Above 4x poverty line,0.29927007299270075,income,3645
Below poverty line,0.6239782016348774,income,3645
Middle (2-4x),0.46564885496183206,income,3645
Near poverty (1-2x),0.5414507772020726,income,3645
Mexican American,0.45,race,3646
Non-Hispanic Asian,0.38271604938271603,race,3646
Non-Hispanic Black,0.5,race,3646
Non-Hispanic White,0.4972170686456401,race,3646
Other Hispanic,0.6126760563380281,race,3646
Other Race - Including Multi-Racial,0.5873015873015873,race,3646
Above 4x poverty line,0.3609467455621302,income,3646
Below poverty line,0.5883977900552486,income,3646
Middle (2-4x),0.46153846153846156,income,3646
Near poverty (1-2x),0.5173333333333333,income,3646
Mexican American,0.46,race,3647
Non-Hispanic Asian,0.35802469135802467,race,3647
Non-Hispanic Black,0.6007751937984496,race,3647
Non-Hispanic White,0.5250463821892394,race,3647
Other Hispanic,0.5211267605633803,race,3647
Other Race - Including Multi-Racial,0.6507936507936508,race,3647
Above 4x poverty line,0.31693989071038253,income,3647
Below poverty line,0.6388059701492538,income,3647
Middle (2-4x),0.4973821989528796,income,3647
Near poverty (1-2x),0.5535248041775457,income,3647
Mexican American,0.455,race,3648
Non-Hispanic Asian,0.30864197530864196,race,3648
Non-Hispanic Black,0.5581395348837209,race,3648
Non-Hispanic White,0.5213358070500927,race,3648
Other Hispanic,0.5352112676056338,race,3648
Other Race - Including Multi-Racial,0.5555555555555556,race,3648
Above 4x poverty line,0.3108108108108108,income,3648
Below poverty line,0.5902578796561605,income,3648
Middle (2-4x),0.4621212121212121,income,3648
Near poverty (1-2x),0.5564102564102564,income,3648
Mexican American,0.5,race,3649
Non-Hispanic Asian,0.24691358024691357,race,3649
Non-Hispanic Black,0.5348837209302325,race,3649
Non-Hispanic White,0.5157699443413729,race,3649
Other Hispanic,0.5633802816901409,race,3649
Other Race - Including Multi-Racial,0.5079365079365079,race,3649
Above 4x poverty line,0.296969696969697,income,3649
Below poverty line,0.5882352941176471,income,3649
Middle (2-4x),0.47368421052631576,income,3649
Near poverty (1-2x),0.554089709762533,income,3649
Mexican American,0.445,race,3650
Non-Hispanic Asian,0.32098765432098764,race,3650
Non-Hispanic Black,0.5658914728682171,race,3650
Non-Hispanic White,0.5825602968460112,race,3650
Other Hispanic,0.5,race,3650
Other Race - Including Multi-Racial,0.5555555555555556,race,3650
Above 4x poverty line,0.3765432098765432,income,3650
Below poverty line,0.6040462427745664,income,3650
Middle (2-4x),0.4973958333333333,income,3650
Near poverty (1-2x),0.5626598465473146,income,3650
Mexican American,0.51,race,3651
Non-Hispanic Asian,0.30864197530864196,race,3651
Non-Hispanic Black,0.5426356589147286,race,3651
Non-Hispanic White,0.5417439703153989,race,3651
Other Hispanic,0.5140845070422535,race,3651
Other Race - Including Multi-Racial,0.5238095238095238,race,3651
Above 4x poverty line,0.31736526946107785,income,3651
Below poverty line,0.5847953216374269,income,3651
Middle (2-4x),0.514745308310992,income,3651
Near poverty (1-2x),0.5486284289276808,income,3651
Mexican American,0.44,race,3652
Non-Hispanic Asian,0.30864197530864196,race,3652
Non-Hispanic Black,0.562015503875969,race,3652
Non-Hispanic White,0.5435992578849722,race,3652
Other Hispanic,0.528169014084507,race,3652
Other Race - Including Multi-Racial,0.6031746031746031,race,3652
Above 4x poverty line,0.29310344827586204,income,3652
Below poverty line,0.5743440233236151,income,3652
Middle (2-4x),0.5073891625615764,income,3652
Near poverty (1-2x),0.5833333333333334,income,3652
Mexican American,0.485,race,3653
Non-Hispanic Asian,0.3333333333333333,race,3653
Non-Hispanic Black,0.5852713178294574,race,3653
Non-Hispanic White,0.5139146567717996,race,3653
Other Hispanic,0.5845070422535211,race,3653
Other Race - Including Multi-Racial,0.5873015873015873,race,3653
Above 4x poverty line,0.2535211267605634,income,3653
Below poverty line,0.5988538681948424,income,3653
Middle (2-4x),0.47794117647058826,income,3653
Near poverty (1-2x),0.6041666666666666,income,3653
Mexican American,0.455,race,3654
Non-Hispanic Asian,0.35802469135802467,race,3654
Non-Hispanic Black,0.5581395348837209,race,3654
Non-Hispanic White,0.5343228200371057,race,3654
Other Hispanic,0.4647887323943662,race,3654
Other Race - Including Multi-Racial,0.5873015873015873,race,3654
Above 4x poverty line,0.3057324840764331,income,3654
Below poverty line,0.5807365439093485,income,3654
Middle (2-4x),0.46875,income,3654
Near poverty (1-2x),0.570694087403599,income,3654
Mexican American,0.445,race,3655
Non-Hispanic Asian,0.41975308641975306,race,3655
Non-Hispanic Black,0.4844961240310077,race,3655
Non-Hispanic White,0.536178107606679,race,3655
Other Hispanic,0.5422535211267606,race,3655
Other Race - Including Multi-Racial,0.5714285714285714,race,3655
Above 4x poverty line,0.3273809523809524,income,3655
Below poverty line,0.5828402366863905,income,3655
Middle (2-4x),0.4844559585492228,income,3655
Near poverty (1-2x),0.5396419437340153,income,3655
Mexican American,0.485,race,3656
Non-Hispanic Asian,0.37037037037037035,race,3656
Non-Hispanic Black,0.5465116279069767,race,3656
Non-Hispanic White,0.575139146567718,race,3656
Other Hispanic,0.5633802816901409,race,3656
Other Race - Including Multi-Racial,0.5079365079365079,race,3656
Above 4x poverty line,0.3575757575757576,income,3656
Below poverty line,0.5602240896358543,income,3656
Middle (2-4x),0.5201005025125628,income,3656
Near poverty (1-2x),0.6170798898071626,income,3656
Mexican American,0.52,race,3657
Non-Hispanic Asian,0.345679012345679,race,3657
Non-Hispanic Black,0.5891472868217055,race,3657
Non-Hispanic White,0.5769944341372912,race,3657
Other Hispanic,0.5633802816901409,race,3657
Other Race - Including Multi-Racial,0.49206349206349204,race,3657
Above 4x poverty line,0.4024390243902439,income,3657
Below poverty line,0.6301775147928994,income,3657
Middle (2-4x),0.5228426395939086,income,3657
Near poverty (1-2x),0.5710594315245479,income,3657
Mexican American,0.49,race,3658
Non-Hispanic Asian,0.38271604938271603,race,3658
Non-Hispanic Black,0.5426356589147286,race,3658
Non-Hispanic White,0.5417439703153989,race,3658
Other Hispanic,0.5352112676056338,race,3658
Other Race - Including Multi-Racial,0.5555555555555556,race,3658
Above 4x poverty line,0.34394904458598724,income,3658
Below poverty line,0.5825825825825826,income,3658
Middle (2-4x),0.47890818858560796,income,3658
Near poverty (1-2x),0.5923076923076923,income,3658
Mexican American,0.42,race,3659
Non-Hispanic Asian,0.38271604938271603,race,3659
Non-Hispanic Black,0.5038759689922481,race,3659
Non-Hispanic White,0.5343228200371057,race,3659
Other Hispanic,0.528169014084507,race,3659
Other Race - Including Multi-Racial,0.4603174603174603,race,3659
Above 4x poverty line,0.3219178082191781,income,3659
Below poverty line,0.5804597701149425,income,3659
Middle (2-4x),0.43596059113300495,income,3659
Near poverty (1-2x),0.5509138381201044,income,3659
Mexican American,0.44,race,3660
Non-Hispanic Asian,0.345679012345679,race,3660
Non-Hispanic Black,0.5116279069767442,race,3660
Non-Hispanic White,0.5677179962894249,race,3660
Other Hispanic,0.5211267605633803,race,3660
Other Race - Including Multi-Racial,0.5079365079365079,race,3660
Above 4x poverty line,0.37267080745341613,income,3660
Below poverty line,0.5802139037433155,income,3660
Middle (2-4x),0.4888268156424581,income,3660
Near poverty (1-2x),0.5333333333333333,income,3660
Mexican American,0.42,race,3661
Non-Hispanic Asian,0.35802469135802467,race,3661
Non-Hispanic Black,0.5697674418604651,race,3661
Non-Hispanic White,0.5640074211502782,race,3661
Other Hispanic,0.5422535211267606,race,3661
Other Race - Including Multi-Racial,0.5396825396825397,race,3661
Above 4x poverty line,0.3416149068322981,income,3661
Below poverty line,0.6287425149700598,income,3661
Middle (2-4x),0.4873096446700508,income,3661
Near poverty (1-2x),0.5532994923857868,income,3661
Mexican American,0.475,race,3662
Non-Hispanic Asian,0.37037037037037035,race,3662
Non-Hispanic Black,0.5077519379844961,race,3662
Non-Hispanic White,0.5510204081632653,race,3662
Other Hispanic,0.5422535211267606,race,3662
Other Race - Including Multi-Racial,0.6349206349206349,race,3662
Above 4x poverty line,0.34615384615384615,income,3662
Below poverty line,0.5851648351648352,income,3662
Middle (2-4x),0.5074626865671642,income,3662
Near poverty (1-2x),0.5512465373961218,income,3662
Mexican American,0.435,race,3663
Non-Hispanic Asian,0.37037037037037035,race,3663
Non-Hispanic Black,0.5658914728682171,race,3663
Non-Hispanic White,0.5194805194805194,race,3663
Other Hispanic,0.4154929577464789,race,3663
Other Race - Including Multi-Racial,0.5079365079365079,race,3663
Above 4x poverty line,0.32515337423312884,income,3663
Below poverty line,0.58125,income,3663
Middle (2-4x),0.44139650872817954,income,3663
Near poverty (1-2x),0.5463659147869674,income,3663
Mexican American,0.49,race,3664
Non-Hispanic Asian,0.38271604938271603,race,3664
Non-Hispanic Black,0.5581395348837209,race,3664
Non-Hispanic White,0.5454545454545454,race,3664
Other Hispanic,0.5,race,3664
Other Race - Including Multi-Racial,0.5396825396825397,race,3664
Above 4x poverty line,0.2916666666666667,income,3664
Below poverty line,0.5955678670360111,income,3664
Middle (2-4x),0.47901234567901235,income,3664
Near poverty (1-2x),0.5924932975871313,income,3664
Mexican American,0.44,race,3665
Non-Hispanic Asian,0.2962962962962963,race,3665
Non-Hispanic Black,0.5813953488372093,race,3665
Non-Hispanic White,0.5306122448979592,race,3665
Other Hispanic,0.5492957746478874,race,3665
Other Race - Including Multi-Racial,0.5714285714285714,race,3665
Above 4x poverty line,0.3888888888888889,income,3665
Below poverty line,0.5838323353293413,income,3665
Middle (2-4x),0.4704370179948586,income,3665
Near poverty (1-2x),0.5552763819095478,income,3665
Mexican American,0.48,race,3666
Non-Hispanic Asian,0.38271604938271603,race,3666
Non-Hispanic Black,0.562015503875969,race,3666
Non-Hispanic White,0.5343228200371057,race,3666
Other Hispanic,0.528169014084507,race,3666
Other Race - Including Multi-Racial,0.5555555555555556,race,3666
Above 4x poverty line,0.4251497005988024,income,3666
Below poverty line,0.6,income,3666
Middle (2-4x),0.48787061994609165,income,3666
Near poverty (1-2x),0.5236842105263158,income,3666
Mexican American,0.505,race,3667
Non-Hispanic Asian,0.345679012345679,race,3667
Non-Hispanic Black,0.5232558139534884,race,3667
Non-Hispanic White,0.5677179962894249,race,3667
Other Hispanic,0.5633802816901409,race,3667
Other Race - Including Multi-Racial,0.6031746031746031,race,3667
Above 4x poverty line,0.4088050314465409,income,3667
Below poverty line,0.6246498599439776,income,3667
Middle (2-4x),0.47191011235955055,income,3667
Near poverty (1-2x),0.5644768856447688,income,3667
Mexican American,0.435,race,3668
Non-Hispanic Asian,0.3333333333333333,race,3668
Non-Hispanic Black,0.5930232558139535,race,3668
Non-Hispanic White,0.5287569573283859,race,3668
Other Hispanic,0.5422535211267606,race,3668
Other Race - Including Multi-Racial,0.5873015873015873,race,3668
Above 4x poverty line,0.3680555555555556,income,3668
Below poverty line,0.592814371257485,income,3668
Middle (2-4x),0.44963144963144963,income,3668
Near poverty (1-2x),0.5829145728643216,income,3668
Mexican American,0.49,race,3669
Non-Hispanic Asian,0.3333333333333333,race,3669
Non-Hispanic Black,0.5542635658914729,race,3669
Non-Hispanic White,0.536178107606679,race,3669
Other Hispanic,0.5140845070422535,race,3669
Other Race - Including Multi-Racial,0.5079365079365079,race,3669
Above 4x poverty line,0.3825503355704698,income,3669
Below poverty line,0.5826558265582655,income,3669
Middle (2-4x),0.44836272040302266,income,3669
Near poverty (1-2x),0.5760869565217391,income,3669
Mexican American,0.475,race,3670
Non-Hispanic Asian,0.2716049382716049,race,3670
Non-Hispanic Black,0.5348837209302325,race,3670
Non-Hispanic White,0.5714285714285714,race,3670
Other Hispanic,0.5352112676056338,race,3670
Other Race - Including Multi-Racial,0.6666666666666666,race,3670
Above 4x poverty line,0.30857142857142855,income,3670
Below poverty line,0.6066066066066066,income,3670
Middle (2-4x),0.4884318766066838,income,3670
Near poverty (1-2x),0.6088082901554405,income,3670
Mexican American,0.445,race,3671
Non-Hispanic Asian,0.35802469135802467,race,3671
Non-Hispanic Black,0.5387596899224806,race,3671
Non-Hispanic White,0.5287569573283859,race,3671
Other Hispanic,0.5,race,3671
Other Race - Including Multi-Racial,0.5079365079365079,race,3671
Above 4x poverty line,0.3691275167785235,income,3671
Below poverty line,0.5571030640668524,income,3671
Middle (2-4x),0.47435897435897434,income,3671
Near poverty (1-2x),0.5324675324675324,income,3671
Mexican American,0.485,race,3672
Non-Hispanic Asian,0.345679012345679,race,3672
Non-Hispanic Black,0.5426356589147286,race,3672
Non-Hispanic White,0.5602968460111317,race,3672
Other Hispanic,0.5352112676056338,race,3672
Other Race - Including Multi-Racial,0.5079365079365079,race,3672
Above 4x poverty line,0.36363636363636365,income,3672
Below poverty line,0.6147058823529412,income,3672
Middle (2-4x),0.5138539042821159,income,3672
Near poverty (1-2x),0.5301837270341208,income,3672
Mexican American,0.48,race,3673
Non-Hispanic Asian,0.37037037037037035,race,3673
Non-Hispanic Black,0.5348837209302325,race,3673
Non-Hispanic White,0.549165120593692,race,3673
Other Hispanic,0.44366197183098594,race,3673
Other Race - Including Multi-Racial,0.47619047619047616,race,3673
Above 4x poverty line,0.32679738562091504,income,3673
Below poverty line,0.5403899721448467,income,3673
Middle (2-4x),0.4914004914004914,income,3673
Near poverty (1-2x),0.5741758241758241,income,3673
Mexican American,0.45,race,3674
Non-Hispanic Asian,0.38271604938271603,race,3674
Non-Hispanic Black,0.5387596899224806,race,3674
Non-Hispanic White,0.5640074211502782,race,3674
Other Hispanic,0.5140845070422535,race,3674
Other Race - Including Multi-Racial,0.42857142857142855,race,3674
Above 4x poverty line,0.3503184713375796,income,3674
Below poverty line,0.5988023952095808,income,3674
Middle (2-4x),0.491183879093199,income,3674
Near poverty (1-2x),0.5417721518987342,income,3674
Mexican American,0.48,race,3675
Non-Hispanic Asian,0.2716049382716049,race,3675
Non-Hispanic Black,0.5581395348837209,race,3675
Non-Hispanic White,0.5473098330241187,race,3675
Other Hispanic,0.5140845070422535,race,3675
Other Race - Including Multi-Racial,0.5555555555555556,race,3675
Above 4x poverty line,0.3395061728395062,income,3675
Below poverty line,0.616519174041298,income,3675
Middle (2-4x),0.46564885496183206,income,3675
Near poverty (1-2x),0.5604113110539846,income,3675
Mexican American,0.51,race,3676
Non-Hispanic Asian,0.2839506172839506,race,3676
Non-Hispanic Black,0.5697674418604651,race,3676
Non-Hispanic White,0.5658627087198516,race,3676
Other Hispanic,0.5563380281690141,race,3676
Other Race - Including Multi-Racial,0.4603174603174603,race,3676
Above 4x poverty line,0.3313953488372093,income,3676
Below poverty line,0.584070796460177,income,3676
Middle (2-4x),0.48621553884711777,income,3676
Near poverty (1-2x),0.6327077747989276,income,3676
Mexican American,0.45,race,3677
Non-Hispanic Asian,0.25925925925925924,race,3677
Non-Hispanic Black,0.5348837209302325,race,3677
Non-Hispanic White,0.5213358070500927,race,3677
Other Hispanic,0.5633802816901409,race,3677
Other Race - Including Multi-Racial,0.5555555555555556,race,3677
Above 4x poverty line,0.24836601307189543,income,3677
Below poverty line,0.5959302325581395,income,3677
Middle (2-4x),0.465,income,3677
Near poverty (1-2x),0.5595854922279793,income,3677
Mexican American,0.435,race,3678
Non-Hispanic Asian,0.30864197530864196,race,3678
Non-Hispanic Black,0.5465116279069767,race,3678
Non-Hispanic White,0.5658627087198516,race,3678
Other Hispanic,0.5422535211267606,race,3678
Other Race - Including Multi-Racial,0.4603174603174603,race,3678
Above 4x poverty line,0.3743016759776536,income,3678
Below poverty line,0.5634218289085545,income,3678
Middle (2-4x),0.4868421052631579,income,3678
Near poverty (1-2x),0.574025974025974,income,3678
Mexican American,0.445,race,3679
Non-Hispanic Asian,0.2345679012345679,race,3679
Non-Hispanic Black,0.5891472868217055,race,3679
Non-Hispanic White,0.562152133580705,race,3679
Other Hispanic,0.4859154929577465,race,3679
Other Race - Including Multi-Racial,0.5238095238095238,race,3679
Above 4x poverty line,0.31901840490797545,income,3679
Below poverty line,0.6028169014084507,income,3679
Middle (2-4x),0.4659949622166247,income,3679
Near poverty (1-2x),0.5815217391304348,income,3679
Mexican American,0.445,race,3680
Non-Hispanic Asian,0.37037037037037035,race,3680
Non-Hispanic Black,0.5658914728682171,race,3680
Non-Hispanic White,0.5417439703153989,race,3680
Other Hispanic,0.47183098591549294,race,3680
Other Race - Including Multi-Racial,0.5238095238095238,race,3680
Above 4x poverty line,0.3353658536585366,income,3680
Below poverty line,0.5660919540229885,income,3680
Middle (2-4x),0.5,income,3680
Near poverty (1-2x),0.5509138381201044,income,3680
Mexican American,0.43,race,3681
Non-Hispanic Asian,0.30864197530864196,race,3681
Non-Hispanic Black,0.5426356589147286,race,3681
Non-Hispanic White,0.5714285714285714,race,3681
Other Hispanic,0.5140845070422535,race,3681
Other Race - Including Multi-Racial,0.5555555555555556,race,3681
Above 4x poverty line,0.3125,income,3681
Below poverty line,0.56657223796034,income,3681
Middle (2-4x),0.5012406947890818,income,3681
Near poverty (1-2x),0.5858310626702997,income,3681
Mexican American,0.48,race,3682
Non-Hispanic Asian,0.41975308641975306,race,3682
Non-Hispanic Black,0.5813953488372093,race,3682
Non-Hispanic White,0.5435992578849722,race,3682
Other Hispanic,0.5633802816901409,race,3682
Other Race - Including Multi-Racial,0.5396825396825397,race,3682
Above 4x poverty line,0.37267080745341613,income,3682
Below poverty line,0.6114285714285714,income,3682
Middle (2-4x),0.4960835509138381,income,3682
Near poverty (1-2x),0.5732647814910026,income,3682
Mexican American,0.45,race,3683
Non-Hispanic Asian,0.3333333333333333,race,3683
Non-Hispanic Black,0.6395348837209303,race,3683
Non-Hispanic White,0.5269016697588126,race,3683
Other Hispanic,0.528169014084507,race,3683
Other Race - Including Multi-Racial,0.5079365079365079,race,3683
Above 4x poverty line,0.3375,income,3683
Below poverty line,0.5835694050991501,income,3683
Middle (2-4x),0.4754521963824289,income,3683
Near poverty (1-2x),0.597911227154047,income,3683
Mexican American,0.445,race,3684
Non-Hispanic Asian,0.345679012345679,race,3684
Non-Hispanic Black,0.5891472868217055,race,3684
Non-Hispanic White,0.5454545454545454,race,3684
Other Hispanic,0.4859154929577465,race,3684
Other Race - Including Multi-Racial,0.6190476190476191,race,3684
Above 4x poverty line,0.35294117647058826,income,3684
Below poverty line,0.5975609756097561,income,3684
Middle (2-4x),0.5025641025641026,income,3684
Near poverty (1-2x),0.5544303797468354,income,3684
Mexican American,0.435,race,3685
Non-Hispanic Asian,0.3333333333333333,race,3685
Non-Hispanic Black,0.5581395348837209,race,3685
Non-Hispanic White,0.5417439703153989,race,3685
Other Hispanic,0.4788732394366197,race,3685
Other Race - Including Multi-Racial,0.5555555555555556,race,3685
Above 4x poverty line,0.26573426573426573,income,3685
Below poverty line,0.5941176470588235,income,3685
Middle (2-4x),0.4825,income,3685
Near poverty (1-2x),0.55,income,3685
Mexican American,0.43,race,3686
Non-Hispanic Asian,0.3333333333333333,race,3686
Non-Hispanic Black,0.5775193798449613,race,3686
Non-Hispanic White,0.5435992578849722,race,3686
Other Hispanic,0.5140845070422535,race,3686
Other Race - Including Multi-Racial,0.4603174603174603,race,3686
Above 4x poverty line,0.26811594202898553,income,3686
Below poverty line,0.5947521865889213,income,3686
Middle (2-4x),0.4613466334164589,income,3686
Near poverty (1-2x),0.5760598503740648,income,3686
Mexican American,0.44,race,3687
Non-Hispanic Asian,0.37037037037037035,race,3687
Non-Hispanic Black,0.5426356589147286,race,3687
Non-Hispanic White,0.5602968460111317,race,3687
Other Hispanic,0.5,race,3687
Other Race - Including Multi-Racial,0.4603174603174603,race,3687
Above 4x poverty line,0.4155844155844156,income,3687
Below poverty line,0.5521126760563381,income,3687
Middle (2-4x),0.46898263027295284,income,3687
Near poverty (1-2x),0.568733153638814,income,3687
Mexican American,0.445,race,3688
Non-Hispanic Asian,0.41975308641975306,race,3688
Non-Hispanic Black,0.5968992248062015,race,3688
Non-Hispanic White,0.5454545454545454,race,3688
Other Hispanic,0.4647887323943662,race,3688
Other Race - Including Multi-Racial,0.47619047619047616,race,3688
Above 4x poverty line,0.34,income,3688
Below poverty line,0.5994236311239193,income,3688
Middle (2-4x),0.48564593301435405,income,3688
Near poverty (1-2x),0.5570652173913043,income,3688
Mexican American,0.41,race,3689
Non-Hispanic Asian,0.35802469135802467,race,3689
Non-Hispanic Black,0.5658914728682171,race,3689
Non-Hispanic White,0.5584415584415584,race,3689
Other Hispanic,0.5070422535211268,race,3689
Other Race - Including Multi-Racial,0.6666666666666666,race,3689
Above 4x poverty line,0.3586206896551724,income,3689
Below poverty line,0.6028169014084507,income,3689
Middle (2-4x),0.46867167919799496,income,3689
Near poverty (1-2x),0.5703125,income,3689
Mexican American,0.485,race,3690
Non-Hispanic Asian,0.4074074074074074,race,3690
Non-Hispanic Black,0.562015503875969,race,3690
Non-Hispanic White,0.5788497217068646,race,3690
Other Hispanic,0.5352112676056338,race,3690
Other Race - Including Multi-Racial,0.49206349206349204,race,3690
Above 4x poverty line,0.38181818181818183,income,3690
Below poverty line,0.5982142857142857,income,3690
Middle (2-4x),0.5087281795511222,income,3690
Near poverty (1-2x),0.5931758530183727,income,3690
Mexican American,0.435,race,3691
Non-Hispanic Asian,0.38271604938271603,race,3691
Non-Hispanic Black,0.5038759689922481,race,3691
Non-Hispanic White,0.5565862708719852,race,3691
Other Hispanic,0.5422535211267606,race,3691
Other Race - Including Multi-Racial,0.47619047619047616,race,3691
Above 4x poverty line,0.32903225806451614,income,3691
Below poverty line,0.59375,income,3691
Middle (2-4x),0.43,income,3691
Near poverty (1-2x),0.5930851063829787,income,3691
Mexican American,0.425,race,3692
Non-Hispanic Asian,0.37037037037037035,race,3692
Non-Hispanic Black,0.562015503875969,race,3692
Non-Hispanic White,0.5380333951762524,race,3692
Other Hispanic,0.5070422535211268,race,3692
Other Race - Including Multi-Racial,0.6349206349206349,race,3692
Above 4x poverty line,0.32954545454545453,income,3692
Below poverty line,0.6194690265486725,income,3692
Middle (2-4x),0.4793814432989691,income,3692
Near poverty (1-2x),0.5473684210526316,income,3692
Mexican American,0.45,race,3693
Non-Hispanic Asian,0.35802469135802467,race,3693
Non-Hispanic Black,0.5426356589147286,race,3693
Non-Hispanic White,0.5176252319109462,race,3693
Other Hispanic,0.5,race,3693
Other Race - Including Multi-Racial,0.6666666666666666,race,3693
Above 4x poverty line,0.3291139240506329,income,3693
Below poverty line,0.5959302325581395,income,3693
Middle (2-4x),0.4659949622166247,income,3693
Near poverty (1-2x),0.5442708333333334,income,3693
Mexican American,0.445,race,3694
Non-Hispanic Asian,0.30864197530864196,race,3694
Non-Hispanic Black,0.5736434108527132,race,3694
Non-Hispanic White,0.5417439703153989,race,3694
Other Hispanic,0.5774647887323944,race,3694
Other Race - Including Multi-Racial,0.6190476190476191,race,3694
Above 4x poverty line,0.34355828220858897,income,3694
Below poverty line,0.6074498567335244,income,3694
Middle (2-4x),0.449468085106383,income,3694
Near poverty (1-2x),0.6025316455696202,income,3694
Mexican American,0.405,race,3695
Non-Hispanic Asian,0.3333333333333333,race,3695
Non-Hispanic Black,0.5465116279069767,race,3695
Non-Hispanic White,0.5677179962894249,race,3695
Other Hispanic,0.5352112676056338,race,3695
Other Race - Including Multi-Racial,0.5555555555555556,race,3695
Above 4x poverty line,0.3263888888888889,income,3695
Below poverty line,0.623229461756374,income,3695
Middle (2-4x),0.4517766497461929,income,3695
Near poverty (1-2x),0.5637755102040817,income,3695
Mexican American,0.45,race,3696
Non-Hispanic Asian,0.3333333333333333,race,3696
Non-Hispanic Black,0.5581395348837209,race,3696
Non-Hispanic White,0.5287569573283859,race,3696
Other Hispanic,0.5070422535211268,race,3696
Other Race - Including Multi-Racial,0.5238095238095238,race,3696
Above 4x poverty line,0.3235294117647059,income,3696
Below poverty line,0.562874251497006,income,3696
Middle (2-4x),0.4742014742014742,income,3696
Near poverty (1-2x),0.5779569892473119,income,3696
Mexican American,0.475,race,3697
Non-Hispanic Asian,0.2839506172839506,race,3697
Non-Hispanic Black,0.5503875968992248,race,3697
Non-Hispanic White,0.5287569573283859,race,3697
Other Hispanic,0.5563380281690141,race,3697
Other Race - Including Multi-Racial,0.4603174603174603,race,3697
Above 4x poverty line,0.32666666666666666,income,3697
Below poverty line,0.58,income,3697
Middle (2-4x),0.4875,income,3697
Near poverty (1-2x),0.5378590078328982,income,3697
Mexican American,0.43,race,3698
Non-Hispanic Asian,0.3333333333333333,race,3698
Non-Hispanic Black,0.624031007751938,race,3698
Non-Hispanic White,0.536178107606679,race,3698
Other Hispanic,0.5422535211267606,race,3698
Other Race - Including Multi-Racial,0.5079365079365079,race,3698
Above 4x poverty line,0.3888888888888889,income,3698
Below poverty line,0.5911602209944752,income,3698
Middle (2-4x),0.46632124352331605,income,3698
Near poverty (1-2x),0.5764075067024129,income,3698
Mexican American,0.47,race,3699
Non-Hispanic Asian,0.41975308641975306,race,3699
Non-Hispanic Black,0.5387596899224806,race,3699
Non-Hispanic White,0.5306122448979592,race,3699
Other Hispanic,0.5422535211267606,race,3699
Other Race - Including Multi-Racial,0.5238095238095238,race,3699
Above 4x poverty line,0.3333333333333333,income,3699
Below poverty line,0.5989159891598916,income,3699
Middle (2-4x),0.4592391304347826,income,3699
Near poverty (1-2x),0.5703125,income,3699
Mexican American,0.4,race,3700
Non-Hispanic Asian,0.345679012345679,race,3700
Non-Hispanic Black,0.5348837209302325,race,3700
Non-Hispanic White,0.49165120593692024,race,3700
Other Hispanic,0.5352112676056338,race,3700
Other Race - Including Multi-Racial,0.5555555555555556,race,3700
Above 4x poverty line,0.3023255813953488,income,3700
Below poverty line,0.5611111111111111,income,3700
Middle (2-4x),0.42063492063492064,income,3700
Near poverty (1-2x),0.5603217158176944,income,3700
Mexican American,0.48,race,3701
Non-Hispanic Asian,0.35802469135802467,race,3701
Non-Hispanic Black,0.5697674418604651,race,3701
Non-Hispanic White,0.536178107606679,race,3701
Other Hispanic,0.5352112676056338,race,3701
Other Race - Including Multi-Racial,0.5873015873015873,race,3701
Above 4x poverty line,0.2866666666666667,income,3701
Below poverty line,0.624,income,3701
Middle (2-4x),0.5132978723404256,income,3701
Near poverty (1-2x),0.5340314136125655,income,3701
Mexican American,0.46,race,3702
Non-Hispanic Asian,0.37037037037037035,race,3702
Non-Hispanic Black,0.5736434108527132,race,3702
Non-Hispanic White,0.5324675324675324,race,3702
Other Hispanic,0.5352112676056338,race,3702
Other Race - Including Multi-Racial,0.5555555555555556,race,3702
Above 4x poverty line,0.35260115606936415,income,3702
Below poverty line,0.6,income,3702
Middle (2-4x),0.4793814432989691,income,3702
Near poverty (1-2x),0.5667574931880109,income,3702
Mexican American,0.44,race,3703
Non-Hispanic Asian,0.35802469135802467,race,3703
Non-Hispanic Black,0.5581395348837209,race,3703
Non-Hispanic White,0.549165120593692,race,3703
Other Hispanic,0.5,race,3703
Other Race - Including Multi-Racial,0.49206349206349204,race,3703
Above 4x poverty line,0.32571428571428573,income,3703
Below poverty line,0.6017964071856288,income,3703
Middle (2-4x),0.4823232323232323,income,3703
Near poverty (1-2x),0.5555555555555556,income,3703
Mexican American,0.515,race,3704
Non-Hispanic Asian,0.2716049382716049,race,3704
Non-Hispanic Black,0.6007751937984496,race,3704
Non-Hispanic White,0.5640074211502782,race,3704
Other Hispanic,0.49295774647887325,race,3704
Other Race - Including Multi-Racial,0.4444444444444444,race,3704
Above 4x poverty line,0.4012345679012346,income,3704
Below poverty line,0.5977337110481586,income,3704
Middle (2-4x),0.5253807106598984,income,3704
Near poverty (1-2x),0.5320855614973262,income,3704
Mexican American,0.425,race,3705
Non-Hispanic Asian,0.4074074074074074,race,3705
Non-Hispanic Black,0.5852713178294574,race,3705
Non-Hispanic White,0.5343228200371057,race,3705
Other Hispanic,0.5140845070422535,race,3705
Other Race - Including Multi-Racial,0.5079365079365079,race,3705
Above 4x poverty line,0.39106145251396646,income,3705
Below poverty line,0.547486033519553,income,3705
Middle (2-4x),0.5118110236220472,income,3705
Near poverty (1-2x),0.5506849315068493,income,3705
Mexican American,0.41,race,3706
Non-Hispanic Asian,0.345679012345679,race,3706
Non-Hispanic Black,0.5813953488372093,race,3706
Non-Hispanic White,0.5324675324675324,race,3706
Other Hispanic,0.5140845070422535,race,3706
Other Race - Including Multi-Racial,0.5873015873015873,race,3706
Above 4x poverty line,0.310126582278481,income,3706
Below poverty line,0.5769230769230769,income,3706
Middle (2-4x),0.47354497354497355,income,3706
Near poverty (1-2x),0.5718015665796344,income,3706
Mexican American,0.485,race,3707
Non-Hispanic Asian,0.25925925925925924,race,3707
Non-Hispanic Black,0.5697674418604651,race,3707
Non-Hispanic White,0.5602968460111317,race,3707
Other Hispanic,0.5563380281690141,race,3707
Other Race - Including Multi-Racial,0.49206349206349204,race,3707
Above 4x poverty line,0.30405405405405406,income,3707
Below poverty line,0.5854341736694678,income,3707
Middle (2-4x),0.4777227722772277,income,3707
Near poverty (1-2x),0.6149732620320856,income,3707
Mexican American,0.46,race,3708
Non-Hispanic Asian,0.2716049382716049,race,3708
Non-Hispanic Black,0.5232558139534884,race,3708
Non-Hispanic White,0.549165120593692,race,3708
Other Hispanic,0.528169014084507,race,3708
Other Race - Including Multi-Racial,0.6507936507936508,race,3708
Above 4x poverty line,0.34868421052631576,income,3708
Below poverty line,0.6011730205278593,income,3708
Middle (2-4x),0.4892601431980907,income,3708
Near poverty (1-2x),0.5336927223719676,income,3708
Mexican American,0.47,race,3709
Non-Hispanic Asian,0.32098765432098764,race,3709
Non-Hispanic Black,0.5077519379844961,race,3709
Non-Hispanic White,0.5417439703153989,race,3709
Other Hispanic,0.49295774647887325,race,3709
Other Race - Including Multi-Racial,0.49206349206349204,race,3709
Above 4x poverty line,0.3333333333333333,income,3709
Below poverty line,0.5565217391304348,income,3709
Middle (2-4x),0.44844124700239807,income,3709
Near poverty (1-2x),0.5718015665796344,income,3709
Mexican American,0.47,race,3710
Non-Hispanic Asian,0.30864197530864196,race,3710
Non-Hispanic Black,0.5503875968992248,race,3710
Non-Hispanic White,0.5306122448979592,race,3710
Other Hispanic,0.5633802816901409,race,3710
Other Race - Including Multi-Racial,0.5873015873015873,race,3710
Above 4x poverty line,0.34104046242774566,income,3710
Below poverty line,0.5915492957746479,income,3710
Middle (2-4x),0.489247311827957,income,3710
Near poverty (1-2x),0.556135770234987,income,3710
Mexican American,0.385,race,3711
Non-Hispanic Asian,0.2962962962962963,race,3711
Non-Hispanic Black,0.5271317829457365,race,3711
Non-Hispanic White,0.5046382189239332,race,3711
Other Hispanic,0.5633802816901409,race,3711
Other Race - Including Multi-Racial,0.4603174603174603,race,3711
Above 4x poverty line,0.3063583815028902,income,3711
Below poverty line,0.5922619047619048,income,3711
Middle (2-4x),0.44642857142857145,income,3711
Near poverty (1-2x),0.5,income,3711
Mexican American,0.42,race,3712
Non-Hispanic Asian,0.41975308641975306,race,3712
Non-Hispanic Black,0.562015503875969,race,3712
Non-Hispanic White,0.5287569573283859,race,3712
Other Hispanic,0.4859154929577465,race,3712
Other Race - Including Multi-Racial,0.5238095238095238,race,3712
Above 4x poverty line,0.38311688311688313,income,3712
Below poverty line,0.5761772853185596,income,3712
Middle (2-4x),0.4751958224543081,income,3712
Near poverty (1-2x),0.522077922077922,income,3712
Mexican American,0.475,race,3713
Non-Hispanic Asian,0.4444444444444444,race,3713
Non-Hispanic Black,0.5387596899224806,race,3713
Non-Hispanic White,0.5454545454545454,race,3713
Other Hispanic,0.5211267605633803,race,3713
Other Race - Including Multi-Racial,0.5555555555555556,race,3713
Above 4x poverty line,0.36464088397790057,income,3713
Below poverty line,0.5674931129476584,income,3713
Middle (2-4x),0.49591280653950953,income,3713
Near poverty (1-2x),0.5887096774193549,income,3713
Mexican American,0.44,race,3714
Non-Hispanic Asian,0.38271604938271603,race,3714
Non-Hispanic Black,0.5658914728682171,race,3714
Non-Hispanic White,0.5398886827458256,race,3714
Other Hispanic,0.5774647887323944,race,3714
Other Race - Including Multi-Racial,0.5079365079365079,race,3714
Above 4x poverty line,0.3333333333333333,income,3714
Below poverty line,0.6303030303030303,income,3714
Middle (2-4x),0.4659949622166247,income,3714
Near poverty (1-2x),0.575197889182058,income,3714
Mexican American,0.445,race,3715
Non-Hispanic Asian,0.32098765432098764,race,3715
Non-Hispanic Black,0.5426356589147286,race,3715
Non-Hispanic White,0.5250463821892394,race,3715
Other Hispanic,0.5492957746478874,race,3715
Other Race - Including Multi-Racial,0.5079365079365079,race,3715
Above 4x poverty line,0.32954545454545453,income,3715
Below poverty line,0.5654596100278552,income,3715
Middle (2-4x),0.4919786096256685,income,3715
Near poverty (1-2x),0.5427807486631016,income,3715
Mexican American,0.455,race,3716
Non-Hispanic Asian,0.2716049382716049,race,3716
Non-Hispanic Black,0.5465116279069767,race,3716
Non-Hispanic White,0.5473098330241187,race,3716
Other Hispanic,0.528169014084507,race,3716
Other Race - Including Multi-Racial,0.4444444444444444,race,3716
Above 4x poverty line,0.3136094674556213,income,3716
Below poverty line,0.5649717514124294,income,3716
Middle (2-4x),0.45555555555555555,income,3716
Near poverty (1-2x),0.5875,income,3716
Mexican American,0.425,race,3717
Non-Hispanic Asian,0.4567901234567901,race,3717
Non-Hispanic Black,0.5271317829457365,race,3717
Non-Hispanic White,0.5510204081632653,race,3717
Other Hispanic,0.528169014084507,race,3717
Other Race - Including Multi-Racial,0.5714285714285714,race,3717
Above 4x poverty line,0.35714285714285715,income,3717
Below poverty line,0.6,income,3717
Middle (2-4x),0.4837837837837838,income,3717
Near poverty (1-2x),0.5466666666666666,income,3717
Mexican American,0.51,race,3718
Non-Hispanic Asian,0.2716049382716049,race,3718
Non-Hispanic Black,0.5503875968992248,race,3718
Non-Hispanic White,0.5139146567717996,race,3718
Other Hispanic,0.4788732394366197,race,3718
Other Race - Including Multi-Racial,0.6666666666666666,race,3718
Above 4x poverty line,0.3618421052631579,income,3718
Below poverty line,0.597667638483965,income,3718
Middle (2-4x),0.4536082474226804,income,3718
Near poverty (1-2x),0.5425,income,3718
Mexican American,0.425,race,3719
Non-Hispanic Asian,0.38271604938271603,race,3719
Non-Hispanic Black,0.5387596899224806,race,3719
Non-Hispanic White,0.5250463821892394,race,3719
Other Hispanic,0.5704225352112676,race,3719
Other Race - Including Multi-Racial,0.5079365079365079,race,3719
Above 4x poverty line,0.3496932515337423,income,3719
Below poverty line,0.5722379603399433,income,3719
Middle (2-4x),0.4756756756756757,income,3719
Near poverty (1-2x),0.5440806045340051,income,3719
Mexican American,0.46,race,3720
Non-Hispanic Asian,0.32098765432098764,race,3720
Non-Hispanic Black,0.5775193798449613,race,3720
Non-Hispanic White,0.5454545454545454,race,3720
Other Hispanic,0.5845070422535211,race,3720
Other Race - Including Multi-Racial,0.49206349206349204,race,3720
Above 4x poverty line,0.3987730061349693,income,3720
Below poverty line,0.5666666666666667,income,3720
Middle (2-4x),0.4883720930232558,income,3720
Near poverty (1-2x),0.5806451612903226,income,3720
Mexican American,0.445,race,3721
Non-Hispanic Asian,0.38271604938271603,race,3721
Non-Hispanic Black,0.5697674418604651,race,3721
Non-Hispanic White,0.5658627087198516,race,3721
Other Hispanic,0.528169014084507,race,3721
Other Race - Including Multi-Racial,0.5238095238095238,race,3721
Above 4x poverty line,0.36942675159235666,income,3721
Below poverty line,0.5865921787709497,income,3721
Middle (2-4x),0.5120643431635389,income,3721
Near poverty (1-2x),0.5594936708860759,income,3721
Mexican American,0.435,race,3722
Non-Hispanic Asian,0.3333333333333333,race,3722
Non-Hispanic Black,0.4806201550387597,race,3722
Non-Hispanic White,0.5269016697588126,race,3722
Other Hispanic,0.5422535211267606,race,3722
Other Race - Including Multi-Racial,0.5238095238095238,race,3722
Above 4x poverty line,0.3076923076923077,income,3722
Below poverty line,0.5584795321637427,income,3722
Middle (2-4x),0.43099273607748184,income,3722
Near poverty (1-2x),0.5779569892473119,income,3722
Mexican American,0.46,race,3723
Non-Hispanic Asian,0.4074074074074074,race,3723
Non-Hispanic Black,0.5775193798449613,race,3723
Non-Hispanic White,0.5120593692022264,race,3723
Other Hispanic,0.5352112676056338,race,3723
Other Race - Including Multi-Racial,0.5079365079365079,race,3723
Above 4x poverty line,0.2565789473684211,income,3723
Below poverty line,0.5777126099706745,income,3723
Middle (2-4x),0.49514563106796117,income,3723
Near poverty (1-2x),0.5767195767195767,income,3723
Mexican American,0.415,race,3724
Non-Hispanic Asian,0.41975308641975306,race,3724
Non-Hispanic Black,0.5852713178294574,race,3724
Non-Hispanic White,0.5602968460111317,race,3724
Other Hispanic,0.5985915492957746,race,3724
Other Race - Including Multi-Racial,0.47619047619047616,race,3724
Above 4x poverty line,0.3546099290780142,income,3724
Below poverty line,0.6011080332409973,income,3724
Middle (2-4x),0.4987146529562982,income,3724
Near poverty (1-2x),0.5714285714285714,income,3724
Mexican American,0.44,race,3725
Non-Hispanic Asian,0.38271604938271603,race,3725
Non-Hispanic Black,0.5697674418604651,race,3725
Non-Hispanic White,0.5547309833024119,race,3725
Other Hispanic,0.5633802816901409,race,3725
Other Race - Including Multi-Racial,0.5238095238095238,race,3725
Above 4x poverty line,0.39490445859872614,income,3725
Below poverty line,0.6201780415430267,income,3725
Middle (2-4x),0.4811083123425693,income,3725
Near poverty (1-2x),0.5510204081632653,income,3725
Mexican American,0.49,race,3726
Non-Hispanic Asian,0.3333333333333333,race,3726
Non-Hispanic Black,0.5852713178294574,race,3726
Non-Hispanic White,0.5435992578849722,race,3726
Other Hispanic,0.49295774647887325,race,3726
Other Race - Including Multi-Racial,0.5555555555555556,race,3726
Above 4x poverty line,0.3522012578616352,income,3726
Below poverty line,0.6407185628742516,income,3726
Middle (2-4x),0.44871794871794873,income,3726
Near poverty (1-2x),0.5725,income,3726
Mexican American,0.44,race,3727
Non-Hispanic Asian,0.35802469135802467,race,3727
Non-Hispanic Black,0.5658914728682171,race,3727
Non-Hispanic White,0.5565862708719852,race,3727
Other Hispanic,0.43661971830985913,race,3727
Other Race - Including Multi-Racial,0.47619047619047616,race,3727
Above 4x poverty line,0.34,income,3727
Below poverty line,0.572972972972973,income,3727
Middle (2-4x),0.4661458333333333,income,3727
Near poverty (1-2x),0.5620052770448549,income,3727
Mexican American,0.445,race,3728
Non-Hispanic Asian,0.35802469135802467,race,3728
Non-Hispanic Black,0.5891472868217055,race,3728
Non-Hispanic White,0.5565862708719852,race,3728
Other Hispanic,0.5422535211267606,race,3728
Other Race - Including Multi-Racial,0.5873015873015873,race,3728
Above 4x poverty line,0.3515151515151515,income,3728
Below poverty line,0.6043956043956044,income,3728
Middle (2-4x),0.5052083333333334,income,3728
Near poverty (1-2x),0.572972972972973,income,3728
Mexican American,0.48,race,3729
Non-Hispanic Asian,0.37037037037037035,race,3729
Non-Hispanic Black,0.5116279069767442,race,3729
Non-Hispanic White,0.5287569573283859,race,3729
Other Hispanic,0.5563380281690141,race,3729
Other Race - Including Multi-Racial,0.5873015873015873,race,3729
Above 4x poverty line,0.29518072289156627,income,3729
Below poverty line,0.6172106824925816,income,3729
Middle (2-4x),0.4475,income,3729
Near poverty (1-2x),0.5868421052631579,income,3729
Mexican American,0.46,race,3730
Non-Hispanic Asian,0.3950617283950617,race,3730
Non-Hispanic Black,0.5813953488372093,race,3730
Non-Hispanic White,0.5584415584415584,race,3730
Other Hispanic,0.5422535211267606,race,3730
Other Race - Including Multi-Racial,0.5555555555555556,race,3730
Above 4x poverty line,0.3885350318471338,income,3730
Below poverty line,0.6064139941690962,income,3730
Middle (2-4x),0.47354497354497355,income,3730
Near poverty (1-2x),0.5901234567901235,income,3730
Mexican American,0.455,race,3731
Non-Hispanic Asian,0.38271604938271603,race,3731
Non-Hispanic Black,0.5426356589147286,race,3731
Non-Hispanic White,0.5565862708719852,race,3731
Other Hispanic,0.5845070422535211,race,3731
Other Race - Including Multi-Racial,0.5555555555555556,race,3731
Above 4x poverty line,0.3855421686746988,income,3731
Below poverty line,0.5976331360946746,income,3731
Middle (2-4x),0.49373433583959897,income,3731
Near poverty (1-2x),0.5710526315789474,income,3731
Mexican American,0.4,race,3732
Non-Hispanic Asian,0.4074074074074074,race,3732
Non-Hispanic Black,0.5930232558139535,race,3732
Non-Hispanic White,0.5602968460111317,race,3732
Other Hispanic,0.5211267605633803,race,3732
Other Race - Including Multi-Racial,0.47619047619047616,race,3732
Above 4x poverty line,0.37037037037037035,income,3732
Below poverty line,0.6480938416422287,income,3732
Middle (2-4x),0.4666666666666667,income,3732
Near poverty (1-2x),0.5358974358974359,income,3732
Mexican American,0.425,race,3733
Non-Hispanic Asian,0.345679012345679,race,3733
Non-Hispanic Black,0.5542635658914729,race,3733
Non-Hispanic White,0.5231910946196661,race,3733
Other Hispanic,0.5845070422535211,race,3733
Other Race - Including Multi-Racial,0.5238095238095238,race,3733
Above 4x poverty line,0.3220338983050847,income,3733
Below poverty line,0.6389776357827476,income,3733
Middle (2-4x),0.44675324675324674,income,3733
Near poverty (1-2x),0.5514705882352942,income,3733
Mexican American,0.435,race,3734
Non-Hispanic Asian,0.345679012345679,race,3734
Non-Hispanic Black,0.5775193798449613,race,3734
Non-Hispanic White,0.5435992578849722,race,3734
Other Hispanic,0.5211267605633803,race,3734
Other Race - Including Multi-Racial,0.5238095238095238,race,3734
Above 4x poverty line,0.32298136645962733,income,3734
Below poverty line,0.5982658959537572,income,3734
Middle (2-4x),0.4593908629441624,income,3734
Near poverty (1-2x),0.5863874345549738,income,3734
Mexican American,0.44,race,3735
Non-Hispanic Asian,0.4691358024691358,race,3735
Non-Hispanic Black,0.5581395348837209,race,3735
Non-Hispanic White,0.5343228200371057,race,3735
Other Hispanic,0.49295774647887325,race,3735
Other Race - Including Multi-Racial,0.5555555555555556,race,3735
Above 4x poverty line,0.29239766081871343,income,3735
Below poverty line,0.6636363636363637,income,3735
Middle (2-4x),0.4424083769633508,income,3735
Near poverty (1-2x),0.5625,income,3735
Mexican American,0.505,race,3736
Non-Hispanic Asian,0.38271604938271603,race,3736
Non-Hispanic Black,0.5465116279069767,race,3736
Non-Hispanic White,0.5602968460111317,race,3736
Other Hispanic,0.5563380281690141,race,3736
Other Race - Including Multi-Racial,0.5396825396825397,race,3736
Above 4x poverty line,0.34965034965034963,income,3736
Below poverty line,0.6111111111111112,income,3736
Middle (2-4x),0.5,income,3736
Near poverty (1-2x),0.5732984293193717,income,3736
Mexican American,0.525,race,3737
Non-Hispanic Asian,0.37037037037037035,race,3737
Non-Hispanic Black,0.5077519379844961,race,3737
Non-Hispanic White,0.5287569573283859,race,3737
Other Hispanic,0.5422535211267606,race,3737
Other Race - Including Multi-Racial,0.5396825396825397,race,3737
Above 4x poverty line,0.3888888888888889,income,3737
Below poverty line,0.5769230769230769,income,3737
Middle (2-4x),0.4732824427480916,income,3737
Near poverty (1-2x),0.5497382198952879,income,3737
Mexican American,0.415,race,3738
Non-Hispanic Asian,0.3333333333333333,race,3738
Non-Hispanic Black,0.5813953488372093,race,3738
Non-Hispanic White,0.5640074211502782,race,3738
Other Hispanic,0.5352112676056338,race,3738
Other Race - Including Multi-Racial,0.5555555555555556,race,3738
Above 4x poverty line,0.3680555555555556,income,3738
Below poverty line,0.6118980169971672,income,3738
Middle (2-4x),0.4921052631578947,income,3738
Near poverty (1-2x),0.5394088669950738,income,3738
Mexican American,0.435,race,3739
Non-Hispanic Asian,0.32098765432098764,race,3739
Non-Hispanic Black,0.5465116279069767,race,3739
Non-Hispanic White,0.5473098330241187,race,3739
Other Hispanic,0.5,race,3739
Other Race - Including Multi-Racial,0.6031746031746031,race,3739
Above 4x poverty line,0.3116883116883117,income,3739
Below poverty line,0.5762273901808785,income,3739
Middle (2-4x),0.47733333333333333,income,3739
Near poverty (1-2x),0.5667574931880109,income,3739
Mexican American,0.45,race,3740
Non-Hispanic Asian,0.30864197530864196,race,3740
Non-Hispanic Black,0.5232558139534884,race,3740
Non-Hispanic White,0.5231910946196661,race,3740
Other Hispanic,0.5140845070422535,race,3740
Other Race - Including Multi-Racial,0.5079365079365079,race,3740
Above 4x poverty line,0.34210526315789475,income,3740
Below poverty line,0.518918918918919,income,3740
Middle (2-4x),0.5,income,3740
Near poverty (1-2x),0.5335120643431636,income,3740
Mexican American,0.485,race,3741
Non-Hispanic Asian,0.41975308641975306,race,3741
Non-Hispanic Black,0.5503875968992248,race,3741
Non-Hispanic White,0.5807050092764379,race,3741
Other Hispanic,0.6056338028169014,race,3741
Other Race - Including Multi-Racial,0.6031746031746031,race,3741
Above 4x poverty line,0.3051948051948052,income,3741
Below poverty line,0.6016713091922006,income,3741
Middle (2-4x),0.5422343324250681,income,3741
Near poverty (1-2x),0.6153846153846154,income,3741
Mexican American,0.415,race,3742
Non-Hispanic Asian,0.2962962962962963,race,3742
Non-Hispanic Black,0.5581395348837209,race,3742
Non-Hispanic White,0.5844155844155844,race,3742
Other Hispanic,0.5211267605633803,race,3742
Other Race - Including Multi-Racial,0.4603174603174603,race,3742
Above 4x poverty line,0.30409356725146197,income,3742
Below poverty line,0.601078167115903,income,3742
Middle (2-4x),0.49025069637883006,income,3742
Near poverty (1-2x),0.5706806282722513,income,3742
Mexican American,0.475,race,3743
Non-Hispanic Asian,0.30864197530864196,race,3743
Non-Hispanic Black,0.5193798449612403,race,3743
Non-Hispanic White,0.536178107606679,race,3743
Other Hispanic,0.5774647887323944,race,3743
Other Race - Including Multi-Racial,0.5555555555555556,race,3743
Above 4x poverty line,0.3712574850299401,income,3743
Below poverty line,0.5718475073313783,income,3743
Middle (2-4x),0.49135802469135803,income,3743
Near poverty (1-2x),0.5513513513513514,income,3743
Mexican American,0.405,race,3744
Non-Hispanic Asian,0.345679012345679,race,3744
Non-Hispanic Black,0.5271317829457365,race,3744
Non-Hispanic White,0.5306122448979592,race,3744
Other Hispanic,0.5,race,3744
Other Race - Including Multi-Racial,0.5396825396825397,race,3744
Above 4x poverty line,0.35374149659863946,income,3744
Below poverty line,0.5898203592814372,income,3744
Middle (2-4x),0.44366197183098594,income,3744
Near poverty (1-2x),0.526595744680851,income,3744
Mexican American,0.465,race,3745
Non-Hispanic Asian,0.37037037037037035,race,3745
Non-Hispanic Black,0.5465116279069767,race,3745
Non-Hispanic White,0.5435992578849722,race,3745
Other Hispanic,0.47183098591549294,race,3745
Other Race - Including Multi-Racial,0.6349206349206349,race,3745
Above 4x poverty line,0.3375796178343949,income,3745
Below poverty line,0.5882352941176471,income,3745
Middle (2-4x),0.496,income,3745
Near poverty (1-2x),0.5456852791878173,income,3745
Mexican American,0.49,race,3746
Non-Hispanic Asian,0.3950617283950617,race,3746
Non-Hispanic Black,0.5310077519379846,race,3746
Non-Hispanic White,0.5547309833024119,race,3746
Other Hispanic,0.49295774647887325,race,3746
Other Race - Including Multi-Racial,0.5396825396825397,race,3746
Above 4x poverty line,0.3014705882352941,income,3746
Below poverty line,0.5861111111111111,income,3746
Middle (2-4x),0.4945652173913043,income,3746
Near poverty (1-2x),0.5632458233890215,income,3746
Mexican American,0.47,race,3747
Non-Hispanic Asian,0.3950617283950617,race,3747
Non-Hispanic Black,0.4689922480620155,race,3747
Non-Hispanic White,0.5380333951762524,race,3747
Other Hispanic,0.5563380281690141,race,3747
Other Race - Including Multi-Racial,0.5238095238095238,race,3747
Above 4x poverty line,0.33540372670807456,income,3747
Below poverty line,0.5714285714285714,income,3747
Middle (2-4x),0.455470737913486,income,3747
Near poverty (1-2x),0.5698924731182796,income,3747
Mexican American,0.405,race,3748
Non-Hispanic Asian,0.2345679012345679,race,3748
Non-Hispanic Black,0.5348837209302325,race,3748
Non-Hispanic White,0.5547309833024119,race,3748
Other Hispanic,0.5563380281690141,race,3748
Other Race - Including Multi-Racial,0.4603174603174603,race,3748
Above 4x poverty line,0.391025641025641,income,3748
Below poverty line,0.5628571428571428,income,3748
Middle (2-4x),0.4632352941176471,income,3748
Near poverty (1-2x),0.5365853658536586,income,3748
Mexican American,0.43,race,3749
Non-Hispanic Asian,0.3950617283950617,race,3749
Non-Hispanic Black,0.5852713178294574,race,3749
Non-Hispanic White,0.5584415584415584,race,3749
Other Hispanic,0.4647887323943662,race,3749
Other Race - Including Multi-Racial,0.42857142857142855,race,3749
Above 4x poverty line,0.3181818181818182,income,3749
Below poverty line,0.6224188790560472,income,3749
Middle (2-4x),0.5161290322580645,income,3749
Near poverty (1-2x),0.5038759689922481,income,3749
Mexican American,0.44,race,3750
Non-Hispanic Asian,0.35802469135802467,race,3750
Non-Hispanic Black,0.5697674418604651,race,3750
Non-Hispanic White,0.5658627087198516,race,3750
Other Hispanic,0.5563380281690141,race,3750
Other Race - Including Multi-Racial,0.5714285714285714,race,3750
Above 4x poverty line,0.3657142857142857,income,3750
Below poverty line,0.5948275862068966,income,3750
Middle (2-4x),0.5027173913043478,income,3750
Near poverty (1-2x),0.5816326530612245,income,3750
Mexican American,0.505,race,3751
Non-Hispanic Asian,0.32098765432098764,race,3751
Non-Hispanic Black,0.5968992248062015,race,3751
Non-Hispanic White,0.5658627087198516,race,3751
Other Hispanic,0.5845070422535211,race,3751
Other Race - Including Multi-Racial,0.5396825396825397,race,3751
Above 4x poverty line,0.4295774647887324,income,3751
Below poverty line,0.6291208791208791,income,3751
Middle (2-4x),0.48548812664907653,income,3751
Near poverty (1-2x),0.5753768844221105,income,3751
Mexican American,0.4,race,3752
Non-Hispanic Asian,0.2716049382716049,race,3752
Non-Hispanic Black,0.5348837209302325,race,3752
Non-Hispanic White,0.5473098330241187,race,3752
Other Hispanic,0.5563380281690141,race,3752
Other Race - Including Multi-Racial,0.6984126984126984,race,3752
Above 4x poverty line,0.36538461538461536,income,3752
Below poverty line,0.6005586592178771,income,3752
Middle (2-4x),0.44063324538258575,income,3752
Near poverty (1-2x),0.5615384615384615,income,3752
Mexican American,0.505,race,3753
Non-Hispanic Asian,0.345679012345679,race,3753
Non-Hispanic Black,0.5968992248062015,race,3753
Non-Hispanic White,0.5120593692022264,race,3753
Other Hispanic,0.5492957746478874,race,3753
Other Race - Including Multi-Racial,0.5079365079365079,race,3753
Above 4x poverty line,0.35185185185185186,income,3753
Below poverty line,0.61731843575419,income,3753
Middle (2-4x),0.4427083333333333,income,3753
Near poverty (1-2x),0.58311345646438,income,3753
Mexican American,0.39,race,3754
Non-Hispanic Asian,0.35802469135802467,race,3754
Non-Hispanic Black,0.5271317829457365,race,3754
Non-Hispanic White,0.5324675324675324,race,3754
Other Hispanic,0.5070422535211268,race,3754
Other Race - Including Multi-Racial,0.6031746031746031,race,3754
Above 4x poverty line,0.3236994219653179,income,3754
Below poverty line,0.5825545171339563,income,3754
Middle (2-4x),0.4479166666666667,income,3754
Near poverty (1-2x),0.5555555555555556,income,3754
Mexican American,0.475,race,3755
Non-Hispanic Asian,0.345679012345679,race,3755
Non-Hispanic Black,0.5348837209302325,race,3755
Non-Hispanic White,0.5473098330241187,race,3755
Other Hispanic,0.5352112676056338,race,3755
Other Race - Including Multi-Racial,0.5555555555555556,race,3755
Above 4x poverty line,0.4240506329113924,income,3755
Below poverty line,0.5838323353293413,income,3755
Middle (2-4x),0.4948717948717949,income,3755
Near poverty (1-2x),0.5286783042394015,income,3755
Mexican American,0.48,race,3756
Non-Hispanic Asian,0.345679012345679,race,3756
Non-Hispanic Black,0.562015503875969,race,3756
Non-Hispanic White,0.5677179962894249,race,3756
Other Hispanic,0.5352112676056338,race,3756
Other Race - Including Multi-Racial,0.47619047619047616,race,3756
Above 4x poverty line,0.3888888888888889,income,3756
Below poverty line,0.5774647887323944,income,3756
Middle (2-4x),0.49743589743589745,income,3756
Near poverty (1-2x),0.5824468085106383,income,3756
Mexican American,0.445,race,3757
Non-Hispanic Asian,0.20987654320987653,race,3757
Non-Hispanic Black,0.49224806201550386,race,3757
Non-Hispanic White,0.5398886827458256,race,3757
Other Hispanic,0.5211267605633803,race,3757
Other Race - Including Multi-Racial,0.5555555555555556,race,3757
Above 4x poverty line,0.2909090909090909,income,3757
Below poverty line,0.5981873111782477,income,3757
Middle (2-4x),0.4419753086419753,income,3757
Near poverty (1-2x),0.5445026178010471,income,3757
Mexican American,0.415,race,3758
Non-Hispanic Asian,0.30864197530864196,race,3758
Non-Hispanic Black,0.5465116279069767,race,3758
Non-Hispanic White,0.5769944341372912,race,3758
Other Hispanic,0.5492957746478874,race,3758
Other Race - Including Multi-Racial,0.4444444444444444,race,3758
Above 4x poverty line,0.30714285714285716,income,3758
Below poverty line,0.5793871866295265,income,3758
Middle (2-4x),0.49521531100478466,income,3758
Near poverty (1-2x),0.5683060109289617,income,3758
Mexican American,0.41,race,3759
Non-Hispanic Asian,0.30864197530864196,race,3759
Non-Hispanic Black,0.6124031007751938,race,3759
Non-Hispanic White,0.5417439703153989,race,3759
Other Hispanic,0.5563380281690141,race,3759
Other Race - Including Multi-Racial,0.5238095238095238,race,3759
Above 4x poverty line,0.3220338983050847,income,3759
Below poverty line,0.6029411764705882,income,3759
Middle (2-4x),0.4888888888888889,income,3759
Near poverty (1-2x),0.5789473684210527,income,3759
Mexican American,0.445,race,3760
Non-Hispanic Asian,0.32098765432098764,race,3760
Non-Hispanic Black,0.5968992248062015,race,3760
Non-Hispanic White,0.5083487940630798,race,3760
Other Hispanic,0.5211267605633803,race,3760
Other Race - Including Multi-Racial,0.6031746031746031,race,3760
Above 4x poverty line,0.3116883116883117,income,3760
Below poverty line,0.6071428571428571,income,3760
Middle (2-4x),0.48860759493670886,income,3760
Near poverty (1-2x),0.5216216216216216,income,3760
Mexican American,0.395,race,3761
Non-Hispanic Asian,0.2962962962962963,race,3761
Non-Hispanic Black,0.562015503875969,race,3761
Non-Hispanic White,0.5139146567717996,race,3761
Other Hispanic,0.5704225352112676,race,3761
Other Race - Including Multi-Racial,0.5396825396825397,race,3761
Above 4x poverty line,0.3125,income,3761
Below poverty line,0.5722543352601156,income,3761
Middle (2-4x),0.4798994974874372,income,3761
Near poverty (1-2x),0.5303430079155673,income,3761
Mexican American,0.53,race,3762
Non-Hispanic Asian,0.32098765432098764,race,3762
Non-Hispanic Black,0.5658914728682171,race,3762
Non-Hispanic White,0.5435992578849722,race,3762
Other Hispanic,0.5492957746478874,race,3762
Other Race - Including Multi-Racial,0.38095238095238093,race,3762
Above 4x poverty line,0.31333333333333335,income,3762
Below poverty line,0.6114285714285714,income,3762
Middle (2-4x),0.4758454106280193,income,3762
Near poverty (1-2x),0.5826558265582655,income,3762
Mexican American,0.435,race,3763
Non-Hispanic Asian,0.37037037037037035,race,3763
Non-Hispanic Black,0.5232558139534884,race,3763
Non-Hispanic White,0.5565862708719852,race,3763
Other Hispanic,0.4788732394366197,race,3763
Other Race - Including Multi-Racial,0.5238095238095238,race,3763
Above 4x poverty line,0.3262411347517731,income,3763
Below poverty line,0.5964391691394659,income,3763
Middle (2-4x),0.45897435897435895,income,3763
Near poverty (1-2x),0.5469879518072289,income,3763
Mexican American,0.4,race,3764
Non-Hispanic Asian,0.345679012345679,race,3764
Non-Hispanic Black,0.5542635658914729,race,3764
Non-Hispanic White,0.5213358070500927,race,3764
Other Hispanic,0.5140845070422535,race,3764
Other Race - Including Multi-Racial,0.4603174603174603,race,3764
Above 4x poverty line,0.3136094674556213,income,3764
Below poverty line,0.5835866261398176,income,3764
Middle (2-4x),0.47044334975369456,income,3764
Near poverty (1-2x),0.5224274406332454,income,3764
Mexican American,0.46,race,3765
Non-Hispanic Asian,0.38271604938271603,race,3765
Non-Hispanic Black,0.4806201550387597,race,3765
Non-Hispanic White,0.5807050092764379,race,3765
Other Hispanic,0.5704225352112676,race,3765
Other Race - Including Multi-Racial,0.5555555555555556,race,3765
Above 4x poverty line,0.37423312883435583,income,3765
Below poverty line,0.5988700564971752,income,3765
Middle (2-4x),0.496,income,3765
Near poverty (1-2x),0.5549872122762148,income,3765
Mexican American,0.42,race,3766
Non-Hispanic Asian,0.30864197530864196,race,3766
Non-Hispanic Black,0.562015503875969,race,3766
Non-Hispanic White,0.5658627087198516,race,3766
Other Hispanic,0.5492957746478874,race,3766
Other Race - Including Multi-Racial,0.5238095238095238,race,3766
Above 4x poverty line,0.3782051282051282,income,3766
Below poverty line,0.6266666666666667,income,3766
Middle (2-4x),0.4666666666666667,income,3766
Near poverty (1-2x),0.5359116022099447,income,3766
Mexican American,0.44,race,3767
Non-Hispanic Asian,0.2962962962962963,race,3767
Non-Hispanic Black,0.5426356589147286,race,3767
Non-Hispanic White,0.5027829313543599,race,3767
Other Hispanic,0.5845070422535211,race,3767
Other Race - Including Multi-Racial,0.5079365079365079,race,3767
Above 4x poverty line,0.31125827814569534,income,3767
Below poverty line,0.6,income,3767
Middle (2-4x),0.4602409638554217,income,3767
Near poverty (1-2x),0.519893899204244,income,3767
Mexican American,0.46,race,3768
Non-Hispanic Asian,0.2839506172839506,race,3768
Non-Hispanic Black,0.5310077519379846,race,3768
Non-Hispanic White,0.5435992578849722,race,3768
Other Hispanic,0.5845070422535211,race,3768
Other Race - Including Multi-Racial,0.5714285714285714,race,3768
Above 4x poverty line,0.3464052287581699,income,3768
Below poverty line,0.5823529411764706,income,3768
Middle (2-4x),0.4719387755102041,income,3768
Near poverty (1-2x),0.5728643216080402,income,3768
Mexican American,0.47,race,3769
Non-Hispanic Asian,0.32098765432098764,race,3769
Non-Hispanic Black,0.562015503875969,race,3769
Non-Hispanic White,0.5157699443413729,race,3769
Other Hispanic,0.4859154929577465,race,3769
Other Race - Including Multi-Racial,0.5238095238095238,race,3769
Above 4x poverty line,0.35119047619047616,income,3769
Below poverty line,0.5584795321637427,income,3769
Middle (2-4x),0.4525,income,3769
Near poverty (1-2x),0.5737265415549598,income,3769
Mexican American,0.445,race,3770
Non-Hispanic Asian,0.3333333333333333,race,3770
Non-Hispanic Black,0.5310077519379846,race,3770
Non-Hispanic White,0.536178107606679,race,3770
Other Hispanic,0.47183098591549294,race,3770
Other Race - Including Multi-Racial,0.47619047619047616,race,3770
Above 4x poverty line,0.3630573248407643,income,3770
Below poverty line,0.5598885793871866,income,3770
Middle (2-4x),0.46035805626598464,income,3770
Near poverty (1-2x),0.5345744680851063,income,3770
Mexican American,0.47,race,3771
Non-Hispanic Asian,0.37037037037037035,race,3771
Non-Hispanic Black,0.5271317829457365,race,3771
Non-Hispanic White,0.5213358070500927,race,3771
Other Hispanic,0.5211267605633803,race,3771
Other Race - Including Multi-Racial,0.6190476190476191,race,3771
Above 4x poverty line,0.3253012048192771,income,3771
Below poverty line,0.5722070844686649,income,3771
Middle (2-4x),0.4675324675324675,income,3771
Near poverty (1-2x),0.5753424657534246,income,3771
Mexican American,0.395,race,3772
Non-Hispanic Asian,0.3333333333333333,race,3772
Non-Hispanic Black,0.5310077519379846,race,3772
Non-Hispanic White,0.5584415584415584,race,3772
Other Hispanic,0.5352112676056338,race,3772
Other Race - Including Multi-Racial,0.5238095238095238,race,3772
Above 4x poverty line,0.3032258064516129,income,3772
Below poverty line,0.5893854748603352,income,3772
Middle (2-4x),0.4830287206266319,income,3772
Near poverty (1-2x),0.5426356589147286,income,3772
Mexican American,0.455,race,3773
Non-Hispanic Asian,0.35802469135802467,race,3773
Non-Hispanic Black,0.5077519379844961,race,3773
Non-Hispanic White,0.5528756957328386,race,3773
Other Hispanic,0.47183098591549294,race,3773
Other Race - Including Multi-Racial,0.6031746031746031,race,3773
Above 4x poverty line,0.32727272727272727,income,3773
Below poverty line,0.5722222222222222,income,3773
Middle (2-4x),0.45646437994722955,income,3773
Near poverty (1-2x),0.58311345646438,income,3773
Mexican American,0.385,race,3774
Non-Hispanic Asian,0.2839506172839506,race,3774
Non-Hispanic Black,0.5542635658914729,race,3774
Non-Hispanic White,0.5510204081632653,race,3774
Other Hispanic,0.5633802816901409,race,3774
Other Race - Including Multi-Racial,0.5396825396825397,race,3774
Above 4x poverty line,0.3841059602649007,income,3774
Below poverty line,0.569364161849711,income,3774
Middle (2-4x),0.4652956298200514,income,3774
Near poverty (1-2x),0.5491183879093199,income,3774
Mexican American,0.465,race,3775
Non-Hispanic Asian,0.2716049382716049,race,3775
Non-Hispanic Black,0.6046511627906976,race,3775
Non-Hispanic White,0.5658627087198516,race,3775
Other Hispanic,0.528169014084507,race,3775
Other Race - Including Multi-Racial,0.5714285714285714,race,3775
Above 4x poverty line,0.3561643835616438,income,3775
Below poverty line,0.616,income,3775
Middle (2-4x),0.4732824427480916,income,3775
Near poverty (1-2x),0.5907859078590786,income,3775
Mexican American,0.39,race,3776
Non-Hispanic Asian,0.2716049382716049,race,3776
Non-Hispanic Black,0.5426356589147286,race,3776
Non-Hispanic White,0.5306122448979592,race,3776
Other Hispanic,0.5140845070422535,race,3776
Other Race - Including Multi-Racial,0.5555555555555556,race,3776
Above 4x poverty line,0.2967741935483871,income,3776
Below poverty line,0.5580110497237569,income,3776
Middle (2-4x),0.4601063829787234,income,3776
Near poverty (1-2x),0.5461538461538461,income,3776
Mexican American,0.43,race,3777
Non-Hispanic Asian,0.24691358024691357,race,3777
Non-Hispanic Black,0.5426356589147286,race,3777
Non-Hispanic White,0.5343228200371057,race,3777
Other Hispanic,0.5845070422535211,race,3777
Other Race - Including Multi-Racial,0.5079365079365079,race,3777
Above 4x poverty line,0.325,income,3777
Below poverty line,0.5763157894736842,income,3777
Middle (2-4x),0.42780748663101603,income,3777
Near poverty (1-2x),0.5907859078590786,income,3777
Mexican American,0.45,race,3778
Non-Hispanic Asian,0.2716049382716049,race,3778
Non-Hispanic Black,0.562015503875969,race,3778
Non-Hispanic White,0.5250463821892394,race,3778
Other Hispanic,0.5,race,3778
Other Race - Including Multi-Racial,0.49206349206349204,race,3778
Above 4x poverty line,0.36645962732919257,income,3778
Below poverty line,0.5527065527065527,income,3778
Middle (2-4x),0.4708860759493671,income,3778
Near poverty (1-2x),0.5398936170212766,income,3778
Mexican American,0.465,race,3779
Non-Hispanic Asian,0.32098765432098764,race,3779
Non-Hispanic Black,0.5775193798449613,race,3779
Non-Hispanic White,0.5306122448979592,race,3779
Other Hispanic,0.5704225352112676,race,3779
Other Race - Including Multi-Racial,0.4603174603174603,race,3779
Above 4x poverty line,0.36024844720496896,income,3779
Below poverty line,0.5897435897435898,income,3779
Middle (2-4x),0.47512437810945274,income,3779
Near poverty (1-2x),0.5636856368563685,income,3779
Mexican American,0.475,race,3780
Non-Hispanic Asian,0.2962962962962963,race,3780
Non-Hispanic Black,0.5426356589147286,race,3780
Non-Hispanic White,0.5324675324675324,race,3780
Other Hispanic,0.5704225352112676,race,3780
Other Race - Including Multi-Racial,0.5238095238095238,race,3780
Above 4x poverty line,0.3192771084337349,income,3780
Below poverty line,0.5975975975975976,income,3780
Middle (2-4x),0.4681933842239186,income,3780
Near poverty (1-2x),0.5728900255754475,income,3780
Mexican American,0.475,race,3781
Non-Hispanic Asian,0.3950617283950617,race,3781
Non-Hispanic Black,0.5813953488372093,race,3781
Non-Hispanic White,0.5102040816326531,race,3781
Other Hispanic,0.5563380281690141,race,3781
Other Race - Including Multi-Racial,0.6190476190476191,race,3781
Above 4x poverty line,0.37037037037037035,income,3781
Below poverty line,0.6006006006006006,income,3781
Middle (2-4x),0.486810551558753,income,3781
Near poverty (1-2x),0.5579514824797843,income,3781
Mexican American,0.485,race,3782
Non-Hispanic Asian,0.37037037037037035,race,3782
Non-Hispanic Black,0.5348837209302325,race,3782
Non-Hispanic White,0.5417439703153989,race,3782
Other Hispanic,0.5140845070422535,race,3782
Other Race - Including Multi-Racial,0.5555555555555556,race,3782
Above 4x poverty line,0.32679738562091504,income,3782
Below poverty line,0.6036036036036037,income,3782
Middle (2-4x),0.4563106796116505,income,3782
Near poverty (1-2x),0.587012987012987,income,3782
Mexican American,0.47,race,3783
Non-Hispanic Asian,0.4074074074074074,race,3783
Non-Hispanic Black,0.5348837209302325,race,3783
Non-Hispanic White,0.5287569573283859,race,3783
Other Hispanic,0.5985915492957746,race,3783
Other Race - Including Multi-Racial,0.6349206349206349,race,3783
Above 4x poverty line,0.31891891891891894,income,3783
Below poverty line,0.5914285714285714,income,3783
Middle (2-4x),0.5170603674540682,income,3783
Near poverty (1-2x),0.5776566757493188,income,3783
Mexican American,0.46,race,3784
Non-Hispanic Asian,0.41975308641975306,race,3784
Non-Hispanic Black,0.5348837209302325,race,3784
Non-Hispanic White,0.5269016697588126,race,3784
Other Hispanic,0.528169014084507,race,3784
Other Race - Including Multi-Racial,0.5555555555555556,race,3784
Above 4x poverty line,0.3548387096774194,income,3784
Below poverty line,0.6176470588235294,income,3784
Middle (2-4x),0.4569377990430622,income,3784
Near poverty (1-2x),0.5459459459459459,income,3784
Mexican American,0.515,race,3785
Non-Hispanic Asian,0.3333333333333333,race,3785
Non-Hispanic Black,0.5813953488372093,race,3785
Non-Hispanic White,0.5473098330241187,race,3785
Other Hispanic,0.5352112676056338,race,3785
Other Race - Including Multi-Racial,0.5396825396825397,race,3785
Above 4x poverty line,0.3096774193548387,income,3785
Below poverty line,0.6335227272727273,income,3785
Middle (2-4x),0.484375,income,3785
Near poverty (1-2x),0.5816326530612245,income,3785
Mexican American,0.42,race,3786
Non-Hispanic Asian,0.4444444444444444,race,3786
Non-Hispanic Black,0.5232558139534884,race,3786
Non-Hispanic White,0.5565862708719852,race,3786
Other Hispanic,0.528169014084507,race,3786
Other Race - Including Multi-Racial,0.5079365079365079,race,3786
Above 4x poverty line,0.3508771929824561,income,3786
Below poverty line,0.5739130434782609,income,3786
Middle (2-4x),0.5166240409207161,income,3786
Near poverty (1-2x),0.5372340425531915,income,3786
Mexican American,0.42,race,3787
Non-Hispanic Asian,0.37037037037037035,race,3787
Non-Hispanic Black,0.5426356589147286,race,3787
Non-Hispanic White,0.5157699443413729,race,3787
Other Hispanic,0.5211267605633803,race,3787
Other Race - Including Multi-Racial,0.5555555555555556,race,3787
Above 4x poverty line,0.27011494252873564,income,3787
Below poverty line,0.5561959654178674,income,3787
Middle (2-4x),0.47103274559193953,income,3787
Near poverty (1-2x),0.5863013698630137,income,3787
Mexican American,0.43,race,3788
Non-Hispanic Asian,0.32098765432098764,race,3788
Non-Hispanic Black,0.5155038759689923,race,3788
Non-Hispanic White,0.5602968460111317,race,3788
Other Hispanic,0.5492957746478874,race,3788
Other Race - Including Multi-Racial,0.49206349206349204,race,3788
Above 4x poverty line,0.3333333333333333,income,3788
Below poverty line,0.5596590909090909,income,3788
Middle (2-4x),0.4875,income,3788
Near poverty (1-2x),0.5691056910569106,income,3788
Mexican American,0.42,race,3789
Non-Hispanic Asian,0.37037037037037035,race,3789
Non-Hispanic Black,0.5775193798449613,race,3789
Non-Hispanic White,0.5083487940630798,race,3789
Other Hispanic,0.528169014084507,race,3789
Other Race - Including Multi-Racial,0.47619047619047616,race,3789
Above 4x poverty line,0.32558139534883723,income,3789
Below poverty line,0.5918367346938775,income,3789
Middle (2-4x),0.4508816120906801,income,3789
Near poverty (1-2x),0.5498652291105122,income,3789
Mexican American,0.45,race,3790
Non-Hispanic Asian,0.2962962962962963,race,3790
Non-Hispanic Black,0.5697674418604651,race,3790
Non-Hispanic White,0.5398886827458256,race,3790
Other Hispanic,0.5563380281690141,race,3790
Other Race - Including Multi-Racial,0.5396825396825397,race,3790
Above 4x poverty line,0.31976744186046513,income,3790
Below poverty line,0.6182336182336182,income,3790
Middle (2-4x),0.5013262599469496,income,3790
Near poverty (1-2x),0.5326370757180157,income,3790
Mexican American,0.455,race,3791
Non-Hispanic Asian,0.32098765432098764,race,3791
Non-Hispanic Black,0.5736434108527132,race,3791
Non-Hispanic White,0.49907235621521334,race,3791
Other Hispanic,0.5211267605633803,race,3791
Other Race - Including Multi-Racial,0.49206349206349204,race,3791
Above 4x poverty line,0.32941176470588235,income,3791
Below poverty line,0.5892351274787535,income,3791
Middle (2-4x),0.456359102244389,income,3791
Near poverty (1-2x),0.5348189415041783,income,3791
Mexican American,0.51,race,3792
Non-Hispanic Asian,0.4074074074074074,race,3792
Non-Hispanic Black,0.5077519379844961,race,3792
Non-Hispanic White,0.601113172541744,race,3792
Other Hispanic,0.5774647887323944,race,3792
Other Race - Including Multi-Racial,0.5873015873015873,race,3792
Above 4x poverty line,0.37579617834394907,income,3792
Below poverty line,0.6216216216216216,income,3792
Middle (2-4x),0.48812664907651715,income,3792
Near poverty (1-2x),0.623342175066313,income,3792
Mexican American,0.415,race,3793
Non-Hispanic Asian,0.2962962962962963,race,3793
Non-Hispanic Black,0.5503875968992248,race,3793
Non-Hispanic White,0.5565862708719852,race,3793
Other Hispanic,0.5492957746478874,race,3793
Other Race - Including Multi-Racial,0.47619047619047616,race,3793
Above 4x poverty line,0.2974683544303797,income,3793
Below poverty line,0.577259475218659,income,3793
Middle (2-4x),0.5027027027027027,income,3793
Near poverty (1-2x),0.5485436893203883,income,3793
Mexican American,0.45,race,3794
Non-Hispanic Asian,0.38271604938271603,race,3794
Non-Hispanic Black,0.5426356589147286,race,3794
Non-Hispanic White,0.5435992578849722,race,3794
Other Hispanic,0.5,race,3794
Other Race - Including Multi-Racial,0.5396825396825397,race,3794
Above 4x poverty line,0.3522012578616352,income,3794
Below poverty line,0.5562310030395137,income,3794
Middle (2-4x),0.49257425742574257,income,3794
Near poverty (1-2x),0.5652173913043478,income,3794
Mexican American,0.49,race,3795
Non-Hispanic Asian,0.38271604938271603,race,3795
Non-Hispanic Black,0.5116279069767442,race,3795
Non-Hispanic White,0.5677179962894249,race,3795
Other Hispanic,0.5352112676056338,race,3795
Other Race - Including Multi-Racial,0.47619047619047616,race,3795
Above 4x poverty line,0.38181818181818183,income,3795
Below poverty line,0.5659824046920822,income,3795
Middle (2-4x),0.5152284263959391,income,3795
Near poverty (1-2x),0.5587467362924282,income,3795
Mexican American,0.415,race,3796
Non-Hispanic Asian,0.3950617283950617,race,3796
Non-Hispanic Black,0.5736434108527132,race,3796
Non-Hispanic White,0.5194805194805194,race,3796
Other Hispanic,0.5140845070422535,race,3796
Other Race - Including Multi-Racial,0.5238095238095238,race,3796
Above 4x poverty line,0.28484848484848485,income,3796
Below poverty line,0.6358024691358025,income,3796
Middle (2-4x),0.4759493670886076,income,3796
Near poverty (1-2x),0.5213032581453634,income,3796
Mexican American,0.49,race,3797
Non-Hispanic Asian,0.3333333333333333,race,3797
Non-Hispanic Black,0.5038759689922481,race,3797
Non-Hispanic White,0.5380333951762524,race,3797
Other Hispanic,0.528169014084507,race,3797
Other Race - Including Multi-Racial,0.5714285714285714,race,3797
Above 4x poverty line,0.3584905660377358,income,3797
Below poverty line,0.5559006211180124,income,3797
Middle (2-4x),0.46446700507614214,income,3797
Near poverty (1-2x),0.5808823529411765,income,3797
Mexican American,0.475,race,3798
Non-Hispanic Asian,0.3333333333333333,race,3798
Non-Hispanic Black,0.5658914728682171,race,3798
Non-Hispanic White,0.5417439703153989,race,3798
Other Hispanic,0.5774647887323944,race,3798
Other Race - Including Multi-Racial,0.49206349206349204,race,3798
Above 4x poverty line,0.3076923076923077,income,3798
Below poverty line,0.6264367816091954,income,3798
Middle (2-4x),0.46112600536193027,income,3798
Near poverty (1-2x),0.5877862595419847,income,3798
Mexican American,0.425,race,3799
Non-Hispanic Asian,0.4074074074074074,race,3799
Non-Hispanic Black,0.5581395348837209,race,3799
Non-Hispanic White,0.5324675324675324,race,3799
Other Hispanic,0.5352112676056338,race,3799
Other Race - Including Multi-Racial,0.5079365079365079,race,3799
Above 4x poverty line,0.34545454545454546,income,3799
Below poverty line,0.5833333333333334,income,3799
Middle (2-4x),0.48507462686567165,income,3799
Near poverty (1-2x),0.55,income,3799
Mexican American,0.44,race,3800
Non-Hispanic Asian,0.3950617283950617,race,3800
Non-Hispanic Black,0.5775193798449613,race,3800
Non-Hispanic White,0.5176252319109462,race,3800
Other Hispanic,0.5,race,3800
Other Race - Including Multi-Racial,0.49206349206349204,race,3800
Above 4x poverty line,0.37714285714285717,income,3800
Below poverty line,0.6034985422740525,income,3800
Middle (2-4x),0.4725,income,3800
Near poverty (1-2x),0.5150684931506849,income,3800
Mexican American,0.47,race,3801
Non-Hispanic Asian,0.345679012345679,race,3801
Non-Hispanic Black,0.5581395348837209,race,3801
Non-Hispanic White,0.5454545454545454,race,3801
Other Hispanic,0.5704225352112676,race,3801
Other Race - Including Multi-Racial,0.5714285714285714,race,3801
Above 4x poverty line,0.3125,income,3801
Below poverty line,0.6115702479338843,income,3801
Middle (2-4x),0.4913151364764268,income,3801
Near poverty (1-2x),0.5683646112600537,income,3801
Mexican American,0.495,race,3802
Non-Hispanic Asian,0.3950617283950617,race,3802
Non-Hispanic Black,0.5465116279069767,race,3802
Non-Hispanic White,0.5417439703153989,race,3802
Other Hispanic,0.5915492957746479,race,3802
Other Race - Including Multi-Racial,0.5238095238095238,race,3802
Above 4x poverty line,0.3448275862068966,income,3802
Below poverty line,0.6191860465116279,income,3802
Middle (2-4x),0.48704663212435234,income,3802
Near poverty (1-2x),0.5804749340369393,income,3802
Mexican American,0.46,race,3803
Non-Hispanic Asian,0.25925925925925924,race,3803
Non-Hispanic Black,0.5271317829457365,race,3803
Non-Hispanic White,0.5510204081632653,race,3803
Other Hispanic,0.5211267605633803,race,3803
Other Race - Including Multi-Racial,0.5714285714285714,race,3803
Above 4x poverty line,0.29878048780487804,income,3803
Below poverty line,0.5638888888888889,income,3803
Middle (2-4x),0.45799457994579945,income,3803
Near poverty (1-2x),0.6025641025641025,income,3803
Mexican American,0.475,race,3804
Non-Hispanic Asian,0.3950617283950617,race,3804
Non-Hispanic Black,0.5503875968992248,race,3804
Non-Hispanic White,0.5269016697588126,race,3804
Other Hispanic,0.5774647887323944,race,3804
Other Race - Including Multi-Racial,0.5396825396825397,race,3804
Above 4x poverty line,0.3273809523809524,income,3804
Below poverty line,0.6338461538461538,income,3804
Middle (2-4x),0.5087281795511222,income,3804
Near poverty (1-2x),0.5244215938303342,income,3804
Mexican American,0.405,race,3805
Non-Hispanic Asian,0.2839506172839506,race,3805
Non-Hispanic Black,0.5038759689922481,race,3805
Non-Hispanic White,0.5417439703153989,race,3805
Other Hispanic,0.5140845070422535,race,3805
Other Race - Including Multi-Racial,0.5238095238095238,race,3805
Above 4x poverty line,0.2981366459627329,income,3805
Below poverty line,0.540625,income,3805
Middle (2-4x),0.4802955665024631,income,3805
Near poverty (1-2x),0.5454545454545454,income,3805
Mexican American,0.425,race,3806
Non-Hispanic Asian,0.2716049382716049,race,3806
Non-Hispanic Black,0.5116279069767442,race,3806
Non-Hispanic White,0.5473098330241187,race,3806
Other Hispanic,0.5140845070422535,race,3806
Other Race - Including Multi-Racial,0.5079365079365079,race,3806
Above 4x poverty line,0.3058823529411765,income,3806
Below poverty line,0.5674157303370787,income,3806
Middle (2-4x),0.452991452991453,income,3806
Near poverty (1-2x),0.5566502463054187,income,3806
Mexican American,0.485,race,3807
Non-Hispanic Asian,0.4444444444444444,race,3807
Non-Hispanic Black,0.5542635658914729,race,3807
Non-Hispanic White,0.5176252319109462,race,3807
Other Hispanic,0.528169014084507,race,3807
Other Race - Including Multi-Racial,0.5238095238095238,race,3807
Above 4x poverty line,0.3057324840764331,income,3807
Below poverty line,0.591304347826087,income,3807
Middle (2-4x),0.5089514066496164,income,3807
Near poverty (1-2x),0.5435897435897435,income,3807
Mexican American,0.47,race,3808
Non-Hispanic Asian,0.345679012345679,race,3808
Non-Hispanic Black,0.5310077519379846,race,3808
Non-Hispanic White,0.5602968460111317,race,3808
Other Hispanic,0.4788732394366197,race,3808
Other Race - Including Multi-Racial,0.6190476190476191,race,3808
Above 4x poverty line,0.34838709677419355,income,3808
Below poverty line,0.6143250688705234,income,3808
Middle (2-4x),0.47804878048780486,income,3808
Near poverty (1-2x),0.5492957746478874,income,3808
Mexican American,0.475,race,3809
Non-Hispanic Asian,0.345679012345679,race,3809
Non-Hispanic Black,0.5193798449612403,race,3809
Non-Hispanic White,0.5064935064935064,race,3809
Other Hispanic,0.5,race,3809
Other Race - Including Multi-Racial,0.6190476190476191,race,3809
Above 4x poverty line,0.31210191082802546,income,3809
Below poverty line,0.6,income,3809
Middle (2-4x),0.47680412371134023,income,3809
Near poverty (1-2x),0.5108958837772397,income,3809
Mexican American,0.43,race,3810
Non-Hispanic Asian,0.37037037037037035,race,3810
Non-Hispanic Black,0.5310077519379846,race,3810
Non-Hispanic White,0.5324675324675324,race,3810
Other Hispanic,0.5352112676056338,race,3810
Other Race - Including Multi-Racial,0.5396825396825397,race,3810
Above 4x poverty line,0.36774193548387096,income,3810
Below poverty line,0.5823863636363636,income,3810
Middle (2-4x),0.46551724137931033,income,3810
Near poverty (1-2x),0.5378378378378378,income,3810
Mexican American,0.44,race,3811
Non-Hispanic Asian,0.2962962962962963,race,3811
Non-Hispanic Black,0.5426356589147286,race,3811
Non-Hispanic White,0.5695732838589982,race,3811
Other Hispanic,0.5352112676056338,race,3811
Other Race - Including Multi-Racial,0.5714285714285714,race,3811
Above 4x poverty line,0.35668789808917195,income,3811
Below poverty line,0.5924855491329479,income,3811
Middle (2-4x),0.4946808510638298,income,3811
Near poverty (1-2x),0.5544554455445545,income,3811
Mexican American,0.475,race,3812
Non-Hispanic Asian,0.3333333333333333,race,3812
Non-Hispanic Black,0.5697674418604651,race,3812
Non-Hispanic White,0.5547309833024119,race,3812
Other Hispanic,0.5140845070422535,race,3812
Other Race - Including Multi-Racial,0.49206349206349204,race,3812
Above 4x poverty line,0.33557046979865773,income,3812
Below poverty line,0.6195652173913043,income,3812
Middle (2-4x),0.47692307692307695,income,3812
Near poverty (1-2x),0.5531914893617021,income,3812
Mexican American,0.475,race,3813
Non-Hispanic Asian,0.3333333333333333,race,3813
Non-Hispanic Black,0.4806201550387597,race,3813
Non-Hispanic White,0.5380333951762524,race,3813
Other Hispanic,0.5704225352112676,race,3813
Other Race - Including Multi-Racial,0.47619047619047616,race,3813
Above 4x poverty line,0.34810126582278483,income,3813
Below poverty line,0.5692771084337349,income,3813
Middle (2-4x),0.46172248803827753,income,3813
Near poverty (1-2x),0.56,income,3813
Mexican American,0.41,race,3814
Non-Hispanic Asian,0.2839506172839506,race,3814
Non-Hispanic Black,0.5736434108527132,race,3814
Non-Hispanic White,0.536178107606679,race,3814
Other Hispanic,0.5492957746478874,race,3814
Other Race - Including Multi-Racial,0.6031746031746031,race,3814
Above 4x poverty line,0.35714285714285715,income,3814
Below poverty line,0.5903954802259888,income,3814
Middle (2-4x),0.4824120603015075,income,3814
Near poverty (1-2x),0.5426997245179064,income,3814
Mexican American,0.48,race,3815
Non-Hispanic Asian,0.345679012345679,race,3815
Non-Hispanic Black,0.5271317829457365,race,3815
Non-Hispanic White,0.549165120593692,race,3815
Other Hispanic,0.5352112676056338,race,3815
Other Race - Including Multi-Racial,0.5238095238095238,race,3815
Above 4x poverty line,0.3390804597701149,income,3815
Below poverty line,0.6195965417867435,income,3815
Middle (2-4x),0.4386422976501306,income,3815
Near poverty (1-2x),0.5883905013192612,income,3815
Mexican American,0.455,race,3816
Non-Hispanic Asian,0.2716049382716049,race,3816
Non-Hispanic Black,0.5503875968992248,race,3816
Non-Hispanic White,0.5547309833024119,race,3816
Other Hispanic,0.43661971830985913,race,3816
Other Race - Including Multi-Racial,0.5079365079365079,race,3816
Above 4x poverty line,0.3018867924528302,income,3816
Below poverty line,0.5885885885885885,income,3816
Middle (2-4x),0.4632352941176471,income,3816
Near poverty (1-2x),0.5613577023498695,income,3816
Mexican American,0.475,race,3817
Non-Hispanic Asian,0.4074074074074074,race,3817
Non-Hispanic Black,0.4883720930232558,race,3817
Non-Hispanic White,0.5473098330241187,race,3817
Other Hispanic,0.5845070422535211,race,3817
Other Race - Including Multi-Racial,0.42857142857142855,race,3817
Above 4x poverty line,0.33766233766233766,income,3817
Below poverty line,0.6198083067092651,income,3817
Middle (2-4x),0.45742092457420924,income,3817
Near poverty (1-2x),0.5555555555555556,income,3817
Mexican American,0.425,race,3818
Non-Hispanic Asian,0.3333333333333333,race,3818
Non-Hispanic Black,0.5852713178294574,race,3818
Non-Hispanic White,0.562152133580705,race,3818
Other Hispanic,0.5,race,3818
Other Race - Including Multi-Racial,0.5079365079365079,race,3818
Above 4x poverty line,0.35260115606936415,income,3818
Below poverty line,0.6012461059190031,income,3818
Middle (2-4x),0.49744897959183676,income,3818
Near poverty (1-2x),0.5541561712846348,income,3818
Mexican American,0.44,race,3819
Non-Hispanic Asian,0.345679012345679,race,3819
Non-Hispanic Black,0.5736434108527132,race,3819
Non-Hispanic White,0.5120593692022264,race,3819
Other Hispanic,0.528169014084507,race,3819
Other Race - Including Multi-Racial,0.6190476190476191,race,3819
Above 4x poverty line,0.29775280898876405,income,3819
Below poverty line,0.5922619047619048,income,3819
Middle (2-4x),0.4402035623409669,income,3819
Near poverty (1-2x),0.6090425531914894,income,3819
Mexican American,0.47,race,3820
Non-Hispanic Asian,0.3950617283950617,race,3820
Non-Hispanic Black,0.562015503875969,race,3820
Non-Hispanic White,0.562152133580705,race,3820
Other Hispanic,0.5633802816901409,race,3820
Other Race - Including Multi-Racial,0.42857142857142855,race,3820
Above 4x poverty line,0.3525641025641026,income,3820
Below poverty line,0.5952380952380952,income,3820
Middle (2-4x),0.5025125628140703,income,3820
Near poverty (1-2x),0.5750636132315522,income,3820
Mexican American,0.52,race,3821
Non-Hispanic Asian,0.37037037037037035,race,3821
Non-Hispanic Black,0.5387596899224806,race,3821
Non-Hispanic White,0.5658627087198516,race,3821
Other Hispanic,0.5422535211267606,race,3821
Other Race - Including Multi-Racial,0.5714285714285714,race,3821
Above 4x poverty line,0.35714285714285715,income,3821
Below poverty line,0.6235632183908046,income,3821
Middle (2-4x),0.4798994974874372,income,3821
Near poverty (1-2x),0.5953002610966057,income,3821
Mexican American,0.455,race,3822
Non-Hispanic Asian,0.2839506172839506,race,3822
Non-Hispanic Black,0.627906976744186,race,3822
Non-Hispanic White,0.549165120593692,race,3822
Other Hispanic,0.5070422535211268,race,3822
Other Race - Including Multi-Racial,0.5873015873015873,race,3822
Above 4x poverty line,0.3170731707317073,income,3822
Below poverty line,0.6123595505617978,income,3822
Middle (2-4x),0.4921875,income,3822
Near poverty (1-2x),0.5857519788918206,income,3822
Mexican American,0.45,race,3823
Non-Hispanic Asian,0.32098765432098764,race,3823
Non-Hispanic Black,0.5387596899224806,race,3823
Non-Hispanic White,0.5732838589981447,race,3823
Other Hispanic,0.5352112676056338,race,3823
Other Race - Including Multi-Racial,0.5238095238095238,race,3823
Above 4x poverty line,0.33986928104575165,income,3823
Below poverty line,0.551622418879056,income,3823
Middle (2-4x),0.5051813471502591,income,3823
Near poverty (1-2x),0.5901234567901235,income,3823
Mexican American,0.415,race,3824
Non-Hispanic Asian,0.30864197530864196,race,3824
Non-Hispanic Black,0.562015503875969,race,3824
Non-Hispanic White,0.5250463821892394,race,3824
Other Hispanic,0.5352112676056338,race,3824
Other Race - Including Multi-Racial,0.5714285714285714,race,3824
Above 4x poverty line,0.35185185185185186,income,3824
Below poverty line,0.547486033519553,income,3824
Middle (2-4x),0.47869674185463656,income,3824
Near poverty (1-2x),0.5604395604395604,income,3824
Mexican American,0.525,race,3825
Non-Hispanic Asian,0.32098765432098764,race,3825
Non-Hispanic Black,0.5232558139534884,race,3825
Non-Hispanic White,0.5602968460111317,race,3825
Other Hispanic,0.5704225352112676,race,3825
Other Race - Including Multi-Racial,0.5238095238095238,race,3825
Above 4x poverty line,0.35374149659863946,income,3825
Below poverty line,0.5959885386819485,income,3825
Middle (2-4x),0.4763092269326683,income,3825
Near poverty (1-2x),0.5984455958549223,income,3825
Mexican American,0.475,race,3826
Non-Hispanic Asian,0.38271604938271603,race,3826
Non-Hispanic Black,0.562015503875969,race,3826
Non-Hispanic White,0.5194805194805194,race,3826
Other Hispanic,0.528169014084507,race,3826
Other Race - Including Multi-Racial,0.5714285714285714,race,3826
Above 4x poverty line,0.3032258064516129,income,3826
Below poverty line,0.5802469135802469,income,3826
Middle (2-4x),0.48661800486618007,income,3826
Near poverty (1-2x),0.5776081424936387,income,3826
Mexican American,0.47,race,3827
Non-Hispanic Asian,0.37037037037037035,race,3827
Non-Hispanic Black,0.5891472868217055,race,3827
Non-Hispanic White,0.5157699443413729,race,3827
Other Hispanic,0.528169014084507,race,3827
Other Race - Including Multi-Racial,0.49206349206349204,race,3827
Above 4x poverty line,0.32386363636363635,income,3827
Below poverty line,0.6190476190476191,income,3827
Middle (2-4x),0.4533678756476684,income,3827
Near poverty (1-2x),0.5714285714285714,income,3827
Mexican American,0.44,race,3828
Non-Hispanic Asian,0.35802469135802467,race,3828
Non-Hispanic Black,0.5271317829457365,race,3828
Non-Hispanic White,0.5009276437847866,race,3828
Other Hispanic,0.528169014084507,race,3828
Other Race - Including Multi-Racial,0.5396825396825397,race,3828
Above 4x poverty line,0.31736526946107785,income,3828
Below poverty line,0.5626822157434402,income,3828
Middle (2-4x),0.4467005076142132,income,3828
Near poverty (1-2x),0.554089709762533,income,3828
Mexican American,0.505,race,3829
Non-Hispanic Asian,0.3333333333333333,race,3829
Non-Hispanic Black,0.562015503875969,race,3829
Non-Hispanic White,0.5677179962894249,race,3829
Other Hispanic,0.5140845070422535,race,3829
Other Race - Including Multi-Racial,0.5873015873015873,race,3829
Above 4x poverty line,0.34545454545454546,income,3829
Below poverty line,0.6267806267806267,income,3829
Middle (2-4x),0.5063291139240507,income,3829
Near poverty (1-2x),0.5698924731182796,income,3829
Mexican American,0.5,race,3830
Non-Hispanic Asian,0.3333333333333333,race,3830
Non-Hispanic Black,0.5271317829457365,race,3830
Non-Hispanic White,0.549165120593692,race,3830
Other Hispanic,0.4859154929577465,race,3830
Other Race - Including Multi-Racial,0.5079365079365079,race,3830
Above 4x poverty line,0.30057803468208094,income,3830
Below poverty line,0.6260387811634349,income,3830
Middle (2-4x),0.49226804123711343,income,3830
Near poverty (1-2x),0.5290858725761773,income,3830
Mexican American,0.46,race,3831
Non-Hispanic Asian,0.345679012345679,race,3831
Non-Hispanic Black,0.5271317829457365,race,3831
Non-Hispanic White,0.549165120593692,race,3831
Other Hispanic,0.5211267605633803,race,3831
Other Race - Including Multi-Racial,0.5396825396825397,race,3831
Above 4x poverty line,0.3448275862068966,income,3831
Below poverty line,0.5648414985590778,income,3831
Middle (2-4x),0.48936170212765956,income,3831
Near poverty (1-2x),0.5699481865284974,income,3831
Mexican American,0.48,race,3832
Non-Hispanic Asian,0.25925925925925924,race,3832
Non-Hispanic Black,0.4806201550387597,race,3832
Non-Hispanic White,0.5584415584415584,race,3832
Other Hispanic,0.5352112676056338,race,3832
Other Race - Including Multi-Racial,0.5555555555555556,race,3832
Above 4x poverty line,0.31210191082802546,income,3832
Below poverty line,0.547945205479452,income,3832
Middle (2-4x),0.5050505050505051,income,3832
Near poverty (1-2x),0.5589041095890411,income,3832
Mexican American,0.44,race,3833
Non-Hispanic Asian,0.43209876543209874,race,3833
Non-Hispanic Black,0.5271317829457365,race,3833
Non-Hispanic White,0.5398886827458256,race,3833
Other Hispanic,0.5774647887323944,race,3833
Other Race - Including Multi-Racial,0.6190476190476191,race,3833
Above 4x poverty line,0.3558282208588957,income,3833
Below poverty line,0.5941176470588235,income,3833
Middle (2-4x),0.48507462686567165,income,3833
Near poverty (1-2x),0.5714285714285714,income,3833
Mexican American,0.42,race,3834
Non-Hispanic Asian,0.3950617283950617,race,3834
Non-Hispanic Black,0.5465116279069767,race,3834
Non-Hispanic White,0.5417439703153989,race,3834
Other Hispanic,0.5422535211267606,race,3834
Other Race - Including Multi-Racial,0.49206349206349204,race,3834
Above 4x poverty line,0.3502824858757062,income,3834
Below poverty line,0.5823529411764706,income,3834
Middle (2-4x),0.4884318766066838,income,3834
Near poverty (1-2x),0.5490716180371353,income,3834
Mexican American,0.49,race,3835
Non-Hispanic Asian,0.38271604938271603,race,3835
Non-Hispanic Black,0.6046511627906976,race,3835
Non-Hispanic White,0.5640074211502782,race,3835
Other Hispanic,0.5352112676056338,race,3835
Other Race - Including Multi-Racial,0.4603174603174603,race,3835
Above 4x poverty line,0.3588235294117647,income,3835
Below poverty line,0.6101694915254238,income,3835
Middle (2-4x),0.5026041666666666,income,3835
Near poverty (1-2x),0.5973333333333334,income,3835
Mexican American,0.46,race,3836
Non-Hispanic Asian,0.345679012345679,race,3836
Non-Hispanic Black,0.5891472868217055,race,3836
Non-Hispanic White,0.5102040816326531,race,3836
Other Hispanic,0.5352112676056338,race,3836
Other Race - Including Multi-Racial,0.4444444444444444,race,3836
Above 4x poverty line,0.32919254658385094,income,3836
Below poverty line,0.617816091954023,income,3836
Middle (2-4x),0.4752475247524752,income,3836
Near poverty (1-2x),0.5162162162162162,income,3836
Mexican American,0.475,race,3837
Non-Hispanic Asian,0.345679012345679,race,3837
Non-Hispanic Black,0.5542635658914729,race,3837
Non-Hispanic White,0.5417439703153989,race,3837
Other Hispanic,0.4788732394366197,race,3837
Other Race - Including Multi-Racial,0.5396825396825397,race,3837
Above 4x poverty line,0.35294117647058826,income,3837
Below poverty line,0.6016483516483516,income,3837
Middle (2-4x),0.45384615384615384,income,3837
Near poverty (1-2x),0.5682451253481894,income,3837
Mexican American,0.44,race,3838
Non-Hispanic Asian,0.35802469135802467,race,3838
Non-Hispanic Black,0.5426356589147286,race,3838
Non-Hispanic White,0.5120593692022264,race,3838
Other Hispanic,0.5492957746478874,race,3838
Other Race - Including Multi-Racial,0.5555555555555556,race,3838
Above 4x poverty line,0.3048780487804878,income,3838
Below poverty line,0.5910364145658263,income,3838
Middle (2-4x),0.42933333333333334,income,3838
Near poverty (1-2x),0.5788113695090439,income,3838
Mexican American,0.465,race,3839
Non-Hispanic Asian,0.2962962962962963,race,3839
Non-Hispanic Black,0.5542635658914729,race,3839
Non-Hispanic White,0.5287569573283859,race,3839
Other Hispanic,0.5774647887323944,race,3839
Other Race - Including Multi-Racial,0.5079365079365079,race,3839
Above 4x poverty line,0.3508771929824561,income,3839
Below poverty line,0.5884146341463414,income,3839
Middle (2-4x),0.47880299251870323,income,3839
Near poverty (1-2x),0.5587467362924282,income,3839
Mexican American,0.41,race,3840
Non-Hispanic Asian,0.30864197530864196,race,3840
Non-Hispanic Black,0.5387596899224806,race,3840
Non-Hispanic White,0.5194805194805194,race,3840
Other Hispanic,0.5704225352112676,race,3840
Other Race - Including Multi-Racial,0.5396825396825397,race,3840
Above 4x poverty line,0.3181818181818182,income,3840
Below poverty line,0.5889212827988338,income,3840
Middle (2-4x),0.4444444444444444,income,3840
Near poverty (1-2x),0.5569948186528497,income,3840
Mexican American,0.485,race,3841
Non-Hispanic Asian,0.37037037037037035,race,3841
Non-Hispanic Black,0.5038759689922481,race,3841
Non-Hispanic White,0.5417439703153989,race,3841
Other Hispanic,0.5422535211267606,race,3841
Other Race - Including Multi-Racial,0.5079365079365079,race,3841
Above 4x poverty line,0.37349397590361444,income,3841
Below poverty line,0.5439093484419264,income,3841
Middle (2-4x),0.5284974093264249,income,3841
Near poverty (1-2x),0.5291005291005291,income,3841
Mexican American,0.4,race,3842
Non-Hispanic Asian,0.3333333333333333,race,3842
Non-Hispanic Black,0.5542635658914729,race,3842
Non-Hispanic White,0.5658627087198516,race,3842
Other Hispanic,0.5985915492957746,race,3842
Other Race - Including Multi-Racial,0.5396825396825397,race,3842
Above 4x poverty line,0.34146341463414637,income,3842
Below poverty line,0.6228070175438597,income,3842
Middle (2-4x),0.4897959183673469,income,3842
Near poverty (1-2x),0.5532467532467532,income,3842
Mexican American,0.485,race,3843
Non-Hispanic Asian,0.30864197530864196,race,3843
Non-Hispanic Black,0.5581395348837209,race,3843
Non-Hispanic White,0.5176252319109462,race,3843
Other Hispanic,0.528169014084507,race,3843
Other Race - Including Multi-Racial,0.49206349206349204,race,3843
Above 4x poverty line,0.3218390804597701,income,3843
Below poverty line,0.5726744186046512,income,3843
Middle (2-4x),0.4880636604774536,income,3843
Near poverty (1-2x),0.5515463917525774,income,3843
Mexican American,0.44,race,3844
Non-Hispanic Asian,0.4074074074074074,race,3844
Non-Hispanic Black,0.5116279069767442,race,3844
Non-Hispanic White,0.5473098330241187,race,3844
Other Hispanic,0.5633802816901409,race,3844
Other Race - Including Multi-Racial,0.5396825396825397,race,3844
Above 4x poverty line,0.25862068965517243,income,3844
Below poverty line,0.5842696629213483,income,3844
Middle (2-4x),0.5053191489361702,income,3844
Near poverty (1-2x),0.5809018567639257,income,3844
Mexican American,0.45,race,3845
Non-Hispanic Asian,0.25925925925925924,race,3845
Non-Hispanic Black,0.5581395348837209,race,3845
Non-Hispanic White,0.549165120593692,race,3845
Other Hispanic,0.5774647887323944,race,3845
Other Race - Including Multi-Racial,0.5238095238095238,race,3845
Above 4x poverty line,0.3597560975609756,income,3845
Below poverty line,0.6144927536231884,income,3845
Middle (2-4x),0.48514851485148514,income,3845
Near poverty (1-2x),0.5378378378378378,income,3845
Mexican American,0.465,race,3846
Non-Hispanic Asian,0.25925925925925924,race,3846
Non-Hispanic Black,0.624031007751938,race,3846
Non-Hispanic White,0.562152133580705,race,3846
Other Hispanic,0.5422535211267606,race,3846
Other Race - Including Multi-Racial,0.5238095238095238,race,3846
Above 4x poverty line,0.37254901960784315,income,3846
Below poverty line,0.6016042780748663,income,3846
Middle (2-4x),0.49473684210526314,income,3846
Near poverty (1-2x),0.5797872340425532,income,3846
Mexican American,0.425,race,3847
Non-Hispanic Asian,0.41975308641975306,race,3847
Non-Hispanic Black,0.562015503875969,race,3847
Non-Hispanic White,0.5194805194805194,race,3847
Other Hispanic,0.5070422535211268,race,3847
Other Race - Including Multi-Racial,0.5714285714285714,race,3847
Above 4x poverty line,0.3225806451612903,income,3847
Below poverty line,0.5755208333333334,income,3847
Middle (2-4x),0.47593582887700536,income,3847
Near poverty (1-2x),0.5486486486486486,income,3847
Mexican American,0.445,race,3848
Non-Hispanic Asian,0.2716049382716049,race,3848
Non-Hispanic Black,0.5426356589147286,race,3848
Non-Hispanic White,0.5510204081632653,race,3848
Other Hispanic,0.45774647887323944,race,3848
Other Race - Including Multi-Racial,0.4444444444444444,race,3848
Above 4x poverty line,0.32954545454545453,income,3848
Below poverty line,0.5173410404624278,income,3848
Middle (2-4x),0.49865229110512127,income,3848
Near poverty (1-2x),0.5615384615384615,income,3848
Mexican American,0.4,race,3849
Non-Hispanic Asian,0.41975308641975306,race,3849
Non-Hispanic Black,0.562015503875969,race,3849
Non-Hispanic White,0.5584415584415584,race,3849
Other Hispanic,0.49295774647887325,race,3849
Other Race - Including Multi-Racial,0.4444444444444444,race,3849
Above 4x poverty line,0.40993788819875776,income,3849
Below poverty line,0.5742296918767507,income,3849
Middle (2-4x),0.4895833333333333,income,3849
Near poverty (1-2x),0.5223097112860893,income,3849
Mexican American,0.425,race,3850
Non-Hispanic Asian,0.2962962962962963,race,3850
Non-Hispanic Black,0.5426356589147286,race,3850
Non-Hispanic White,0.5658627087198516,race,3850
Other Hispanic,0.5211267605633803,race,3850
Other Race - Including Multi-Racial,0.5079365079365079,race,3850
Above 4x poverty line,0.33544303797468356,income,3850
Below poverty line,0.6144200626959248,income,3850
Middle (2-4x),0.49176470588235294,income,3850
Near poverty (1-2x),0.5301837270341208,income,3850
Mexican American,0.455,race,3851
Non-Hispanic Asian,0.38271604938271603,race,3851
Non-Hispanic Black,0.6046511627906976,race,3851
Non-Hispanic White,0.5473098330241187,race,3851
Other Hispanic,0.528169014084507,race,3851
Other Race - Including Multi-Racial,0.49206349206349204,race,3851
Above 4x poverty line,0.35542168674698793,income,3851
Below poverty line,0.6147757255936676,income,3851
Middle (2-4x),0.4689119170984456,income,3851
Near poverty (1-2x),0.5852272727272727,income,3851
Mexican American,0.48,race,3852
Non-Hispanic Asian,0.345679012345679,race,3852
Non-Hispanic Black,0.5697674418604651,race,3852
Non-Hispanic White,0.5640074211502782,race,3852
Other Hispanic,0.5704225352112676,race,3852
Other Race - Including Multi-Racial,0.5714285714285714,race,3852
Above 4x poverty line,0.42953020134228187,income,3852
Below poverty line,0.6217008797653959,income,3852
Middle (2-4x),0.4880382775119617,income,3852
Near poverty (1-2x),0.5653333333333334,income,3852
Mexican American,0.455,race,3853
Non-Hispanic Asian,0.3950617283950617,race,3853
Non-Hispanic Black,0.5232558139534884,race,3853
Non-Hispanic White,0.5547309833024119,race,3853
Other Hispanic,0.5211267605633803,race,3853
Other Race - Including Multi-Racial,0.42857142857142855,race,3853
Above 4x poverty line,0.34375,income,3853
Below poverty line,0.5892857142857143,income,3853
Middle (2-4x),0.4642857142857143,income,3853
Near poverty (1-2x),0.5645569620253165,income,3853
Mexican American,0.425,race,3854
Non-Hispanic Asian,0.41975308641975306,race,3854
Non-Hispanic Black,0.5658914728682171,race,3854
Non-Hispanic White,0.5343228200371057,race,3854
Other Hispanic,0.5211267605633803,race,3854
Other Race - Including Multi-Racial,0.5555555555555556,race,3854
Above 4x poverty line,0.34782608695652173,income,3854
Below poverty line,0.6296296296296297,income,3854
Middle (2-4x),0.43596059113300495,income,3854
Near poverty (1-2x),0.5739795918367347,income,3854
Mexican American,0.42,race,3855
Non-Hispanic Asian,0.24691358024691357,race,3855
Non-Hispanic Black,0.4728682170542636,race,3855
Non-Hispanic White,0.5435992578849722,race,3855
Other Hispanic,0.4859154929577465,race,3855
Other Race - Including Multi-Racial,0.5396825396825397,race,3855
Above 4x poverty line,0.3352272727272727,income,3855
Below poverty line,0.5523809523809524,income,3855
Middle (2-4x),0.4398034398034398,income,3855
Near poverty (1-2x),0.5454545454545454,income,3855
Mexican American,0.47,race,3856
Non-Hispanic Asian,0.37037037037037035,race,3856
Non-Hispanic Black,0.5310077519379846,race,3856
Non-Hispanic White,0.5287569573283859,race,3856
Other Hispanic,0.5,race,3856
Other Race - Including Multi-Racial,0.6031746031746031,race,3856
Above 4x poverty line,0.29508196721311475,income,3856
Below poverty line,0.6179104477611941,income,3856
Middle (2-4x),0.45066666666666666,income,3856
Near poverty (1-2x),0.5769230769230769,income,3856
Mexican American,0.49,race,3857
Non-Hispanic Asian,0.4074074074074074,race,3857
Non-Hispanic Black,0.5465116279069767,race,3857
Non-Hispanic White,0.5324675324675324,race,3857
Other Hispanic,0.5070422535211268,race,3857
Other Race - Including Multi-Racial,0.5555555555555556,race,3857
Above 4x poverty line,0.3333333333333333,income,3857
Below poverty line,0.5744047619047619,income,3857
Middle (2-4x),0.47277227722772275,income,3857
Near poverty (1-2x),0.5903307888040712,income,3857
Mexican American,0.47,race,3858
Non-Hispanic Asian,0.35802469135802467,race,3858
Non-Hispanic Black,0.5426356589147286,race,3858
Non-Hispanic White,0.536178107606679,race,3858
Other Hispanic,0.5422535211267606,race,3858
Other Race - Including Multi-Racial,0.5873015873015873,race,3858
Above 4x poverty line,0.3710691823899371,income,3858
Below poverty line,0.5735735735735735,income,3858
Middle (2-4x),0.49104859335038364,income,3858
Near poverty (1-2x),0.56,income,3858
Mexican American,0.51,race,3859
Non-Hispanic Asian,0.345679012345679,race,3859
Non-Hispanic Black,0.5658914728682171,race,3859
Non-Hispanic White,0.5176252319109462,race,3859
Other Hispanic,0.5140845070422535,race,3859
Other Race - Including Multi-Racial,0.5238095238095238,race,3859
Above 4x poverty line,0.3026315789473684,income,3859
Below poverty line,0.6067415730337079,income,3859
Middle (2-4x),0.4830287206266319,income,3859
Near poverty (1-2x),0.5459183673469388,income,3859
Mexican American,0.43,race,3860
Non-Hispanic Asian,0.35802469135802467,race,3860
Non-Hispanic Black,0.5465116279069767,race,3860
Non-Hispanic White,0.5565862708719852,race,3860
Other Hispanic,0.49295774647887325,race,3860
Other Race - Including Multi-Racial,0.5238095238095238,race,3860
Above 4x poverty line,0.37748344370860926,income,3860
Below poverty line,0.5863013698630137,income,3860
Middle (2-4x),0.47512437810945274,income,3860
Near poverty (1-2x),0.5397260273972603,income,3860
Mexican American,0.505,race,3861
Non-Hispanic Asian,0.2962962962962963,race,3861
Non-Hispanic Black,0.5348837209302325,race,3861
Non-Hispanic White,0.5677179962894249,race,3861
Other Hispanic,0.5070422535211268,race,3861
Other Race - Including Multi-Racial,0.5714285714285714,race,3861
Above 4x poverty line,0.3741496598639456,income,3861
Below poverty line,0.5818713450292398,income,3861
Middle (2-4x),0.4720812182741117,income,3861
Near poverty (1-2x),0.5925,income,3861
Mexican American,0.54,race,3862
Non-Hispanic Asian,0.35802469135802467,race,3862
Non-Hispanic Black,0.49224806201550386,race,3862
Non-Hispanic White,0.5510204081632653,race,3862
Other Hispanic,0.5422535211267606,race,3862
Other Race - Including Multi-Racial,0.5714285714285714,race,3862
Above 4x poverty line,0.36477987421383645,income,3862
Below poverty line,0.6100278551532033,income,3862
Middle (2-4x),0.49340369393139843,income,3862
Near poverty (1-2x),0.5440414507772021,income,3862
Mexican American,0.41,race,3863
Non-Hispanic Asian,0.37037037037037035,race,3863
Non-Hispanic Black,0.5736434108527132,race,3863
Non-Hispanic White,0.5231910946196661,race,3863
Other Hispanic,0.5774647887323944,race,3863
Other Race - Including Multi-Racial,0.4603174603174603,race,3863
Above 4x poverty line,0.3333333333333333,income,3863
Below poverty line,0.6050156739811913,income,3863
Middle (2-4x),0.4692874692874693,income,3863
Near poverty (1-2x),0.5475578406169666,income,3863
Mexican American,0.455,race,3864
Non-Hispanic Asian,0.32098765432098764,race,3864
Non-Hispanic Black,0.5542635658914729,race,3864
Non-Hispanic White,0.5547309833024119,race,3864
Other Hispanic,0.5563380281690141,race,3864
Other Race - Including Multi-Racial,0.6349206349206349,race,3864
Above 4x poverty line,0.37349397590361444,income,3864
Below poverty line,0.6147058823529412,income,3864
Middle (2-4x),0.5049019607843137,income,3864
Near poverty (1-2x),0.5447154471544715,income,3864
Mexican American,0.455,race,3865
Non-Hispanic Asian,0.2962962962962963,race,3865
Non-Hispanic Black,0.5426356589147286,race,3865
Non-Hispanic White,0.5306122448979592,race,3865
Other Hispanic,0.528169014084507,race,3865
Other Race - Including Multi-Racial,0.49206349206349204,race,3865
Above 4x poverty line,0.32098765432098764,income,3865
Below poverty line,0.571830985915493,income,3865
Middle (2-4x),0.45403899721448465,income,3865
Near poverty (1-2x),0.5626535626535627,income,3865
Mexican American,0.48,race,3866
Non-Hispanic Asian,0.2716049382716049,race,3866
Non-Hispanic Black,0.5658914728682171,race,3866
Non-Hispanic White,0.5324675324675324,race,3866
Other Hispanic,0.528169014084507,race,3866
Other Race - Including Multi-Racial,0.5396825396825397,race,3866
Above 4x poverty line,0.3197278911564626,income,3866
Below poverty line,0.6005665722379604,income,3866
Middle (2-4x),0.46984924623115576,income,3866
Near poverty (1-2x),0.5558441558441558,income,3866
Mexican American,0.475,race,3867
Non-Hispanic Asian,0.37037037037037035,race,3867
Non-Hispanic Black,0.5348837209302325,race,3867
Non-Hispanic White,0.5250463821892394,race,3867
Other Hispanic,0.5915492957746479,race,3867
Other Race - Including Multi-Racial,0.4603174603174603,race,3867
Above 4x poverty line,0.31666666666666665,income,3867
Below poverty line,0.6264044943820225,income,3867
Middle (2-4x),0.4753246753246753,income,3867
Near poverty (1-2x),0.5414364640883977,income,3867
Mexican American,0.51,race,3868
Non-Hispanic Asian,0.2839506172839506,race,3868
Non-Hispanic Black,0.5387596899224806,race,3868
Non-Hispanic White,0.5584415584415584,race,3868
Other Hispanic,0.6197183098591549,race,3868
Other Race - Including Multi-Racial,0.6190476190476191,race,3868
Above 4x poverty line,0.36231884057971014,income,3868
Below poverty line,0.6343490304709142,income,3868
Middle (2-4x),0.49385749385749383,income,3868
Near poverty (1-2x),0.5623342175066313,income,3868
Mexican American,0.415,race,3869
Non-Hispanic Asian,0.32098765432098764,race,3869
Non-Hispanic Black,0.5387596899224806,race,3869
Non-Hispanic White,0.5306122448979592,race,3869
Other Hispanic,0.5352112676056338,race,3869
Other Race - Including Multi-Racial,0.5873015873015873,race,3869
Above 4x poverty line,0.310126582278481,income,3869
Below poverty line,0.6073446327683616,income,3869
Middle (2-4x),0.43410852713178294,income,3869
Near poverty (1-2x),0.5598958333333334,income,3869
Mexican American,0.415,race,3870
Non-Hispanic Asian,0.3950617283950617,race,3870
Non-Hispanic Black,0.5310077519379846,race,3870
Non-Hispanic White,0.5547309833024119,race,3870
Other Hispanic,0.528169014084507,race,3870
Other Race - Including Multi-Racial,0.47619047619047616,race,3870
Above 4x poverty line,0.35428571428571426,income,3870
Below poverty line,0.592948717948718,income,3870
Middle (2-4x),0.4631043256997455,income,3870
Near poverty (1-2x),0.5632754342431762,income,3870
Mexican American,0.47,race,3871
Non-Hispanic Asian,0.3333333333333333,race,3871
Non-Hispanic Black,0.5348837209302325,race,3871
Non-Hispanic White,0.5584415584415584,race,3871
Other Hispanic,0.5915492957746479,race,3871
Other Race - Including Multi-Racial,0.6190476190476191,race,3871
Above 4x poverty line,0.36419753086419754,income,3871
Below poverty line,0.5911602209944752,income,3871
Middle (2-4x),0.5372340425531915,income,3871
Near poverty (1-2x),0.5430809399477807,income,3871
Mexican American,0.385,race,3872
Non-Hispanic Asian,0.345679012345679,race,3872
Non-Hispanic Black,0.5310077519379846,race,3872
Non-Hispanic White,0.5862708719851577,race,3872
Other Hispanic,0.5422535211267606,race,3872
Other Race - Including Multi-Racial,0.5396825396825397,race,3872
Above 4x poverty line,0.35064935064935066,income,3872
Below poverty line,0.6112676056338028,income,3872
Middle (2-4x),0.4713541666666667,income,3872
Near poverty (1-2x),0.5564102564102564,income,3872
Mexican American,0.475,race,3873
Non-Hispanic Asian,0.35802469135802467,race,3873
Non-Hispanic Black,0.5387596899224806,race,3873
Non-Hispanic White,0.5640074211502782,race,3873
Other Hispanic,0.5,race,3873
Other Race - Including Multi-Racial,0.5555555555555556,race,3873
Above 4x poverty line,0.3151515151515151,income,3873
Below poverty line,0.5596330275229358,income,3873
Middle (2-4x),0.5256723716381418,income,3873
Near poverty (1-2x),0.5837696335078534,income,3873
Mexican American,0.485,race,3874
Non-Hispanic Asian,0.3333333333333333,race,3874
Non-Hispanic Black,0.5852713178294574,race,3874
Non-Hispanic White,0.5547309833024119,race,3874
Other Hispanic,0.5915492957746479,race,3874
Other Race - Including Multi-Racial,0.5873015873015873,race,3874
Above 4x poverty line,0.3563218390804598,income,3874
Below poverty line,0.6184971098265896,income,3874
Middle (2-4x),0.5078125,income,3874
Near poverty (1-2x),0.5910290237467019,income,3874
Mexican American,0.45,race,3875
Non-Hispanic Asian,0.32098765432098764,race,3875
Non-Hispanic Black,0.5581395348837209,race,3875
Non-Hispanic White,0.5194805194805194,race,3875
Other Hispanic,0.5915492957746479,race,3875
Other Race - Including Multi-Racial,0.47619047619047616,race,3875
Above 4x poverty line,0.32558139534883723,income,3875
Below poverty line,0.6005917159763313,income,3875
Middle (2-4x),0.46782178217821785,income,3875
Near poverty (1-2x),0.5582655826558266,income,3875
Mexican American,0.415,race,3876
Non-Hispanic Asian,0.345679012345679,race,3876
Non-Hispanic Black,0.5697674418604651,race,3876
Non-Hispanic White,0.5714285714285714,race,3876
Other Hispanic,0.5633802816901409,race,3876
Other Race - Including Multi-Racial,0.47619047619047616,race,3876
Above 4x poverty line,0.325,income,3876
Below poverty line,0.6303724928366762,income,3876
Middle (2-4x),0.45478723404255317,income,3876
Near poverty (1-2x),0.585427135678392,income,3876
Mexican American,0.515,race,3877
Non-Hispanic Asian,0.3333333333333333,race,3877
Non-Hispanic Black,0.5503875968992248,race,3877
Non-Hispanic White,0.5343228200371057,race,3877
Other Hispanic,0.5070422535211268,race,3877
Other Race - Including Multi-Racial,0.6190476190476191,race,3877
Above 4x poverty line,0.32051282051282054,income,3877
Below poverty line,0.5988700564971752,income,3877
Middle (2-4x),0.4899497487437186,income,3877
Near poverty (1-2x),0.5706666666666667,income,3877
Mexican American,0.44,race,3878
Non-Hispanic Asian,0.3950617283950617,race,3878
Non-Hispanic Black,0.5426356589147286,race,3878
Non-Hispanic White,0.5528756957328386,race,3878
Other Hispanic,0.45774647887323944,race,3878
Other Race - Including Multi-Racial,0.5714285714285714,race,3878
Above 4x poverty line,0.3446327683615819,income,3878
Below poverty line,0.5887573964497042,income,3878
Middle (2-4x),0.4876237623762376,income,3878
Near poverty (1-2x),0.554945054945055,income,3878
Mexican American,0.435,race,3879
Non-Hispanic Asian,0.35802469135802467,race,3879
Non-Hispanic Black,0.5503875968992248,race,3879
Non-Hispanic White,0.5658627087198516,race,3879
Other Hispanic,0.5140845070422535,race,3879
Other Race - Including Multi-Racial,0.49206349206349204,race,3879
Above 4x poverty line,0.3262411347517731,income,3879
Below poverty line,0.5833333333333334,income,3879
Middle (2-4x),0.4607594936708861,income,3879
Near poverty (1-2x),0.5914786967418546,income,3879
Mexican American,0.47,race,3880
Non-Hispanic Asian,0.30864197530864196,race,3880
Non-Hispanic Black,0.5775193798449613,race,3880
Non-Hispanic White,0.5602968460111317,race,3880
Other Hispanic,0.5352112676056338,race,3880
Other Race - Including Multi-Racial,0.5873015873015873,race,3880
Above 4x poverty line,0.3727810650887574,income,3880
Below poverty line,0.6328767123287671,income,3880
Middle (2-4x),0.46195652173913043,income,3880
Near poverty (1-2x),0.5748031496062992,income,3880
Mexican American,0.405,race,3881
Non-Hispanic Asian,0.2716049382716049,race,3881
Non-Hispanic Black,0.5581395348837209,race,3881
Non-Hispanic White,0.5584415584415584,race,3881
Other Hispanic,0.5352112676056338,race,3881
Other Race - Including Multi-Racial,0.5396825396825397,race,3881
Above 4x poverty line,0.40268456375838924,income,3881
Below poverty line,0.5933147632311978,income,3881
Middle (2-4x),0.43765281173594134,income,3881
Near poverty (1-2x),0.5628415300546448,income,3881
Mexican American,0.455,race,3882
Non-Hispanic Asian,0.3333333333333333,race,3882
Non-Hispanic Black,0.5310077519379846,race,3882
Non-Hispanic White,0.5306122448979592,race,3882
Other Hispanic,0.5422535211267606,race,3882
Other Race - Including Multi-Racial,0.5238095238095238,race,3882
Above 4x poverty line,0.32,income,3882
Below poverty line,0.5493827160493827,income,3882
Middle (2-4x),0.49363867684478374,income,3882
Near poverty (1-2x),0.5703324808184144,income,3882
Mexican American,0.45,race,3883
Non-Hispanic Asian,0.3333333333333333,race,3883
Non-Hispanic Black,0.5775193798449613,race,3883
Non-Hispanic White,0.5584415584415584,race,3883
Other Hispanic,0.5492957746478874,race,3883
Other Race - Including Multi-Racial,0.49206349206349204,race,3883
Above 4x poverty line,0.2974683544303797,income,3883
Below poverty line,0.6303724928366762,income,3883
Middle (2-4x),0.5063291139240507,income,3883
Near poverty (1-2x),0.5485564304461942,income,3883
Mexican American,0.49,race,3884
Non-Hispanic Asian,0.2839506172839506,race,3884
Non-Hispanic Black,0.5465116279069767,race,3884
Non-Hispanic White,0.5510204081632653,race,3884
Other Hispanic,0.6197183098591549,race,3884
Other Race - Including Multi-Racial,0.5238095238095238,race,3884
Above 4x poverty line,0.3313953488372093,income,3884
Below poverty line,0.6386554621848739,income,3884
Middle (2-4x),0.5028089887640449,income,3884
Near poverty (1-2x),0.542713567839196,income,3884
Mexican American,0.44,race,3885
Non-Hispanic Asian,0.30864197530864196,race,3885
Non-Hispanic Black,0.5077519379844961,race,3885
Non-Hispanic White,0.5176252319109462,race,3885
Other Hispanic,0.5352112676056338,race,3885
Other Race - Including Multi-Racial,0.5079365079365079,race,3885
Above 4x poverty line,0.30409356725146197,income,3885
Below poverty line,0.5527065527065527,income,3885
Middle (2-4x),0.4665012406947891,income,3885
Near poverty (1-2x),0.55027932960893855,income,3885
Mexican American,0.44,race,3886
Non-Hispanic Asian,0.30864197530864196,race,3886
Non-Hispanic Black,0.5348837209302325,race,3886
Non-Hispanic White,0.5510204081632653,race,3886
Other Hispanic,0.4859154929577465,race,3886
Other Race - Including Multi-Racial,0.5396825396825397,race,3886
Above 4x poverty line,0.38461538461538464,income,3886
Below poverty line,0.571830985915493,income,3886
Middle (2-4x),0.47699757869249393,income,3886
Near poverty (1-2x),0.522077922077922,income,3886
Mexican American,0.445,race,3887
Non-Hispanic Asian,0.2839506172839506,race,3887
Non-Hispanic Black,0.5775193798449613,race,3887
Non-Hispanic White,0.536178107606679,race,3887
Other Hispanic,0.5915492957746479,race,3887
Other Race - Including Multi-Racial,0.5396825396825397,race,3887
Above 4x poverty line,0.3120567375886525,income,3887
Below poverty line,0.6225352112676056,income,3887
Middle (2-4x),0.45965770171149145,income,3887
Near poverty (1-2x),0.5687830687830688,income,3887
Mexican American,0.47,race,3888
Non-Hispanic Asian,0.2962962962962963,race,3888
Non-Hispanic Black,0.5581395348837209,race,3888
Non-Hispanic White,0.5454545454545454,race,3888
Other Hispanic,0.5845070422535211,race,3888
Other Race - Including Multi-Racial,0.6190476190476191,race,3888
Above 4x poverty line,0.3246753246753247,income,3888
Below poverty line,0.5876010781671159,income,3888
Middle (2-4x),0.5163934426229508,income,3888
Near poverty (1-2x),0.5637755102040817,income,3888
Mexican American,0.48,race,3889
Non-Hispanic Asian,0.38271604938271603,race,3889
Non-Hispanic Black,0.5581395348837209,race,3889
Non-Hispanic White,0.549165120593692,race,3889
Other Hispanic,0.5563380281690141,race,3889
Other Race - Including Multi-Racial,0.5873015873015873,race,3889
Above 4x poverty line,0.3961038961038961,income,3889
Below poverty line,0.59375,income,3889
Middle (2-4x),0.5187032418952618,income,3889
Near poverty (1-2x),0.5452127659574468,income,3889
Mexican American,0.4,race,3890
Non-Hispanic Asian,0.2962962962962963,race,3890
Non-Hispanic Black,0.5503875968992248,race,3890
Non-Hispanic White,0.5324675324675324,race,3890
Other Hispanic,0.4788732394366197,race,3890
Other Race - Including Multi-Racial,0.5079365079365079,race,3890
Above 4x poverty line,0.33125,income,3890
Below poverty line,0.5227272727272727,income,3890
Middle (2-4x),0.4467005076142132,income,3890
Near poverty (1-2x),0.583554376657825,income,3890
Mexican American,0.465,race,3891
Non-Hispanic Asian,0.2839506172839506,race,3891
Non-Hispanic Black,0.5465116279069767,race,3891
Non-Hispanic White,0.5231910946196661,race,3891
Other Hispanic,0.5211267605633803,race,3891
Other Race - Including Multi-Racial,0.49206349206349204,race,3891
Above 4x poverty line,0.3333333333333333,income,3891
Below poverty line,0.6172106824925816,income,3891
Middle (2-4x),0.4520884520884521,income,3891
Near poverty (1-2x),0.5221932114882507,income,3891
Mexican American,0.43,race,3892
Non-Hispanic Asian,0.345679012345679,race,3892
Non-Hispanic Black,0.5852713178294574,race,3892
Non-Hispanic White,0.5435992578849722,race,3892
Other Hispanic,0.5845070422535211,race,3892
Other Race - Including Multi-Racial,0.6031746031746031,race,3892
Above 4x poverty line,0.3424657534246575,income,3892
Below poverty line,0.6,income,3892
Middle (2-4x),0.4975247524752475,income,3892
Near poverty (1-2x),0.5674931129476584,income,3892
Mexican American,0.435,race,3893
Non-Hispanic Asian,0.43209876543209874,race,3893
Non-Hispanic Black,0.5271317829457365,race,3893
Non-Hispanic White,0.5046382189239332,race,3893
Other Hispanic,0.5211267605633803,race,3893
Other Race - Including Multi-Racial,0.5555555555555556,race,3893
Above 4x poverty line,0.3270440251572327,income,3893
Below poverty line,0.5574712643678161,income,3893
Middle (2-4x),0.4748743718592965,income,3893
Near poverty (1-2x),0.5396825396825397,income,3893
Mexican American,0.495,race,3894
Non-Hispanic Asian,0.2962962962962963,race,3894
Non-Hispanic Black,0.5387596899224806,race,3894
Non-Hispanic White,0.5231910946196661,race,3894
Other Hispanic,0.5845070422535211,race,3894
Other Race - Including Multi-Racial,0.4603174603174603,race,3894
Above 4x poverty line,0.3220338983050847,income,3894
Below poverty line,0.5920245398773006,income,3894
Middle (2-4x),0.48120300751879697,income,3894
Near poverty (1-2x),0.5616797900262467,income,3894
Mexican American,0.475,race,3895
Non-Hispanic Asian,0.30864197530864196,race,3895
Non-Hispanic Black,0.5465116279069767,race,3895
Non-Hispanic White,0.5658627087198516,race,3895
Other Hispanic,0.5352112676056338,race,3895
Other Race - Including Multi-Racial,0.5396825396825397,race,3895
Above 4x poverty line,0.3431952662721893,income,3895
Below poverty line,0.6257668711656442,income,3895
Middle (2-4x),0.48009950248756217,income,3895
Near poverty (1-2x),0.572538860103627,income,3895
Mexican American,0.455,race,3896
Non-Hispanic Asian,0.4074074074074074,race,3896
Non-Hispanic Black,0.6085271317829457,race,3896
Non-Hispanic White,0.5306122448979592,race,3896
Other Hispanic,0.5070422535211268,race,3896
Other Race - Including Multi-Racial,0.5238095238095238,race,3896
Above 4x poverty line,0.3541666666666667,income,3896
Below poverty line,0.6044568245125348,income,3896
Middle (2-4x),0.4833759590792839,income,3896
Near poverty (1-2x),0.5526992287917738,income,3896
Mexican American,0.45,race,3897
Non-Hispanic Asian,0.37037037037037035,race,3897
Non-Hispanic Black,0.5077519379844961,race,3897
Non-Hispanic White,0.5510204081632653,race,3897
Other Hispanic,0.4788732394366197,race,3897
Other Race - Including Multi-Racial,0.6349206349206349,race,3897
Above 4x poverty line,0.32335329341317365,income,3897
Below poverty line,0.5864022662889519,income,3897
Middle (2-4x),0.4627659574468085,income,3897
Near poverty (1-2x),0.5710594315245479,income,3897
Mexican American,0.445,race,3898
Non-Hispanic Asian,0.2716049382716049,race,3898
Non-Hispanic Black,0.5658914728682171,race,3898
Non-Hispanic White,0.5435992578849722,race,3898
Other Hispanic,0.5352112676056338,race,3898
Other Race - Including Multi-Racial,0.5555555555555556,race,3898
Above 4x poverty line,0.32727272727272727,income,3898
Below poverty line,0.5783475783475783,income,3898
Middle (2-4x),0.49333333333333335,income,3898
Near poverty (1-2x),0.5586734693877551,income,3898
Mexican American,0.46,race,3899
Non-Hispanic Asian,0.2962962962962963,race,3899
Non-Hispanic Black,0.5852713178294574,race,3899
Non-Hispanic White,0.5658627087198516,race,3899
Other Hispanic,0.528169014084507,race,3899
Other Race - Including Multi-Racial,0.5873015873015873,race,3899
Above 4x poverty line,0.4127906976744186,income,3899
Below poverty line,0.5965417867435159,income,3899
Middle (2-4x),0.49246231155778897,income,3899
Near poverty (1-2x),0.5737704918032787,income,3899
Mexican American,0.51,race,3900
Non-Hispanic Asian,0.2962962962962963,race,3900
Non-Hispanic Black,0.5697674418604651,race,3900
Non-Hispanic White,0.5658627087198516,race,3900
Other Hispanic,0.5633802816901409,race,3900
Other Race - Including Multi-Racial,0.5238095238095238,race,3900
Above 4x poverty line,0.3904109589041096,income,3900
Below poverty line,0.6138888888888889,income,3900
Middle (2-4x),0.4949748743718593,income,3900
Near poverty (1-2x),0.5699208443271768,income,3900
Mexican American,0.495,race,3901
Non-Hispanic Asian,0.345679012345679,race,3901
Non-Hispanic Black,0.5852713178294574,race,3901
Non-Hispanic White,0.562152133580705,race,3901
Other Hispanic,0.5140845070422535,race,3901
Other Race - Including Multi-Racial,0.5555555555555556,race,3901
Above 4x poverty line,0.3548387096774194,income,3901
Below poverty line,0.6388059701492538,income,3901
Middle (2-4x),0.4583333333333333,income,3901
Near poverty (1-2x),0.5965770171149144,income,3901
Mexican American,0.45,race,3902
Non-Hispanic Asian,0.2716049382716049,race,3902
Non-Hispanic Black,0.5348837209302325,race,3902
Non-Hispanic White,0.5027829313543599,race,3902
Other Hispanic,0.49295774647887325,race,3902
Other Race - Including Multi-Racial,0.5714285714285714,race,3902
Above 4x poverty line,0.30434782608695654,income,3902
Below poverty line,0.5754985754985755,income,3902
Middle (2-4x),0.45931758530183725,income,3902
Near poverty (1-2x),0.5153846153846153,income,3902
Mexican American,0.46,race,3903
Non-Hispanic Asian,0.30864197530864196,race,3903
Non-Hispanic Black,0.5426356589147286,race,3903
Non-Hispanic White,0.5844155844155844,race,3903
Other Hispanic,0.49295774647887325,race,3903
Other Race - Including Multi-Racial,0.5555555555555556,race,3903
Above 4x poverty line,0.3105590062111801,income,3903
Below poverty line,0.5925925925925926,income,3903
Middle (2-4x),0.47075208913649025,income,3903
Near poverty (1-2x),0.6077922077922078,income,3903
Mexican American,0.485,race,3904
Non-Hispanic Asian,0.35802469135802467,race,3904
Non-Hispanic Black,0.562015503875969,race,3904
Non-Hispanic White,0.5139146567717996,race,3904
Other Hispanic,0.5422535211267606,race,3904
Other Race - Including Multi-Racial,0.6349206349206349,race,3904
Above 4x poverty line,0.25925925925925924,income,3904
Below poverty line,0.6288343558282209,income,3904
Middle (2-4x),0.4897959183673469,income,3904
Near poverty (1-2x),0.5824468085106383,income,3904
Mexican American,0.43,race,3905
Non-Hispanic Asian,0.3333333333333333,race,3905
Non-Hispanic Black,0.5852713178294574,race,3905
Non-Hispanic White,0.5584415584415584,race,3905
Other Hispanic,0.5704225352112676,race,3905
Other Race - Including Multi-Racial,0.5555555555555556,race,3905
Above 4x poverty line,0.32679738562091504,income,3905
Below poverty line,0.6059701492537314,income,3905
Middle (2-4x),0.470873786407767,income,3905
Near poverty (1-2x),0.6109660574412533,income,3905
Mexican American,0.415,race,3906
Non-Hispanic Asian,0.32098765432098764,race,3906
Non-Hispanic Black,0.5426356589147286,race,3906
Non-Hispanic White,0.536178107606679,race,3906
Other Hispanic,0.5704225352112676,race,3906
Other Race - Including Multi-Racial,0.47619047619047616,race,3906
Above 4x poverty line,0.2751677852348993,income,3906
Below poverty line,0.5721925133689839,income,3906
Middle (2-4x),0.4727272727272727,income,3906
Near poverty (1-2x),0.5653333333333334,income,3906
Mexican American,0.49,race,3907
Non-Hispanic Asian,0.35802469135802467,race,3907
Non-Hispanic Black,0.5387596899224806,race,3907
Non-Hispanic White,0.5584415584415584,race,3907
Other Hispanic,0.5422535211267606,race,3907
Other Race - Including Multi-Racial,0.5079365079365079,race,3907
Above 4x poverty line,0.3931034482758621,income,3907
Below poverty line,0.6111111111111112,income,3907
Middle (2-4x),0.44862155388471175,income,3907
Near poverty (1-2x),0.5804749340369393,income,3907
Mexican American,0.46,race,3908
Non-Hispanic Asian,0.32098765432098764,race,3908
Non-Hispanic Black,0.6046511627906976,race,3908
Non-Hispanic White,0.5658627087198516,race,3908
Other Hispanic,0.5774647887323944,race,3908
Other Race - Including Multi-Racial,0.5079365079365079,race,3908
Above 4x poverty line,0.3815789473684211,income,3908
Below poverty line,0.6535433070866141,income,3908
Middle (2-4x),0.5026178010471204,income,3908
Near poverty (1-2x),0.5271739130434783,income,3908
Mexican American,0.405,race,3909
Non-Hispanic Asian,0.2716049382716049,race,3909
Non-Hispanic Black,0.5891472868217055,race,3909
Non-Hispanic White,0.5714285714285714,race,3909
Other Hispanic,0.5492957746478874,race,3909
Other Race - Including Multi-Racial,0.5396825396825397,race,3909
Above 4x poverty line,0.37777777777777777,income,3909
Below poverty line,0.5835866261398176,income,3909
Middle (2-4x),0.5115681233933161,income,3909
Near poverty (1-2x),0.561038961038961,income,3909
Mexican American,0.445,race,3910
Non-Hispanic Asian,0.37037037037037035,race,3910
Non-Hispanic Black,0.5503875968992248,race,3910
Non-Hispanic White,0.5677179962894249,race,3910
Other Hispanic,0.5070422535211268,race,3910
Other Race - Including Multi-Racial,0.47619047619047616,race,3910
Above 4x poverty line,0.3772455089820359,income,3910
Below poverty line,0.5748663101604278,income,3910
Middle (2-4x),0.49444444444444446,income,3910
Near poverty (1-2x),0.5575916230366492,income,3910
Mexican American,0.495,race,3911
Non-Hispanic Asian,0.38271604938271603,race,3911
Non-Hispanic Black,0.6085271317829457,race,3911
Non-Hispanic White,0.5176252319109462,race,3911
Other Hispanic,0.5211267605633803,race,3911
Other Race - Including Multi-Racial,0.5555555555555556,race,3911
Above 4x poverty line,0.36477987421383645,income,3911
Below poverty line,0.5765027322404371,income,3911
Middle (2-4x),0.5051282051282051,income,3911
Near poverty (1-2x),0.5679347826086957,income,3911
Mexican American,0.44,race,3912
Non-Hispanic Asian,0.2962962962962963,race,3912
Non-Hispanic Black,0.5193798449612403,race,3912
Non-Hispanic White,0.5510204081632653,race,3912
Other Hispanic,0.647887323943662,race,3912
Other Race - Including Multi-Racial,0.4603174603174603,race,3912
Above 4x poverty line,0.3191489361702128,income,3912
Below poverty line,0.6104294478527608,income,3912
Middle (2-4x),0.4882075471698113,income,3912
Near poverty (1-2x),0.5433673469387755,income,3912
Mexican American,0.455,race,3913
Non-Hispanic Asian,0.3333333333333333,race,3913
Non-Hispanic Black,0.5581395348837209,race,3913
Non-Hispanic White,0.5380333951762524,race,3913
Other Hispanic,0.528169014084507,race,3913
Other Race - Including Multi-Racial,0.5396825396825397,race,3913
Above 4x poverty line,0.33727810650887574,income,3913
Below poverty line,0.5880681818181818,income,3913
Middle (2-4x),0.4876847290640394,income,3913
Near poverty (1-2x),0.5589887640449438,income,3913
Mexican American,0.445,race,3914
Non-Hispanic Asian,0.35802469135802467,race,3914
Non-Hispanic Black,0.5426356589147286,race,3914
Non-Hispanic White,0.562152133580705,race,3914
Other Hispanic,0.4788732394366197,race,3914
Other Race - Including Multi-Racial,0.4444444444444444,race,3914
Above 4x poverty line,0.3509933774834437,income,3914
Below poverty line,0.5897435897435898,income,3914
Middle (2-4x),0.49135802469135803,income,3914
Near poverty (1-2x),0.526595744680851,income,3914
Mexican American,0.45,race,3915
Non-Hispanic Asian,0.35802469135802467,race,3915
Non-Hispanic Black,0.5658914728682171,race,3915
Non-Hispanic White,0.5435992578849722,race,3915
Other Hispanic,0.5,race,3915
Other Race - Including Multi-Racial,0.5238095238095238,race,3915
Above 4x poverty line,0.32919254658385094,income,3915
Below poverty line,0.5761772853185596,income,3915
Middle (2-4x),0.4780361757105943,income,3915
Near poverty (1-2x),0.5775401069518716,income,3915
Mexican American,0.45,race,3916
Non-Hispanic Asian,0.3333333333333333,race,3916
Non-Hispanic Black,0.5775193798449613,race,3916
Non-Hispanic White,0.5269016697588126,race,3916
Other Hispanic,0.5492957746478874,race,3916
Other Race - Including Multi-Racial,0.47619047619047616,race,3916
Above 4x poverty line,0.35403726708074534,income,3916
Below poverty line,0.6096096096096096,income,3916
Middle (2-4x),0.4357142857142857,income,3916
Near poverty (1-2x),0.5826558265582655,income,3916
Mexican American,0.495,race,3917
Non-Hispanic Asian,0.37037037037037035,race,3917
Non-Hispanic Black,0.5658914728682171,race,3917
Non-Hispanic White,0.5157699443413729,race,3917
Other Hispanic,0.5211267605633803,race,3917
Other Race - Including Multi-Racial,0.6031746031746031,race,3917
Above 4x poverty line,0.40764331210191085,income,3917
Below poverty line,0.5685131195335277,income,3917
Middle (2-4x),0.47368421052631576,income,3917
Near poverty (1-2x),0.5651041666666666,income,3917
Mexican American,0.465,race,3918
Non-Hispanic Asian,0.3333333333333333,race,3918
Non-Hispanic Black,0.5930232558139535,race,3918
Non-Hispanic White,0.536178107606679,race,3918
Other Hispanic,0.5915492957746479,race,3918
Other Race - Including Multi-Racial,0.5396825396825397,race,3918
Above 4x poverty line,0.37058823529411766,income,3918
Below poverty line,0.6011730205278593,income,3918
Middle (2-4x),0.47665847665847666,income,3918
Near poverty (1-2x),0.5972602739726027,income,3918
Mexican American,0.51,race,3919
Non-Hispanic Asian,0.37037037037037035,race,3919
Non-Hispanic Black,0.5542635658914729,race,3919
Non-Hispanic White,0.5918367346938775,race,3919
Other Hispanic,0.4788732394366197,race,3919
Other Race - Including Multi-Racial,0.6031746031746031,race,3919
Above 4x poverty line,0.33121019108280253,income,3919
Below poverty line,0.5875370919881305,income,3919
Middle (2-4x),0.5322997416020672,income,3919
Near poverty (1-2x),0.6069651741293532,income,3919
Mexican American,0.41,race,3920
Non-Hispanic Asian,0.345679012345679,race,3920
Non-Hispanic Black,0.5968992248062015,race,3920
Non-Hispanic White,0.5306122448979592,race,3920
Other Hispanic,0.5422535211267606,race,3920
Other Race - Including Multi-Racial,0.5079365079365079,race,3920
Above 4x poverty line,0.3181818181818182,income,3920
Below poverty line,0.6,income,3920
Middle (2-4x),0.4796954314720812,income,3920
Near poverty (1-2x),0.5452054794520548,income,3920
Mexican American,0.505,race,3921
Non-Hispanic Asian,0.32098765432098764,race,3921
Non-Hispanic Black,0.5697674418604651,race,3921
Non-Hispanic White,0.5306122448979592,race,3921
Other Hispanic,0.5352112676056338,race,3921
Other Race - Including Multi-Racial,0.5714285714285714,race,3921
Above 4x poverty line,0.28205128205128205,income,3921
Below poverty line,0.6287425149700598,income,3921
Middle (2-4x),0.4797979797979798,income,3921
Near poverty (1-2x),0.5743073047858942,income,3921
Mexican American,0.41,race,3922
Non-Hispanic Asian,0.3333333333333333,race,3922
Non-Hispanic Black,0.5116279069767442,race,3922
Non-Hispanic White,0.5435992578849722,race,3922
Other Hispanic,0.5774647887323944,race,3922
Other Race - Including Multi-Racial,0.5238095238095238,race,3922
Above 4x poverty line,0.3971631205673759,income,3922
Below poverty line,0.5583333333333333,income,3922
Middle (2-4x),0.43005181347150256,income,3922
Near poverty (1-2x),0.5707070707070707,income,3922
Mexican American,0.425,race,3923
Non-Hispanic Asian,0.2962962962962963,race,3923
Non-Hispanic Black,0.5116279069767442,race,3923
Non-Hispanic White,0.5324675324675324,race,3923
Other Hispanic,0.5422535211267606,race,3923
Other Race - Including Multi-Racial,0.5238095238095238,race,3923
Above 4x poverty line,0.35714285714285715,income,3923
Below poverty line,0.5630498533724341,income,3923
Middle (2-4x),0.42118863049095606,income,3923
Near poverty (1-2x),0.5844504021447721,income,3923
Mexican American,0.445,race,3924
Non-Hispanic Asian,0.2839506172839506,race,3924
Non-Hispanic Black,0.5271317829457365,race,3924
Non-Hispanic White,0.5417439703153989,race,3924
Other Hispanic,0.5704225352112676,race,3924
Other Race - Including Multi-Racial,0.5714285714285714,race,3924
Above 4x poverty line,0.4161490683229814,income,3924
Below poverty line,0.5872576177285319,income,3924
Middle (2-4x),0.47354497354497355,income,3924
Near poverty (1-2x),0.5195822454308094,income,3924
Mexican American,0.46,race,3925
Non-Hispanic Asian,0.2716049382716049,race,3925
Non-Hispanic Black,0.5465116279069767,race,3925
Non-Hispanic White,0.5677179962894249,race,3925
Other Hispanic,0.5704225352112676,race,3925
Other Race - Including Multi-Racial,0.4444444444444444,race,3925
Above 4x poverty line,0.3375796178343949,income,3925
Below poverty line,0.6094182825484764,income,3925
Middle (2-4x),0.4908616187989556,income,3925
Near poverty (1-2x),0.5471204188481675,income,3925
Mexican American,0.465,race,3926
Non-Hispanic Asian,0.37037037037037035,race,3926
Non-Hispanic Black,0.5891472868217055,race,3926
Non-Hispanic White,0.5454545454545454,race,3926
Other Hispanic,0.5422535211267606,race,3926
Other Race - Including Multi-Racial,0.49206349206349204,race,3926
Above 4x poverty line,0.3597560975609756,income,3926
Below poverty line,0.5905292479108635,income,3926
Middle (2-4x),0.48360655737704916,income,3926
Near poverty (1-2x),0.5812182741116751,income,3926
Mexican American,0.45,race,3927
Non-Hispanic Asian,0.35802469135802467,race,3927
Non-Hispanic Black,0.5387596899224806,race,3927
Non-Hispanic White,0.5343228200371057,race,3927
Other Hispanic,0.5633802816901409,race,3927
Other Race - Including Multi-Racial,0.5396825396825397,race,3927
Above 4x poverty line,0.3395061728395062,income,3927
Below poverty line,0.5643835616438356,income,3927
Middle (2-4x),0.525065963060686,income,3927
Near poverty (1-2x),0.5305039787798409,income,3927
Mexican American,0.42,race,3928
Non-Hispanic Asian,0.2839506172839506,race,3928
Non-Hispanic Black,0.5813953488372093,race,3928
Non-Hispanic White,0.562152133580705,race,3928
Other Hispanic,0.4788732394366197,race,3928
Other Race - Including Multi-Racial,0.5238095238095238,race,3928
Above 4x poverty line,0.3660130718954248,income,3928
Below poverty line,0.5628571428571428,income,3928
Middle (2-4x),0.4659949622166247,income,3928
Near poverty (1-2x),0.5822454308093995,income,3928
Mexican American,0.53,race,3929
Non-Hispanic Asian,0.2962962962962963,race,3929
Non-Hispanic Black,0.5581395348837209,race,3929
Non-Hispanic White,0.5157699443413729,race,3929
Other Hispanic,0.5422535211267606,race,3929
Other Race - Including Multi-Racial,0.5873015873015873,race,3929
Above 4x poverty line,0.32142857142857145,income,3929
Below poverty line,0.5941176470588235,income,3929
Middle (2-4x),0.48984771573604063,income,3929
Near poverty (1-2x),0.5695538057742782,income,3929
Mexican American,0.49,race,3930
Non-Hispanic Asian,0.37037037037037035,race,3930
Non-Hispanic Black,0.5697674418604651,race,3930
Non-Hispanic White,0.5306122448979592,race,3930
Other Hispanic,0.5352112676056338,race,3930
Other Race - Including Multi-Racial,0.6349206349206349,race,3930
Above 4x poverty line,0.42038216560509556,income,3930
Below poverty line,0.6064139941690962,income,3930
Middle (2-4x),0.47381546134663344,income,3930
Near poverty (1-2x),0.5575916230366492,income,3930
Mexican American,0.425,race,3931
Non-Hispanic Asian,0.3333333333333333,race,3931
Non-Hispanic Black,0.5232558139534884,race,3931
Non-Hispanic White,0.5157699443413729,race,3931
Other Hispanic,0.47183098591549294,race,3931
Other Race - Including Multi-Racial,0.5714285714285714,race,3931
Above 4x poverty line,0.2962962962962963,income,3931
Below poverty line,0.551829268292683,income,3931
Middle (2-4x),0.4965986394557823,income,3931
Near poverty (1-2x),0.49604221635883905,income,3931
Mexican American,0.38,race,3932
Non-Hispanic Asian,0.345679012345679,race,3932
Non-Hispanic Black,0.5930232558139535,race,3932
Non-Hispanic White,0.5398886827458256,race,3932
Other Hispanic,0.5774647887323944,race,3932
Other Race - Including Multi-Racial,0.5873015873015873,race,3932
Above 4x poverty line,0.30246913580246915,income,3932
Below poverty line,0.6236263736263736,income,3932
Middle (2-4x),0.46648793565683644,income,3932
Near poverty (1-2x),0.5651041666666666,income,3932
Mexican American,0.42,race,3933
Non-Hispanic Asian,0.345679012345679,race,3933
Non-Hispanic Black,0.5155038759689923,race,3933
Non-Hispanic White,0.536178107606679,race,3933
Other Hispanic,0.5704225352112676,race,3933
Other Race - Including Multi-Racial,0.5079365079365079,race,3933
Above 4x poverty line,0.29411764705882354,income,3933
Below poverty line,0.5793871866295265,income,3933
Middle (2-4x),0.4731182795698925,income,3933
Near poverty (1-2x),0.5463659147869674,income,3933
Mexican American,0.415,race,3934
Non-Hispanic Asian,0.3333333333333333,race,3934
Non-Hispanic Black,0.5310077519379846,race,3934
Non-Hispanic White,0.5380333951762524,race,3934
Other Hispanic,0.5633802816901409,race,3934
Other Race - Including Multi-Racial,0.5873015873015873,race,3934
Above 4x poverty line,0.3493975903614458,income,3934
Below poverty line,0.5833333333333334,income,3934
Middle (2-4x),0.4790575916230366,income,3934
Near poverty (1-2x),0.5426356589147286,income,3934
Mexican American,0.47,race,3935
Non-Hispanic Asian,0.2962962962962963,race,3935
Non-Hispanic Black,0.6124031007751938,race,3935
Non-Hispanic White,0.5473098330241187,race,3935
Other Hispanic,0.5492957746478874,race,3935
Other Race - Including Multi-Racial,0.6190476190476191,race,3935
Above 4x poverty line,0.358974358974359,income,3935
Below poverty line,0.606508875739645,income,3935
Middle (2-4x),0.4846153846153846,income,3935
Near poverty (1-2x),0.5964912280701754,income,3935
Mexican American,0.41,race,3936
Non-Hispanic Asian,0.32098765432098764,race,3936
Non-Hispanic Black,0.5465116279069767,race,3936
Non-Hispanic White,0.5658627087198516,race,3936
Other Hispanic,0.5352112676056338,race,3936
Other Race - Including Multi-Racial,0.6349206349206349,race,3936
Above 4x poverty line,0.35947712418300654,income,3936
Below poverty line,0.5915492957746479,income,3936
Middle (2-4x),0.44559585492227977,income,3936
Near poverty (1-2x),0.5989717223650386,income,3936
Mexican American,0.53,race,3937
Non-Hispanic Asian,0.35802469135802467,race,3937
Non-Hispanic Black,0.5348837209302325,race,3937
Non-Hispanic White,0.5194805194805194,race,3937
Other Hispanic,0.5352112676056338,race,3937
Other Race - Including Multi-Racial,0.6349206349206349,race,3937
Above 4x poverty line,0.3212121212121212,income,3937
Below poverty line,0.5718475073313783,income,3937
Middle (2-4x),0.4884910485933504,income,3937
Near poverty (1-2x),0.5958549222797928,income,3937
Mexican American,0.46,race,3938
Non-Hispanic Asian,0.2716049382716049,race,3938
Non-Hispanic Black,0.5426356589147286,race,3938
Non-Hispanic White,0.5269016697588126,race,3938
Other Hispanic,0.5845070422535211,race,3938
Other Race - Including Multi-Racial,0.5079365079365079,race,3938
Above 4x poverty line,0.36363636363636365,income,3938
Below poverty line,0.6272727272727273,income,3938
Middle (2-4x),0.455,income,3938
Near poverty (1-2x),0.5305039787798409,income,3938
Mexican American,0.455,race,3939
Non-Hispanic Asian,0.2962962962962963,race,3939
Non-Hispanic Black,0.5348837209302325,race,3939
Non-Hispanic White,0.562152133580705,race,3939
Other Hispanic,0.5563380281690141,race,3939
Other Race - Including Multi-Racial,0.49206349206349204,race,3939
Above 4x poverty line,0.37681159420289856,income,3939
Below poverty line,0.5697674418604651,income,3939
Middle (2-4x),0.4888888888888889,income,3939
Near poverty (1-2x),0.5555555555555556,income,3939
Mexican American,0.455,race,3940
Non-Hispanic Asian,0.3333333333333333,race,3940
Non-Hispanic Black,0.5775193798449613,race,3940
Non-Hispanic White,0.5510204081632653,race,3940
Other Hispanic,0.5140845070422535,race,3940
Other Race - Including Multi-Racial,0.4603174603174603,race,3940
Above 4x poverty line,0.33125,income,3940
Below poverty line,0.5869565217391305,income,3940
Middle (2-4x),0.4797979797979798,income,3940
Near poverty (1-2x),0.5766016713091922,income,3940
Mexican American,0.445,race,3941
Non-Hispanic Asian,0.30864197530864196,race,3941
Non-Hispanic Black,0.5813953488372093,race,3941
Non-Hispanic White,0.5306122448979592,race,3941
Other Hispanic,0.4295774647887324,race,3941
Other Race - Including Multi-Racial,0.5555555555555556,race,3941
Above 4x poverty line,0.3087248322147651,income,3941
Below poverty line,0.5734072022160664,income,3941
Middle (2-4x),0.4555256064690027,income,3941
Near poverty (1-2x),0.5572139303482587,income,3941
Mexican American,0.43,race,3942
Non-Hispanic Asian,0.25925925925925924,race,3942
Non-Hispanic Black,0.5503875968992248,race,3942
Non-Hispanic White,0.5695732838589982,race,3942
Other Hispanic,0.5140845070422535,race,3942
Other Race - Including Multi-Racial,0.47619047619047616,race,3942
Above 4x poverty line,0.3493975903614458,income,3942
Below poverty line,0.6036585365853658,income,3942
Middle (2-4x),0.49271844660194175,income,3942
Near poverty (1-2x),0.5305039787798409,income,3942
Mexican American,0.46,race,3943
Non-Hispanic Asian,0.32098765432098764,race,3943
Non-Hispanic Black,0.5697674418604651,race,3943
Non-Hispanic White,0.5343228200371057,race,3943
Other Hispanic,0.5422535211267606,race,3943
Other Race - Including Multi-Racial,0.5238095238095238,race,3943
Above 4x poverty line,0.38461538461538464,income,3943
Below poverty line,0.5949008498583569,income,3943
Middle (2-4x),0.467005076142132,income,3943
Near poverty (1-2x),0.55,income,3943
Mexican American,0.42,race,3944
Non-Hispanic Asian,0.35802469135802467,race,3944
Non-Hispanic Black,0.5503875968992248,race,3944
Non-Hispanic White,0.5565862708719852,race,3944
Other Hispanic,0.4859154929577465,race,3944
Other Race - Including Multi-Racial,0.47619047619047616,race,3944
Above 4x poverty line,0.35403726708074534,income,3944
Below poverty line,0.5830903790087464,income,3944
Middle (2-4x),0.47890818858560796,income,3944
Near poverty (1-2x),0.5425531914893617,income,3944
Mexican American,0.46,race,3945
Non-Hispanic Asian,0.4074074074074074,race,3945
Non-Hispanic Black,0.5193798449612403,race,3945
Non-Hispanic White,0.5417439703153989,race,3945
Other Hispanic,0.5140845070422535,race,3945
Other Race - Including Multi-Racial,0.6190476190476191,race,3945
Above 4x poverty line,0.33093525179856115,income,3945
Below poverty line,0.6424050632911392,income,3945
Middle (2-4x),0.4746192893401015,income,3945
Near poverty (1-2x),0.5230414746543779,income,3945
Mexican American,0.45,race,3946
Non-Hispanic Asian,0.32098765432098764,race,3946
Non-Hispanic Black,0.5465116279069767,race,3946
Non-Hispanic White,0.5306122448979592,race,3946
Other Hispanic,0.5985915492957746,race,3946
Other Race - Including Multi-Racial,0.6349206349206349,race,3946
Above 4x poverty line,0.39473684210526316,income,3946
Below poverty line,0.6050156739811913,income,3946
Middle (2-4x),0.4819277108433735,income,3946
Near poverty (1-2x),0.5415617128463476,income,3946
Mexican American,0.4,race,3947
Non-Hispanic Asian,0.4444444444444444,race,3947
Non-Hispanic Black,0.5348837209302325,race,3947
Non-Hispanic White,0.5343228200371057,race,3947
Other Hispanic,0.5140845070422535,race,3947
Other Race - Including Multi-Racial,0.6031746031746031,race,3947
Above 4x poverty line,0.32075471698113206,income,3947
Below poverty line,0.5529411764705883,income,3947
Middle (2-4x),0.49363867684478374,income,3947
Near poverty (1-2x),0.5626598465473146,income,3947
Mexican American,0.475,race,3948
Non-Hispanic Asian,0.30864197530864196,race,3948
Non-Hispanic Black,0.562015503875969,race,3948
Non-Hispanic White,0.5417439703153989,race,3948
Other Hispanic,0.4859154929577465,race,3948
Other Race - Including Multi-Racial,0.49206349206349204,race,3948
Above 4x poverty line,0.30625,income,3948
Below poverty line,0.5688073394495413,income,3948
Middle (2-4x),0.49382716049382713,income,3948
Near poverty (1-2x),0.5677749360613811,income,3948
Mexican American,0.5,race,3949
Non-Hispanic Asian,0.345679012345679,race,3949
Non-Hispanic Black,0.5658914728682171,race,3949
Non-Hispanic White,0.562152133580705,race,3949
Other Hispanic,0.528169014084507,race,3949
Other Race - Including Multi-Racial,0.5555555555555556,race,3949
Above 4x poverty line,0.3803680981595092,income,3949
Below poverty line,0.563953488372093,income,3949
Middle (2-4x),0.518957345971564,income,3949
Near poverty (1-2x),0.5988700564971752,income,3949
Mexican American,0.465,race,3950
Non-Hispanic Asian,0.38271604938271603,race,3950
Non-Hispanic Black,0.5,race,3950
Non-Hispanic White,0.5380333951762524,race,3950
Other Hispanic,0.4788732394366197,race,3950
Other Race - Including Multi-Racial,0.6507936507936508,race,3950
Above 4x poverty line,0.2692307692307692,income,3950
Below poverty line,0.6040462427745664,income,3950
Middle (2-4x),0.4671717171717172,income,3950
Near poverty (1-2x),0.561038961038961,income,3950
Mexican American,0.45,race,3951
Non-Hispanic Asian,0.41975308641975306,race,3951
Non-Hispanic Black,0.5852713178294574,race,3951
Non-Hispanic White,0.5269016697588126,race,3951
Other Hispanic,0.5774647887323944,race,3951
Other Race - Including Multi-Racial,0.5079365079365079,race,3951
Above 4x poverty line,0.32941176470588235,income,3951
Below poverty line,0.595166163141994,income,3951
Middle (2-4x),0.5012919896640827,income,3951
Near poverty (1-2x),0.5721518987341773,income,3951
Mexican American,0.465,race,3952
Non-Hispanic Asian,0.4074074074074074,race,3952
Non-Hispanic Black,0.5348837209302325,race,3952
Non-Hispanic White,0.5510204081632653,race,3952
Other Hispanic,0.5492957746478874,race,3952
Other Race - Including Multi-Racial,0.5873015873015873,race,3952
Above 4x poverty line,0.3333333333333333,income,3952
Below poverty line,0.6037234042553191,income,3952
Middle (2-4x),0.4689119170984456,income,3952
Near poverty (1-2x),0.598314606741573,income,3952
Mexican American,0.48,race,3953
Non-Hispanic Asian,0.3333333333333333,race,3953
Non-Hispanic Black,0.5775193798449613,race,3953
Non-Hispanic White,0.5473098330241187,race,3953
Other Hispanic,0.5422535211267606,race,3953
Other Race - Including Multi-Racial,0.6031746031746031,race,3953
Above 4x poverty line,0.36627906976744184,income,3953
Below poverty line,0.6231454005934718,income,3953
Middle (2-4x),0.5038961038961038,income,3953
Near poverty (1-2x),0.5526992287917738,income,3953
Mexican American,0.5,race,3954
Non-Hispanic Asian,0.4691358024691358,race,3954
Non-Hispanic Black,0.5658914728682171,race,3954
Non-Hispanic White,0.5602968460111317,race,3954
Other Hispanic,0.5140845070422535,race,3954
Other Race - Including Multi-Racial,0.5873015873015873,race,3954
Above 4x poverty line,0.3270440251572327,income,3954
Below poverty line,0.6246418338108882,income,3954
Middle (2-4x),0.5253807106598984,income,3954
Near poverty (1-2x),0.5748031496062992,income,3954
Mexican American,0.425,race,3955
Non-Hispanic Asian,0.2716049382716049,race,3955
Non-Hispanic Black,0.5155038759689923,race,3955
Non-Hispanic White,0.5046382189239332,race,3955
Other Hispanic,0.5422535211267606,race,3955
Other Race - Including Multi-Racial,0.5873015873015873,race,3955
Above 4x poverty line,0.345679012345679,income,3955
Below poverty line,0.5542857142857143,income,3955
Middle (2-4x),0.4527363184079602,income,3955
Near poverty (1-2x),0.5257452574525745,income,3955
Mexican American,0.505,race,3956
Non-Hispanic Asian,0.32098765432098764,race,3956
Non-Hispanic Black,0.5658914728682171,race,3956
Non-Hispanic White,0.5157699443413729,race,3956
Other Hispanic,0.5140845070422535,race,3956
Other Race - Including Multi-Racial,0.4603174603174603,race,3956
Above 4x poverty line,0.3216374269005848,income,3956
Below poverty line,0.5922619047619048,income,3956
Middle (2-4x),0.45864661654135336,income,3956
Near poverty (1-2x),0.5729442970822282,income,3956
Mexican American,0.465,race,3957
Non-Hispanic Asian,0.37037037037037035,race,3957
Non-Hispanic Black,0.6085271317829457,race,3957
Non-Hispanic White,0.5380333951762524,race,3957
Other Hispanic,0.5140845070422535,race,3957
Other Race - Including Multi-Racial,0.6507936507936508,race,3957
Above 4x poverty line,0.35403726708074534,income,3957
Below poverty line,0.6134453781512605,income,3957
Middle (2-4x),0.48031496062992124,income,3957
Near poverty (1-2x),0.5859375,income,3957
Mexican American,0.47,race,3958
Non-Hispanic Asian,0.3333333333333333,race,3958
Non-Hispanic Black,0.5930232558139535,race,3958
Non-Hispanic White,0.5083487940630798,race,3958
Other Hispanic,0.6056338028169014,race,3958
Other Race - Including Multi-Racial,0.5396825396825397,race,3958
Above 4x poverty line,0.37254901960784315,income,3958
Below poverty line,0.6097560975609756,income,3958
Middle (2-4x),0.4860759493670886,income,3958
Near poverty (1-2x),0.538083538083538,income,3958
Mexican American,0.5,race,3959
Non-Hispanic Asian,0.30864197530864196,race,3959
Non-Hispanic Black,0.6007751937984496,race,3959
Non-Hispanic White,0.5565862708719852,race,3959
Other Hispanic,0.5140845070422535,race,3959
Other Race - Including Multi-Racial,0.5396825396825397,race,3959
Above 4x poverty line,0.2945205479452055,income,3959
Below poverty line,0.6443768996960486,income,3959
Middle (2-4x),0.48418491484184917,income,3959
Near poverty (1-2x),0.5869017632241813,income,3959
Mexican American,0.45,race,3960
Non-Hispanic Asian,0.38271604938271603,race,3960
Non-Hispanic Black,0.5503875968992248,race,3960
Non-Hispanic White,0.5120593692022264,race,3960
Other Hispanic,0.5633802816901409,race,3960
Other Race - Including Multi-Racial,0.49206349206349204,race,3960
Above 4x poverty line,0.304635761589404,income,3960
Below poverty line,0.5641025641025641,income,3960
Middle (2-4x),0.4913151364764268,income,3960
Near poverty (1-2x),0.5502645502645502,income,3960
Mexican American,0.52,race,3961
Non-Hispanic Asian,0.37037037037037035,race,3961
Non-Hispanic Black,0.5697674418604651,race,3961
Non-Hispanic White,0.5306122448979592,race,3961
Other Hispanic,0.5492957746478874,race,3961
Other Race - Including Multi-Racial,0.5079365079365079,race,3961
Above 4x poverty line,0.37254901960784315,income,3961
Below poverty line,0.6297376093294461,income,3961
Middle (2-4x),0.4911392405063291,income,3961
Near poverty (1-2x),0.5357142857142857,income,3961
Mexican American,0.47,race,3962
Non-Hispanic Asian,0.32098765432098764,race,3962
Non-Hispanic Black,0.5813953488372093,race,3962
Non-Hispanic White,0.5287569573283859,race,3962
Other Hispanic,0.528169014084507,race,3962
Other Race - Including Multi-Racial,0.5714285714285714,race,3962
Above 4x poverty line,0.33116883116883117,income,3962
Below poverty line,0.5921450151057401,income,3962
Middle (2-4x),0.47341772151898737,income,3962
Near poverty (1-2x),0.575682382133995,income,3962
Mexican American,0.41,race,3963
Non-Hispanic Asian,0.35802469135802467,race,3963
Non-Hispanic Black,0.5813953488372093,race,3963
Non-Hispanic White,0.5046382189239332,race,3963
Other Hispanic,0.5704225352112676,race,3963
Other Race - Including Multi-Racial,0.4603174603174603,race,3963
Above 4x poverty line,0.3270440251572327,income,3963
Below poverty line,0.6131805157593123,income,3963
Middle (2-4x),0.4767726161369193,income,3963
Near poverty (1-2x),0.4972677595628415,income,3963
Mexican American,0.51,race,3964
Non-Hispanic Asian,0.38271604938271603,race,3964
Non-Hispanic Black,0.5310077519379846,race,3964
Non-Hispanic White,0.5009276437847866,race,3964
Other Hispanic,0.5070422535211268,race,3964
Other Race - Including Multi-Racial,0.49206349206349204,race,3964
Above 4x poverty line,0.3973509933774834,income,3964
Below poverty line,0.56657223796034,income,3964
Middle (2-4x),0.46153846153846156,income,3964
Near poverty (1-2x),0.5218508997429306,income,3964
Mexican American,0.46,race,3965
Non-Hispanic Asian,0.35802469135802467,race,3965
Non-Hispanic Black,0.5658914728682171,race,3965
Non-Hispanic White,0.5602968460111317,race,3965
Other Hispanic,0.47183098591549294,race,3965
Other Race - Including Multi-Racial,0.5079365079365079,race,3965
Above 4x poverty line,0.3624161073825503,income,3965
Below poverty line,0.5916666666666667,income,3965
Middle (2-4x),0.47901234567901235,income,3965
Near poverty (1-2x),0.5609756097560976,income,3965
Mexican American,0.47,race,3966
Non-Hispanic Asian,0.32098765432098764,race,3966
Non-Hispanic Black,0.5542635658914729,race,3966
Non-Hispanic White,0.5732838589981447,race,3966
Other Hispanic,0.5774647887323944,race,3966
Other Race - Including Multi-Racial,0.5396825396825397,race,3966
Above 4x poverty line,0.33766233766233766,income,3966
Below poverty line,0.5833333333333334,income,3966
Middle (2-4x),0.5178571428571429,income,3966
Near poverty (1-2x),0.5915119363395226,income,3966
Mexican American,0.4,race,3967
Non-Hispanic Asian,0.30864197530864196,race,3967
Non-Hispanic Black,0.5542635658914729,race,3967
Non-Hispanic White,0.5287569573283859,race,3967
Other Hispanic,0.5,race,3967
Other Race - Including Multi-Racial,0.5079365079365079,race,3967
Above 4x poverty line,0.31137724550898205,income,3967
Below poverty line,0.5809248554913294,income,3967
Middle (2-4x),0.4444444444444444,income,3967
Near poverty (1-2x),0.5439024390243903,income,3967
Mexican American,0.47,race,3968
Non-Hispanic Asian,0.3333333333333333,race,3968
Non-Hispanic Black,0.5387596899224806,race,3968
Non-Hispanic White,0.5120593692022264,race,3968
Other Hispanic,0.5633802816901409,race,3968
Other Race - Including Multi-Racial,0.5238095238095238,race,3968
Above 4x poverty line,0.30994152046783624,income,3968
Below poverty line,0.5830721003134797,income,3968
Middle (2-4x),0.4745762711864407,income,3968
Near poverty (1-2x),0.5631578947368421,income,3968
Mexican American,0.48,race,3969
Non-Hispanic Asian,0.3333333333333333,race,3969
Non-Hispanic Black,0.49224806201550386,race,3969
Non-Hispanic White,0.5435992578849722,race,3969
Other Hispanic,0.5563380281690141,race,3969
Other Race - Including Multi-Racial,0.5873015873015873,race,3969
Above 4x poverty line,0.3048780487804878,income,3969
Below poverty line,0.5977961432506887,income,3969
Middle (2-4x),0.49222797927461137,income,3969
Near poverty (1-2x),0.5459459459459459,income,3969
Mexican American,0.48,race,3970
Non-Hispanic Asian,0.2962962962962963,race,3970
Non-Hispanic Black,0.5426356589147286,race,3970
Non-Hispanic White,0.5435992578849722,race,3970
Other Hispanic,0.5140845070422535,race,3970
Other Race - Including Multi-Racial,0.5873015873015873,race,3970
Above 4x poverty line,0.3269230769230769,income,3970
Below poverty line,0.6285714285714286,income,3970
Middle (2-4x),0.4796747967479675,income,3970
Near poverty (1-2x),0.5269607843137255,income,3970
Mexican American,0.46,race,3971
Non-Hispanic Asian,0.37037037037037035,race,3971
Non-Hispanic Black,0.5503875968992248,race,3971
Non-Hispanic White,0.549165120593692,race,3971
Other Hispanic,0.5352112676056338,race,3971
Other Race - Including Multi-Racial,0.49206349206349204,race,3971
Above 4x poverty line,0.391304347826087,income,3971
Below poverty line,0.6016949152542372,income,3971
Middle (2-4x),0.4744897959183674,income,3971
Near poverty (1-2x),0.5363408521303258,income,3971
Mexican American,0.455,race,3972
Non-Hispanic Asian,0.2839506172839506,race,3972
Non-Hispanic Black,0.5426356589147286,race,3972
Non-Hispanic White,0.5120593692022264,race,3972
Other Hispanic,0.5140845070422535,race,3972
Other Race - Including Multi-Racial,0.5873015873015873,race,3972
Above 4x poverty line,0.26973684210526316,income,3972
Below poverty line,0.5752212389380531,income,3972
Middle (2-4x),0.4651741293532338,income,3972
Near poverty (1-2x),0.5564102564102564,income,3972
Mexican American,0.415,race,3973
Non-Hispanic Asian,0.3950617283950617,race,3973
Non-Hispanic Black,0.5930232558139535,race,3973
Non-Hispanic White,0.5194805194805194,race,3973
Other Hispanic,0.5140845070422535,race,3973
Other Race - Including Multi-Racial,0.5396825396825397,race,3973
Above 4x poverty line,0.31875,income,3973
Below poverty line,0.5706371191135734,income,3973
Middle (2-4x),0.48021108179419525,income,3973
Near poverty (1-2x),0.5639686684073107,income,3973
Mexican American,0.45,race,3974
Non-Hispanic Asian,0.30864197530864196,race,3974
Non-Hispanic Black,0.6201550387596899,race,3974
Non-Hispanic White,0.5139146567717996,race,3974
Other Hispanic,0.5845070422535211,race,3974
Other Race - Including Multi-Racial,0.4444444444444444,race,3974
Above 4x poverty line,0.3181818181818182,income,3974
Below poverty line,0.6011396011396012,income,3974
Middle (2-4x),0.4701298701298701,income,3974
Near poverty (1-2x),0.5648854961832062,income,3974
Mexican American,0.48,race,3975
Non-Hispanic Asian,0.345679012345679,race,3975
Non-Hispanic Black,0.5465116279069767,race,3975
Non-Hispanic White,0.5435992578849722,race,3975
Other Hispanic,0.5140845070422535,race,3975
Other Race - Including Multi-Racial,0.5396825396825397,race,3975
Above 4x poverty line,0.3333333333333333,income,3975
Below poverty line,0.5837988826815642,income,3975
Middle (2-4x),0.49144254278728605,income,3975
Near poverty (1-2x),0.5638888888888889,income,3975
Mexican American,0.43,race,3976
Non-Hispanic Asian,0.345679012345679,race,3976
Non-Hispanic Black,0.5465116279069767,race,3976
Non-Hispanic White,0.536178107606679,race,3976
Other Hispanic,0.47183098591549294,race,3976
Other Race - Including Multi-Racial,0.6349206349206349,race,3976
Above 4x poverty line,0.3235294117647059,income,3976
Below poverty line,0.5773480662983426,income,3976
Middle (2-4x),0.48138297872340424,income,3976
Near poverty (1-2x),0.5493333333333333,income,3976
Mexican American,0.45,race,3977
Non-Hispanic Asian,0.30864197530864196,race,3977
Non-Hispanic Black,0.5348837209302325,race,3977
Non-Hispanic White,0.5157699443413729,race,3977
Other Hispanic,0.4507042253521127,race,3977
Other Race - Including Multi-Racial,0.5079365079365079,race,3977
Above 4x poverty line,0.2967741935483871,income,3977
Below poverty line,0.5571428571428572,income,3977
Middle (2-4x),0.4630541871921182,income,3977
Near poverty (1-2x),0.532258064516129,income,3977
Mexican American,0.455,race,3978
Non-Hispanic Asian,0.345679012345679,race,3978
Non-Hispanic Black,0.5658914728682171,race,3978
Non-Hispanic White,0.5565862708719852,race,3978
Other Hispanic,0.5563380281690141,race,3978
Other Race - Including Multi-Racial,0.5238095238095238,race,3978
Above 4x poverty line,0.34591194968553457,income,3978
Below poverty line,0.5779569892473119,income,3978
Middle (2-4x),0.4782608695652174,income,3978
Near poverty (1-2x),0.6094182825484764,income,3978
Mexican American,0.445,race,3979
Non-Hispanic Asian,0.38271604938271603,race,3979
Non-Hispanic Black,0.5038759689922481,race,3979
Non-Hispanic White,0.5324675324675324,race,3979
Other Hispanic,0.5492957746478874,race,3979
Other Race - Including Multi-Racial,0.5714285714285714,race,3979
Above 4x poverty line,0.32515337423312884,income,3979
Below poverty line,0.5873925501432665,income,3979
Middle (2-4x),0.46112600536193027,income,3979
Near poverty (1-2x),0.5552763819095478,income,3979
Mexican American,0.415,race,3980
Non-Hispanic Asian,0.345679012345679,race,3980
Non-Hispanic Black,0.5387596899224806,race,3980
Non-Hispanic White,0.48608534322820035,race,3980
Other Hispanic,0.5211267605633803,race,3980
Other Race - Including Multi-Racial,0.5555555555555556,race,3980
Above 4x poverty line,0.2994652406417112,income,3980
Below poverty line,0.5784615384615385,income,3980
Middle (2-4x),0.4849246231155779,income,3980
Near poverty (1-2x),0.4932975871313673,income,3980
Mexican American,0.435,race,3981
Non-Hispanic Asian,0.4567901234567901,race,3981
Non-Hispanic Black,0.5581395348837209,race,3981
Non-Hispanic White,0.5213358070500927,race,3981
Other Hispanic,0.5774647887323944,race,3981
Other Race - Including Multi-Racial,0.5555555555555556,race,3981
Above 4x poverty line,0.35714285714285715,income,3981
Below poverty line,0.5753424657534246,income,3981
Middle (2-4x),0.4701492537313433,income,3981
Near poverty (1-2x),0.585635359116022,income,3981
Mexican American,0.46,race,3982
Non-Hispanic Asian,0.35802469135802467,race,3982
Non-Hispanic Black,0.5387596899224806,race,3982
Non-Hispanic White,0.5528756957328386,race,3982
Other Hispanic,0.5492957746478874,race,3982
Other Race - Including Multi-Racial,0.49206349206349204,race,3982
Above 4x poverty line,0.2625,income,3982
Below poverty line,0.5971428571428572,income,3982
Middle (2-4x),0.47836538461538464,income,3982
Near poverty (1-2x),0.6078431372549019,income,3982
Mexican American,0.505,race,3983
Non-Hispanic Asian,0.32098765432098764,race,3983
Non-Hispanic Black,0.5,race,3983
Non-Hispanic White,0.5046382189239332,race,3983
Other Hispanic,0.5422535211267606,race,3983
Other Race - Including Multi-Racial,0.5873015873015873,race,3983
Above 4x poverty line,0.3836477987421384,income,3983
Below poverty line,0.5406162464985994,income,3983
Middle (2-4x),0.4528301886792453,income,3983
Near poverty (1-2x),0.5555555555555556,income,3983
Mexican American,0.425,race,3984
Non-Hispanic Asian,0.345679012345679,race,3984
Non-Hispanic Black,0.5736434108527132,race,3984
Non-Hispanic White,0.549165120593692,race,3984
Other Hispanic,0.5,race,3984
Other Race - Including Multi-Racial,0.6031746031746031,race,3984
Above 4x poverty line,0.37579617834394907,income,3984
Below poverty line,0.6085714285714285,income,3984
Middle (2-4x),0.44416243654822335,income,3984
Near poverty (1-2x),0.5732984293193717,income,3984
Mexican American,0.43,race,3985
Non-Hispanic Asian,0.3333333333333333,race,3985
Non-Hispanic Black,0.5426356589147286,race,3985
Non-Hispanic White,0.5547309833024119,race,3985
Other Hispanic,0.5140845070422535,race,3985
Other Race - Including Multi-Racial,0.5079365079365079,race,3985
Above 4x poverty line,0.2883435582822086,income,3985
Below poverty line,0.6242603550295858,income,3985
Middle (2-4x),0.48418491484184917,income,3985
Near poverty (1-2x),0.5390835579514824,income,3985
Mexican American,0.44,race,3986
Non-Hispanic Asian,0.30864197530864196,race,3986
Non-Hispanic Black,0.5310077519379846,race,3986
Non-Hispanic White,0.549165120593692,race,3986
Other Hispanic,0.528169014084507,race,3986
Other Race - Including Multi-Racial,0.5714285714285714,race,3986
Above 4x poverty line,0.3013698630136986,income,3986
Below poverty line,0.5838323353293413,income,3986
Middle (2-4x),0.49056603773584906,income,3986
Near poverty (1-2x),0.554089709762533,income,3986
Mexican American,0.47,race,3987
Non-Hispanic Asian,0.3950617283950617,race,3987
Non-Hispanic Black,0.5348837209302325,race,3987
Non-Hispanic White,0.5231910946196661,race,3987
Other Hispanic,0.44366197183098594,race,3987
Other Race - Including Multi-Racial,0.49206349206349204,race,3987
Above 4x poverty line,0.3411764705882353,income,3987
Below poverty line,0.563953488372093,income,3987
Middle (2-4x),0.47721822541966424,income,3987
Near poverty (1-2x),0.5369318181818182,income,3987
Mexican American,0.48,race,3988
Non-Hispanic Asian,0.30864197530864196,race,3988
Non-Hispanic Black,0.5465116279069767,race,3988
Non-Hispanic White,0.5269016697588126,race,3988
Other Hispanic,0.5492957746478874,race,3988
Other Race - Including Multi-Racial,0.6666666666666666,race,3988
Above 4x poverty line,0.2733333333333333,income,3988
Below poverty line,0.6140845070422535,income,3988
Middle (2-4x),0.4786096256684492,income,3988
Near poverty (1-2x),0.5643564356435643,income,3988
Mexican American,0.48,race,3989
Non-Hispanic Asian,0.2716049382716049,race,3989
Non-Hispanic Black,0.5193798449612403,race,3989
Non-Hispanic White,0.536178107606679,race,3989
Other Hispanic,0.6197183098591549,race,3989
Other Race - Including Multi-Racial,0.5873015873015873,race,3989
Above 4x poverty line,0.3333333333333333,income,3989
Below poverty line,0.5616045845272206,income,3989
Middle (2-4x),0.48509485094850946,income,3989
Near poverty (1-2x),0.59,income,3989
Mexican American,0.47,race,3990
Non-Hispanic Asian,0.30864197530864196,race,3990
Non-Hispanic Black,0.5736434108527132,race,3990
Non-Hispanic White,0.5343228200371057,race,3990
Other Hispanic,0.5422535211267606,race,3990
Other Race - Including Multi-Racial,0.5714285714285714,race,3990
Above 4x poverty line,0.2948717948717949,income,3990
Below poverty line,0.6057971014492753,income,3990
Middle (2-4x),0.48825065274151436,income,3990
Near poverty (1-2x),0.5664160401002506,income,3990
Mexican American,0.435,race,3991
Non-Hispanic Asian,0.37037037037037035,race,3991
Non-Hispanic Black,0.5542635658914729,race,3991
Non-Hispanic White,0.5417439703153989,race,3991
Other Hispanic,0.5211267605633803,race,3991
Other Race - Including Multi-Racial,0.6031746031746031,race,3991
Above 4x poverty line,0.3148148148148148,income,3991
Below poverty line,0.5493827160493827,income,3991
Middle (2-4x),0.48120300751879697,income,3991
Near poverty (1-2x),0.6105527638190955,income,3991
Mexican American,0.52,race,3992
Non-Hispanic Asian,0.41975308641975306,race,3992
Non-Hispanic Black,0.5387596899224806,race,3992
Non-Hispanic White,0.5194805194805194,race,3992
Other Hispanic,0.5352112676056338,race,3992
Other Race - Including Multi-Racial,0.5555555555555556,race,3992
Above 4x poverty line,0.37037037037037035,income,3992
Below poverty line,0.5734072022160664,income,3992
Middle (2-4x),0.4852216748768473,income,3992
Near poverty (1-2x),0.576271186440678,income,3992
Mexican American,0.405,race,3993
Non-Hispanic Asian,0.37037037037037035,race,3993
Non-Hispanic Black,0.5310077519379846,race,3993
Non-Hispanic White,0.5584415584415584,race,3993
Other Hispanic,0.5352112676056338,race,3993
Other Race - Including Multi-Racial,0.5079365079365079,race,3993
Above 4x poverty line,0.2795031055900621,income,3993
Below poverty line,0.5852272727272727,income,3993
Middle (2-4x),0.4836272040302267,income,3993
Near poverty (1-2x),0.5737265415549598,income,3993
Mexican American,0.46,race,3994
Non-Hispanic Asian,0.38271604938271603,race,3994
Non-Hispanic Black,0.5581395348837209,race,3994
Non-Hispanic White,0.562152133580705,race,3994
Other Hispanic,0.5211267605633803,race,3994
Other Race - Including Multi-Racial,0.6507936507936508,race,3994
Above 4x poverty line,0.36904761904761907,income,3994
Below poverty line,0.6280487804878049,income,3994
Middle (2-4x),0.48293963254593175,income,3994
Near poverty (1-2x),0.5738916256157636,income,3994
Mexican American,0.43,race,3995
Non-Hispanic Asian,0.30864197530864196,race,3995
Non-Hispanic Black,0.5193798449612403,race,3995
Non-Hispanic White,0.5306122448979592,race,3995
Other Hispanic,0.5633802816901409,race,3995
Other Race - Including Multi-Racial,0.49206349206349204,race,3995
Above 4x poverty line,0.3475609756097561,income,3995
Below poverty line,0.5830815709969789,income,3995
Middle (2-4x),0.4788732394366197,income,3995
Near poverty (1-2x),0.5193370165745856,income,3995
Mexican American,0.495,race,3996
Non-Hispanic Asian,0.2962962962962963,race,3996
Non-Hispanic Black,0.4573643410852713,race,3996
Non-Hispanic White,0.536178107606679,race,3996
Other Hispanic,0.528169014084507,race,3996
Other Race - Including Multi-Racial,0.47619047619047616,race,3996
Above 4x poverty line,0.3493150684931507,income,3996
Below poverty line,0.5495750708215298,income,3996
Middle (2-4x),0.4650602409638554,income,3996
Near poverty (1-2x),0.5338753387533876,income,3996
Mexican American,0.42,race,3997
Non-Hispanic Asian,0.3333333333333333,race,3997
Non-Hispanic Black,0.5155038759689923,race,3997
Non-Hispanic White,0.549165120593692,race,3997
Other Hispanic,0.5,race,3997
Other Race - Including Multi-Racial,0.47619047619047616,race,3997
Above 4x poverty line,0.348993288590604,income,3997
Below poverty line,0.5758426966292135,income,3997
Middle (2-4x),0.4444444444444444,income,3997
Near poverty (1-2x),0.5421994884910486,income,3997
Mexican American,0.515,race,3998
Non-Hispanic Asian,0.35802469135802467,race,3998
Non-Hispanic Black,0.5,race,3998
Non-Hispanic White,0.5398886827458256,race,3998
Other Hispanic,0.5352112676056338,race,3998
Other Race - Including Multi-Racial,0.6031746031746031,race,3998
Above 4x poverty line,0.3836477987421384,income,3998
Below poverty line,0.5842696629213483,income,3998
Middle (2-4x),0.4727272727272727,income,3998
Near poverty (1-2x),0.5613577023498695,income,3998
Mexican American,0.43,race,3999
Non-Hispanic Asian,0.30864197530864196,race,3999
Non-Hispanic Black,0.5348837209302325,race,3999
Non-Hispanic White,0.5602968460111317,race,3999
Other Hispanic,0.6056338028169014,race,3999
Other Race - Including Multi-Racial,0.6031746031746031,race,3999
Above 4x poverty line,0.33116883116883117,income,3999
Below poverty line,0.6296296296296297,income,3999
Middle (2-4x),0.47668393782383417,income,3999
Near poverty (1-2x),0.5586734693877551,income,3999
Mexican American,0.475,race,4000
Non-Hispanic Asian,0.4444444444444444,race,4000
Non-Hispanic Black,0.6046511627906976,race,4000
Non-Hispanic White,0.549165120593692,race,4000
Other Hispanic,0.5704225352112676,race,4000
Other Race - Including Multi-Racial,0.6031746031746031,race,4000
Above 4x poverty line,0.3184713375796178,income,4000
Below poverty line,0.6608695652173913,income,4000
Middle (2-4x),0.4846153846153846,income,4000
Near poverty (1-2x),0.6010230179028133,income,4000
